<<<<<<< HEAD
=======
[2026-03-27 21:26:22] [INFO] [Main] Driver Monitoring System starting
[2026-03-27 21:26:22] [INFO] [Main] FaceMap 3DMM landmark detector loaded
[2026-03-27 21:26:22] [INFO] [VideoCapture] Opening video source: data/in_video.mp4 ...
[2026-03-27 21:26:22] [INFO] [VideoCapture] Source opened successfully: data/in_video.mp4
[2026-03-27 21:26:22] [INFO] [Main] Capture loop started. Press 'q' to quit.
[2026-03-27 21:26:22] [INFO] [Main] Saving output to output.mp4
[2026-03-27 21:26:23] [WARNING] [Main] FPS dropped below requirement: 0.00
[2026-03-27 21:26:23] [WARNING] [Main] FPS dropped below requirement: 4.16
[2026-03-27 21:26:23] [WARNING] [Main] FPS dropped below requirement: 4.78
[2026-03-27 21:26:23] [WARNING] [Main] FPS dropped below requirement: 5.05
[2026-03-27 21:26:24] [WARNING] [Main] FPS dropped below requirement: 4.80
[2026-03-27 21:26:24] [WARNING] [Main] FPS dropped below requirement: 4.38
[2026-03-27 21:26:24] [WARNING] [Main] FPS dropped below requirement: 4.09
[2026-03-27 21:26:25] [WARNING] [Main] FPS dropped below requirement: 3.85
[2026-03-27 21:26:25] [WARNING] [Main] FPS dropped below requirement: 3.88
[2026-03-27 21:26:25] [WARNING] [Main] FPS dropped below requirement: 3.98
[2026-03-27 21:26:25] [WARNING] [Main] FPS dropped below requirement: 3.87
[2026-03-27 21:26:26] [WARNING] [Main] FPS dropped below requirement: 3.72
[2026-03-27 21:26:26] [WARNING] [Main] FPS dropped below requirement: 3.82
[2026-03-27 21:26:26] [WARNING] [Main] FPS dropped below requirement: 3.95
[2026-03-27 21:26:26] [WARNING] [Main] FPS dropped below requirement: 4.09
[2026-03-27 21:26:26] [WARNING] [Main] FPS dropped below requirement: 4.19
[2026-03-27 21:26:26] [WARNING] [Main] FPS dropped below requirement: 4.28
[2026-03-27 21:26:27] [WARNING] [Main] FPS dropped below requirement: 4.35
[2026-03-27 21:26:27] [WARNING] [Main] FPS dropped below requirement: 4.44
[2026-03-27 21:26:27] [WARNING] [Main] FPS dropped below requirement: 4.51
[2026-03-27 21:26:27] [WARNING] [Main] FPS dropped below requirement: 4.53
[2026-03-27 21:26:27] [WARNING] [Main] FPS dropped below requirement: 4.51
[2026-03-27 21:26:27] [WARNING] [Main] FPS dropped below requirement: 4.56
[2026-03-27 21:26:28] [WARNING] [Main] FPS dropped below requirement: 4.60
[2026-03-27 21:26:28] [WARNING] [Main] FPS dropped below requirement: 4.63
[2026-03-27 21:26:28] [WARNING] [Main] FPS dropped below requirement: 4.66
[2026-03-27 21:26:28] [WARNING] [Main] FPS dropped below requirement: 4.68
[2026-03-27 21:26:28] [WARNING] [Main] FPS dropped below requirement: 4.70
[2026-03-27 21:26:29] [WARNING] [Main] FPS dropped below requirement: 4.72
[2026-03-27 21:26:29] [WARNING] [Main] FPS dropped below requirement: 4.74
[2026-03-27 21:26:29] [WARNING] [Main] FPS dropped below requirement: 4.78
[2026-03-27 21:26:29] [WARNING] [Main] FPS dropped below requirement: 4.77
[2026-03-27 21:26:29] [WARNING] [Main] FPS dropped below requirement: 4.76
[2026-03-27 21:26:30] [WARNING] [Main] FPS dropped below requirement: 4.80
[2026-03-27 21:26:30] [WARNING] [Main] FPS dropped below requirement: 4.90
[2026-03-27 21:26:30] [WARNING] [Main] FPS dropped below requirement: 5.02
[2026-03-27 21:26:30] [WARNING] [Main] FPS dropped below requirement: 5.17
[2026-03-27 21:26:30] [WARNING] [Main] FPS dropped below requirement: 5.21
[2026-03-27 21:26:30] [WARNING] [Main] FPS dropped below requirement: 5.23
[2026-03-27 21:26:31] [WARNING] [Main] FPS dropped below requirement: 5.40
[2026-03-27 21:26:31] [WARNING] [Main] FPS dropped below requirement: 5.59
[2026-03-27 21:26:31] [WARNING] [Main] FPS dropped below requirement: 5.59
[2026-03-27 21:26:31] [WARNING] [Main] FPS dropped below requirement: 5.55
[2026-03-27 21:26:31] [WARNING] [Main] FPS dropped below requirement: 5.49
[2026-03-27 21:26:32] [WARNING] [Main] FPS dropped below requirement: 5.45
[2026-03-27 21:26:32] [WARNING] [Main] FPS dropped below requirement: 5.41
[2026-03-27 21:26:32] [WARNING] [Main] FPS dropped below requirement: 5.39
[2026-03-27 21:26:32] [WARNING] [Main] FPS dropped below requirement: 5.35
[2026-03-27 21:26:32] [WARNING] [Main] FPS dropped below requirement: 5.32
[2026-03-27 21:26:33] [WARNING] [Main] FPS dropped below requirement: 5.33
[2026-03-27 21:26:33] [WARNING] [Main] FPS dropped below requirement: 5.37
[2026-03-27 21:26:33] [WARNING] [Main] FPS dropped below requirement: 5.36
[2026-03-27 21:26:33] [WARNING] [Main] FPS dropped below requirement: 5.35
[2026-03-27 21:26:33] [WARNING] [Main] FPS dropped below requirement: 5.34
[2026-03-27 21:26:33] [WARNING] [Main] FPS dropped below requirement: 5.33
[2026-03-27 21:26:34] [WARNING] [Main] FPS dropped below requirement: 5.32
[2026-03-27 21:26:34] [WARNING] [Main] FPS dropped below requirement: 5.32
[2026-03-27 21:26:34] [WARNING] [Main] FPS dropped below requirement: 5.32
[2026-03-27 21:26:34] [WARNING] [Main] FPS dropped below requirement: 5.32
[2026-03-27 21:26:34] [WARNING] [Main] FPS dropped below requirement: 5.32
[2026-03-27 21:26:35] [WARNING] [Main] FPS dropped below requirement: 5.32
[2026-03-27 21:26:35] [WARNING] [Main] FPS dropped below requirement: 5.32
[2026-03-27 21:26:35] [WARNING] [Main] FPS dropped below requirement: 5.31
[2026-03-27 21:26:35] [WARNING] [Main] FPS dropped below requirement: 5.31
[2026-03-27 21:26:35] [WARNING] [Main] FPS dropped below requirement: 5.31
[2026-03-27 21:26:36] [WARNING] [Main] FPS dropped below requirement: 5.29
[2026-03-27 21:26:36] [WARNING] [Main] FPS dropped below requirement: 5.30
[2026-03-27 21:26:36] [WARNING] [Main] FPS dropped below requirement: 5.30
[2026-03-27 21:26:36] [WARNING] [Main] FPS dropped below requirement: 5.25
[2026-03-27 21:26:36] [WARNING] [Main] FPS dropped below requirement: 5.25
[2026-03-27 21:26:37] [WARNING] [Main] FPS dropped below requirement: 5.25
[2026-03-27 21:26:37] [WARNING] [Main] FPS dropped below requirement: 5.24
[2026-03-27 21:26:37] [WARNING] [Main] FPS dropped below requirement: 5.24
[2026-03-27 21:26:37] [WARNING] [Main] FPS dropped below requirement: 5.23
[2026-03-27 21:26:37] [WARNING] [Main] FPS dropped below requirement: 5.24
[2026-03-27 21:26:37] [WARNING] [Main] FPS dropped below requirement: 5.24
[2026-03-27 21:26:38] [WARNING] [Main] FPS dropped below requirement: 5.24
[2026-03-27 21:26:38] [WARNING] [Main] FPS dropped below requirement: 5.25
[2026-03-27 21:26:38] [WARNING] [Main] FPS dropped below requirement: 5.25
[2026-03-27 21:26:38] [WARNING] [Main] FPS dropped below requirement: 5.26
[2026-03-27 21:26:38] [WARNING] [Main] FPS dropped below requirement: 5.26
[2026-03-27 21:26:39] [WARNING] [Main] FPS dropped below requirement: 5.26
[2026-03-27 21:26:39] [WARNING] [Main] FPS dropped below requirement: 5.27
[2026-03-27 21:26:39] [WARNING] [Main] FPS dropped below requirement: 5.28
[2026-03-27 21:26:39] [WARNING] [Main] FPS dropped below requirement: 5.28
[2026-03-27 21:26:39] [WARNING] [Main] FPS dropped below requirement: 5.29
[2026-03-27 21:26:40] [WARNING] [Main] FPS dropped below requirement: 5.29
[2026-03-27 21:26:40] [WARNING] [Main] FPS dropped below requirement: 5.29
[2026-03-27 21:26:40] [WARNING] [Main] FPS dropped below requirement: 5.29
[2026-03-27 21:26:40] [WARNING] [Main] FPS dropped below requirement: 5.29
[2026-03-27 21:26:40] [WARNING] [Main] FPS dropped below requirement: 5.30
[2026-03-27 21:26:40] [WARNING] [Main] FPS dropped below requirement: 5.30
[2026-03-27 21:26:41] [WARNING] [Main] FPS dropped below requirement: 5.30
[2026-03-27 21:26:41] [WARNING] [Main] FPS dropped below requirement: 5.29
[2026-03-27 21:26:41] [WARNING] [Main] FPS dropped below requirement: 5.32
[2026-03-27 21:26:41] [WARNING] [Main] FPS dropped below requirement: 5.31
[2026-03-27 21:26:41] [WARNING] [Main] FPS dropped below requirement: 5.32
[2026-03-27 21:26:42] [WARNING] [Main] FPS dropped below requirement: 5.33
[2026-03-27 21:26:42] [WARNING] [Main] FPS dropped below requirement: 5.34
[2026-03-27 21:26:42] [WARNING] [Main] FPS dropped below requirement: 5.34
[2026-03-27 21:26:42] [WARNING] [Main] FPS dropped below requirement: 5.33
[2026-03-27 21:26:42] [WARNING] [Main] FPS dropped below requirement: 5.33
[2026-03-27 21:26:43] [WARNING] [Main] FPS dropped below requirement: 5.34
[2026-03-27 21:26:43] [WARNING] [Main] FPS dropped below requirement: 5.35
[2026-03-27 21:26:43] [WARNING] [Main] FPS dropped below requirement: 5.35
[2026-03-27 21:26:43] [WARNING] [Main] FPS dropped below requirement: 5.35
[2026-03-27 21:26:43] [WARNING] [Main] FPS dropped below requirement: 5.35
[2026-03-27 21:26:43] [WARNING] [Main] FPS dropped below requirement: 5.35
[2026-03-27 21:26:44] [WARNING] [Main] FPS dropped below requirement: 5.35
[2026-03-27 21:26:44] [WARNING] [Main] FPS dropped below requirement: 5.34
[2026-03-27 21:26:44] [WARNING] [Main] FPS dropped below requirement: 5.34
[2026-03-27 21:26:44] [WARNING] [Main] FPS dropped below requirement: 5.33
[2026-03-27 21:26:44] [WARNING] [Main] FPS dropped below requirement: 5.33
[2026-03-27 21:26:45] [WARNING] [Main] FPS dropped below requirement: 5.33
[2026-03-27 21:26:45] [WARNING] [Main] FPS dropped below requirement: 5.33
[2026-03-27 21:26:45] [WARNING] [Main] FPS dropped below requirement: 5.33
[2026-03-27 21:26:45] [WARNING] [Main] FPS dropped below requirement: 5.33
[2026-03-27 21:26:45] [WARNING] [Main] FPS dropped below requirement: 5.33
[2026-03-27 21:26:46] [WARNING] [Main] FPS dropped below requirement: 5.33
[2026-03-27 21:26:46] [WARNING] [Main] FPS dropped below requirement: 5.33
[2026-03-27 21:26:46] [WARNING] [Main] FPS dropped below requirement: 5.33
[2026-03-27 21:26:46] [WARNING] [Main] FPS dropped below requirement: 5.32
[2026-03-27 21:26:46] [WARNING] [Main] FPS dropped below requirement: 5.33
[2026-03-27 21:26:46] [WARNING] [Main] FPS dropped below requirement: 5.32
[2026-03-27 21:26:47] [WARNING] [Main] FPS dropped below requirement: 5.31
[2026-03-27 21:26:47] [WARNING] [Main] FPS dropped below requirement: 5.35
[2026-03-27 21:26:47] [WARNING] [Main] FPS dropped below requirement: 5.39
[2026-03-27 21:26:47] [WARNING] [Main] FPS dropped below requirement: 5.44
[2026-03-27 21:26:47] [WARNING] [Main] FPS dropped below requirement: 5.51
[2026-03-27 21:26:47] [WARNING] [Main] FPS dropped below requirement: 5.51
[2026-03-27 21:26:48] [WARNING] [Main] FPS dropped below requirement: 5.50
[2026-03-27 21:26:48] [WARNING] [Main] FPS dropped below requirement: 5.49
[2026-03-27 21:26:48] [WARNING] [Main] FPS dropped below requirement: 5.49
[2026-03-27 21:26:48] [WARNING] [Main] FPS dropped below requirement: 5.48
[2026-03-27 21:26:48] [WARNING] [Main] FPS dropped below requirement: 5.48
[2026-03-27 21:26:49] [WARNING] [Main] FPS dropped below requirement: 5.48
[2026-03-27 21:26:49] [WARNING] [Main] FPS dropped below requirement: 5.48
[2026-03-27 21:26:49] [WARNING] [Main] FPS dropped below requirement: 5.47
[2026-03-27 21:26:49] [WARNING] [Main] FPS dropped below requirement: 5.47
[2026-03-27 21:26:49] [WARNING] [Main] FPS dropped below requirement: 5.48
[2026-03-27 21:26:50] [WARNING] [Main] FPS dropped below requirement: 5.48
[2026-03-27 21:26:50] [WARNING] [Main] FPS dropped below requirement: 5.48
[2026-03-27 21:26:50] [WARNING] [Main] FPS dropped below requirement: 5.48
[2026-03-27 21:26:50] [WARNING] [Main] FPS dropped below requirement: 5.48
[2026-03-27 21:26:50] [WARNING] [Main] FPS dropped below requirement: 5.49
[2026-03-27 21:26:50] [WARNING] [Main] FPS dropped below requirement: 5.49
[2026-03-27 21:26:51] [WARNING] [Main] FPS dropped below requirement: 5.49
[2026-03-27 21:26:51] [WARNING] [Main] FPS dropped below requirement: 5.49
[2026-03-27 21:26:51] [WARNING] [Main] FPS dropped below requirement: 5.49
[2026-03-27 21:26:51] [WARNING] [Main] FPS dropped below requirement: 5.50
[2026-03-27 21:26:51] [WARNING] [Main] FPS dropped below requirement: 5.49
[2026-03-27 21:26:52] [WARNING] [Main] FPS dropped below requirement: 5.49
[2026-03-27 21:26:52] [WARNING] [Main] FPS dropped below requirement: 5.49
[2026-03-27 21:26:52] [WARNING] [Main] FPS dropped below requirement: 5.51
[2026-03-27 21:26:52] [WARNING] [Main] FPS dropped below requirement: 5.47
[2026-03-27 21:26:52] [WARNING] [Main] FPS dropped below requirement: 5.42
[2026-03-27 21:26:52] [WARNING] [Main] FPS dropped below requirement: 5.36
[2026-03-27 21:26:53] [WARNING] [Main] FPS dropped below requirement: 5.31
[2026-03-27 21:26:53] [WARNING] [Main] FPS dropped below requirement: 5.31
[2026-03-27 21:26:53] [WARNING] [Main] FPS dropped below requirement: 5.33
[2026-03-27 21:26:53] [WARNING] [Main] FPS dropped below requirement: 5.34
[2026-03-27 21:26:53] [WARNING] [Main] FPS dropped below requirement: 5.35
[2026-03-27 21:26:54] [WARNING] [Main] FPS dropped below requirement: 5.35
[2026-03-27 21:26:54] [WARNING] [Main] FPS dropped below requirement: 5.35
[2026-03-27 21:26:54] [WARNING] [Main] FPS dropped below requirement: 5.36
[2026-03-27 21:26:54] [WARNING] [Main] FPS dropped below requirement: 5.36
[2026-03-27 21:26:54] [WARNING] [Main] FPS dropped below requirement: 5.36
[2026-03-27 21:26:55] [WARNING] [Main] FPS dropped below requirement: 5.36
[2026-03-27 21:26:55] [WARNING] [Main] FPS dropped below requirement: 5.36
[2026-03-27 21:26:55] [WARNING] [Main] FPS dropped below requirement: 5.36
[2026-03-27 21:26:55] [WARNING] [Main] FPS dropped below requirement: 5.36
[2026-03-27 21:26:55] [WARNING] [Main] FPS dropped below requirement: 5.35
[2026-03-27 21:26:55] [WARNING] [Main] FPS dropped below requirement: 5.35
[2026-03-27 21:26:56] [WARNING] [Main] FPS dropped below requirement: 5.35
[2026-03-27 21:26:56] [WARNING] [Main] FPS dropped below requirement: 5.33
[2026-03-27 21:26:56] [WARNING] [Main] FPS dropped below requirement: 5.33
[2026-03-27 21:26:56] [WARNING] [Main] FPS dropped below requirement: 5.32
[2026-03-27 21:26:56] [WARNING] [Main] FPS dropped below requirement: 5.32
[2026-03-27 21:26:57] [WARNING] [Main] FPS dropped below requirement: 5.31
[2026-03-27 21:26:57] [WARNING] [Main] FPS dropped below requirement: 5.37
[2026-03-27 21:26:57] [WARNING] [Main] FPS dropped below requirement: 5.43
[2026-03-27 21:26:57] [WARNING] [Main] FPS dropped below requirement: 5.49
[2026-03-27 21:26:57] [WARNING] [Main] FPS dropped below requirement: 5.55
[2026-03-27 21:26:57] [WARNING] [Main] FPS dropped below requirement: 5.54
[2026-03-27 21:26:58] [WARNING] [Main] FPS dropped below requirement: 5.53
[2026-03-27 21:26:58] [WARNING] [Main] FPS dropped below requirement: 5.53
[2026-03-27 21:26:58] [WARNING] [Main] FPS dropped below requirement: 5.52
[2026-03-27 21:26:58] [WARNING] [Main] FPS dropped below requirement: 5.51
[2026-03-27 21:26:58] [WARNING] [Main] FPS dropped below requirement: 5.50
[2026-03-27 21:26:59] [WARNING] [Main] FPS dropped below requirement: 5.52
[2026-03-27 21:26:59] [WARNING] [Main] FPS dropped below requirement: 5.47
[2026-03-27 21:26:59] [WARNING] [Main] FPS dropped below requirement: 5.52
[2026-03-27 21:26:59] [WARNING] [Main] FPS dropped below requirement: 5.52
[2026-03-27 21:26:59] [WARNING] [Main] FPS dropped below requirement: 5.51
[2026-03-27 21:26:59] [WARNING] [Main] FPS dropped below requirement: 5.50
[2026-03-27 21:27:00] [WARNING] [Main] FPS dropped below requirement: 5.50
[2026-03-27 21:27:00] [WARNING] [Main] FPS dropped below requirement: 5.50
[2026-03-27 21:27:00] [INFO] [Main] Output saved to output.mp4
[2026-03-27 21:27:00] [INFO] [VideoCapture] Camera released.
[2026-03-27 21:27:00] [INFO] [Main] System shutdown
[2026-03-27 21:32:14] [INFO] [Main] Driver Monitoring System starting
[2026-03-27 21:32:14] [INFO] [Main] FaceMap 3DMM landmark detector loaded
[2026-03-27 21:32:14] [INFO] [VideoCapture] Opening video source: data/in_video.mp4 ...
[2026-03-27 21:32:14] [INFO] [VideoCapture] Source opened successfully: data/in_video.mp4
[2026-03-27 21:32:14] [INFO] [Main] Capture loop started. Press 'q' to quit.
[2026-03-27 21:32:14] [INFO] [Main] Saving output to output.mp4
[2026-03-27 21:32:14] [INFO] [Main] Output saved to output.mp4
[2026-03-27 21:32:14] [INFO] [VideoCapture] Camera released.
[2026-03-27 21:32:14] [INFO] [Main] System shutdown
[2026-03-27 21:32:28] [INFO] [Main] Driver Monitoring System starting
[2026-03-27 21:32:29] [INFO] [Main] FaceMap 3DMM landmark detector loaded
[2026-03-27 21:32:29] [INFO] [VideoCapture] Opening video source: data/in_video.mp4 ...
[2026-03-27 21:32:29] [INFO] [VideoCapture] Source opened successfully: data/in_video.mp4
[2026-03-27 21:32:29] [INFO] [Main] Capture loop started. Press 'q' to quit.
[2026-03-27 21:32:29] [INFO] [Main] Saving output to output.mp4
[2026-03-27 21:32:29] [WARNING] [Main] FPS dropped below requirement: 0.00
[2026-03-27 21:32:29] [WARNING] [Main] FPS dropped below requirement: 4.60
[2026-03-27 21:32:29] [WARNING] [Main] FPS dropped below requirement: 4.85
[2026-03-27 21:32:29] [WARNING] [Main] FPS dropped below requirement: 5.23
[2026-03-27 21:32:29] [WARNING] [Main] FPS dropped below requirement: 5.24
[2026-03-27 21:32:30] [WARNING] [Main] FPS dropped below requirement: 5.24
[2026-03-27 21:32:30] [WARNING] [Main] FPS dropped below requirement: 5.24
[2026-03-27 21:32:30] [WARNING] [Main] FPS dropped below requirement: 5.25
[2026-03-27 21:32:30] [WARNING] [Main] FPS dropped below requirement: 5.30
[2026-03-27 21:32:30] [WARNING] [Main] FPS dropped below requirement: 5.31
[2026-03-27 21:32:31] [WARNING] [Main] FPS dropped below requirement: 5.31
[2026-03-27 21:32:31] [WARNING] [Main] FPS dropped below requirement: 5.36
[2026-03-27 21:32:31] [WARNING] [Main] FPS dropped below requirement: 5.38
[2026-03-27 21:32:31] [WARNING] [Main] FPS dropped below requirement: 5.38
[2026-03-27 21:32:31] [WARNING] [Main] FPS dropped below requirement: 5.37
[2026-03-27 21:32:31] [WARNING] [Main] FPS dropped below requirement: 5.37
[2026-03-27 21:32:32] [WARNING] [Main] FPS dropped below requirement: 5.39
[2026-03-27 21:32:32] [WARNING] [Main] FPS dropped below requirement: 5.41
[2026-03-27 21:32:32] [WARNING] [Main] FPS dropped below requirement: 5.41
[2026-03-27 21:32:32] [WARNING] [Main] FPS dropped below requirement: 5.40
[2026-03-27 21:32:32] [WARNING] [Main] FPS dropped below requirement: 5.40
[2026-03-27 21:32:33] [WARNING] [Main] FPS dropped below requirement: 5.40
[2026-03-27 21:32:33] [WARNING] [Main] FPS dropped below requirement: 5.40
[2026-03-27 21:32:33] [WARNING] [Main] FPS dropped below requirement: 5.39
[2026-03-27 21:32:33] [WARNING] [Main] FPS dropped below requirement: 5.39
[2026-03-27 21:32:33] [WARNING] [Main] FPS dropped below requirement: 5.39
[2026-03-27 21:32:34] [WARNING] [Main] FPS dropped below requirement: 5.40
[2026-03-27 21:32:34] [WARNING] [Main] FPS dropped below requirement: 5.40
[2026-03-27 21:32:34] [WARNING] [Main] FPS dropped below requirement: 5.40
[2026-03-27 21:32:34] [WARNING] [Main] FPS dropped below requirement: 5.40
[2026-03-27 21:32:34] [WARNING] [Main] FPS dropped below requirement: 5.45
[2026-03-27 21:32:34] [WARNING] [Main] FPS dropped below requirement: 5.46
[2026-03-27 21:32:35] [WARNING] [Main] FPS dropped below requirement: 5.45
[2026-03-27 21:32:35] [WARNING] [Main] FPS dropped below requirement: 5.45
[2026-03-27 21:32:35] [WARNING] [Main] FPS dropped below requirement: 5.46
[2026-03-27 21:32:35] [WARNING] [Main] FPS dropped below requirement: 5.47
[2026-03-27 21:32:35] [WARNING] [Main] FPS dropped below requirement: 5.47
[2026-03-27 21:32:36] [WARNING] [Main] FPS dropped below requirement: 5.46
[2026-03-27 21:32:36] [WARNING] [Main] FPS dropped below requirement: 5.48
[2026-03-27 21:32:36] [WARNING] [Main] FPS dropped below requirement: 5.48
[2026-03-27 21:32:36] [WARNING] [Main] FPS dropped below requirement: 5.46
[2026-03-27 21:32:36] [WARNING] [Main] FPS dropped below requirement: 5.47
[2026-03-27 21:32:36] [WARNING] [Main] FPS dropped below requirement: 5.49
[2026-03-27 21:32:37] [WARNING] [Main] FPS dropped below requirement: 5.50
[2026-03-27 21:32:37] [WARNING] [Main] FPS dropped below requirement: 5.51
[2026-03-27 21:32:37] [WARNING] [Main] FPS dropped below requirement: 5.50
[2026-03-27 21:32:37] [WARNING] [Main] FPS dropped below requirement: 5.49
[2026-03-27 21:32:37] [WARNING] [Main] FPS dropped below requirement: 5.51
[2026-03-27 21:32:37] [WARNING] [Main] FPS dropped below requirement: 5.52
[2026-03-27 21:32:38] [WARNING] [Main] FPS dropped below requirement: 5.53
[2026-03-27 21:32:38] [WARNING] [Main] FPS dropped below requirement: 5.53
[2026-03-27 21:32:38] [WARNING] [Main] FPS dropped below requirement: 5.53
[2026-03-27 21:32:39] [WARNING] [Main] FPS dropped below requirement: 5.51
[2026-03-27 21:32:39] [WARNING] [Main] FPS dropped below requirement: 5.19
[2026-03-27 21:32:39] [WARNING] [Main] FPS dropped below requirement: 5.09
[2026-03-27 21:32:39] [WARNING] [Main] FPS dropped below requirement: 4.96
[2026-03-27 21:32:40] [WARNING] [Main] FPS dropped below requirement: 4.86
[2026-03-27 21:32:40] [WARNING] [Main] FPS dropped below requirement: 4.80
[2026-03-27 21:32:40] [WARNING] [Main] FPS dropped below requirement: 4.79
[2026-03-27 21:32:40] [WARNING] [Main] FPS dropped below requirement: 4.76
[2026-03-27 21:32:41] [WARNING] [Main] FPS dropped below requirement: 4.68
[2026-03-27 21:32:41] [WARNING] [Main] FPS dropped below requirement: 4.58
[2026-03-27 21:32:41] [WARNING] [Main] FPS dropped below requirement: 4.54
[2026-03-27 21:32:42] [WARNING] [Main] FPS dropped below requirement: 4.45
[2026-03-27 21:32:42] [WARNING] [Main] FPS dropped below requirement: 4.42
[2026-03-27 21:32:42] [WARNING] [Main] FPS dropped below requirement: 4.40
[2026-03-27 21:32:42] [WARNING] [Main] FPS dropped below requirement: 4.30
[2026-03-27 21:32:43] [WARNING] [Main] FPS dropped below requirement: 4.23
[2026-03-27 21:32:43] [WARNING] [Main] FPS dropped below requirement: 4.17
[2026-03-27 21:32:43] [WARNING] [Main] FPS dropped below requirement: 4.06
[2026-03-27 21:32:43] [WARNING] [Main] FPS dropped below requirement: 4.05
[2026-03-27 21:32:44] [WARNING] [Main] FPS dropped below requirement: 4.04
[2026-03-27 21:32:44] [WARNING] [Main] FPS dropped below requirement: 4.04
[2026-03-27 21:32:44] [WARNING] [Main] FPS dropped below requirement: 4.04
[2026-03-27 21:32:44] [WARNING] [Main] FPS dropped below requirement: 4.03
[2026-03-27 21:32:44] [WARNING] [Main] FPS dropped below requirement: 4.03
[2026-03-27 21:32:45] [WARNING] [Main] FPS dropped below requirement: 4.01
[2026-03-27 21:32:45] [WARNING] [Main] FPS dropped below requirement: 4.01
[2026-03-27 21:32:45] [WARNING] [Main] FPS dropped below requirement: 4.00
[2026-03-27 21:32:45] [WARNING] [Main] FPS dropped below requirement: 4.00
[2026-03-27 21:32:45] [WARNING] [Main] FPS dropped below requirement: 4.00
[2026-03-27 21:32:46] [WARNING] [Main] FPS dropped below requirement: 3.99
[2026-03-27 21:32:46] [WARNING] [Main] FPS dropped below requirement: 4.04
[2026-03-27 21:32:46] [WARNING] [Main] FPS dropped below requirement: 4.10
[2026-03-27 21:32:46] [WARNING] [Main] FPS dropped below requirement: 4.19
[2026-03-27 21:32:47] [WARNING] [Main] FPS dropped below requirement: 4.26
[2026-03-27 21:32:47] [WARNING] [Main] FPS dropped below requirement: 4.28
[2026-03-27 21:32:47] [WARNING] [Main] FPS dropped below requirement: 4.29
[2026-03-27 21:32:47] [WARNING] [Main] FPS dropped below requirement: 4.30
[2026-03-27 21:32:47] [WARNING] [Main] FPS dropped below requirement: 4.37
[2026-03-27 21:32:47] [WARNING] [Main] FPS dropped below requirement: 4.46
[2026-03-27 21:32:48] [WARNING] [Main] FPS dropped below requirement: 4.51
[2026-03-27 21:32:48] [WARNING] [Main] FPS dropped below requirement: 4.60
[2026-03-27 21:32:48] [WARNING] [Main] FPS dropped below requirement: 4.58
[2026-03-27 21:32:48] [WARNING] [Main] FPS dropped below requirement: 4.61
[2026-03-27 21:32:48] [WARNING] [Main] FPS dropped below requirement: 4.73
[2026-03-27 21:32:49] [WARNING] [Main] FPS dropped below requirement: 4.81
[2026-03-27 21:32:49] [WARNING] [Main] FPS dropped below requirement: 4.91
[2026-03-27 21:32:49] [WARNING] [Main] FPS dropped below requirement: 5.05
[2026-03-27 21:32:49] [WARNING] [Main] FPS dropped below requirement: 5.04
[2026-03-27 21:32:49] [WARNING] [Main] FPS dropped below requirement: 5.06
[2026-03-27 21:32:49] [WARNING] [Main] FPS dropped below requirement: 5.08
[2026-03-27 21:32:50] [WARNING] [Main] FPS dropped below requirement: 5.08
[2026-03-27 21:32:50] [WARNING] [Main] FPS dropped below requirement: 5.10
[2026-03-27 21:32:50] [WARNING] [Main] FPS dropped below requirement: 5.09
[2026-03-27 21:32:50] [WARNING] [Main] FPS dropped below requirement: 5.09
[2026-03-27 21:32:50] [WARNING] [Main] FPS dropped below requirement: 5.12
[2026-03-27 21:32:51] [WARNING] [Main] FPS dropped below requirement: 5.13
[2026-03-27 21:32:51] [WARNING] [Main] FPS dropped below requirement: 5.13
[2026-03-27 21:32:51] [WARNING] [Main] FPS dropped below requirement: 5.13
[2026-03-27 21:32:51] [WARNING] [Main] FPS dropped below requirement: 5.16
[2026-03-27 21:32:51] [WARNING] [Main] FPS dropped below requirement: 5.37
[2026-03-27 21:32:52] [WARNING] [Main] FPS dropped below requirement: 5.35
[2026-03-27 21:32:52] [WARNING] [Main] FPS dropped below requirement: 5.34
[2026-03-27 21:32:52] [WARNING] [Main] FPS dropped below requirement: 5.33
[2026-03-27 21:32:52] [WARNING] [Main] FPS dropped below requirement: 5.36
[2026-03-27 21:32:52] [WARNING] [Main] FPS dropped below requirement: 5.32
[2026-03-27 21:32:53] [WARNING] [Main] FPS dropped below requirement: 5.34
[2026-03-27 21:32:53] [WARNING] [Main] FPS dropped below requirement: 5.31
[2026-03-27 21:32:53] [WARNING] [Main] FPS dropped below requirement: 5.33
[2026-03-27 21:32:53] [WARNING] [Main] FPS dropped below requirement: 5.32
[2026-03-27 21:32:53] [WARNING] [Main] FPS dropped below requirement: 5.30
[2026-03-27 21:32:53] [WARNING] [Main] FPS dropped below requirement: 5.36
[2026-03-27 21:32:54] [WARNING] [Main] FPS dropped below requirement: 5.36
[2026-03-27 21:32:54] [WARNING] [Main] FPS dropped below requirement: 5.36
[2026-03-27 21:32:54] [WARNING] [Main] FPS dropped below requirement: 5.34
[2026-03-27 21:32:54] [WARNING] [Main] FPS dropped below requirement: 5.31
[2026-03-27 21:32:54] [WARNING] [Main] FPS dropped below requirement: 5.37
[2026-03-27 21:32:54] [WARNING] [Main] FPS dropped below requirement: 5.43
[2026-03-27 21:32:55] [WARNING] [Main] FPS dropped below requirement: 5.43
[2026-03-27 21:32:55] [WARNING] [Main] FPS dropped below requirement: 5.43
[2026-03-27 21:32:55] [WARNING] [Main] FPS dropped below requirement: 5.44
[2026-03-27 21:32:55] [WARNING] [Main] FPS dropped below requirement: 5.45
[2026-03-27 21:32:55] [WARNING] [Main] FPS dropped below requirement: 5.42
[2026-03-27 21:32:56] [WARNING] [Main] FPS dropped below requirement: 5.42
[2026-03-27 21:32:56] [WARNING] [Main] FPS dropped below requirement: 5.37
[2026-03-27 21:32:56] [WARNING] [Main] FPS dropped below requirement: 5.34
[2026-03-27 21:32:56] [WARNING] [Main] FPS dropped below requirement: 5.31
[2026-03-27 21:32:56] [WARNING] [Main] FPS dropped below requirement: 5.29
[2026-03-27 21:32:57] [WARNING] [Main] FPS dropped below requirement: 5.26
[2026-03-27 21:32:57] [WARNING] [Main] FPS dropped below requirement: 5.28
[2026-03-27 21:32:57] [WARNING] [Main] FPS dropped below requirement: 5.28
[2026-03-27 21:32:57] [WARNING] [Main] FPS dropped below requirement: 5.26
[2026-03-27 21:32:58] [WARNING] [Main] FPS dropped below requirement: 5.26
[2026-03-27 21:32:58] [WARNING] [Main] FPS dropped below requirement: 5.21
[2026-03-27 21:32:58] [WARNING] [Main] FPS dropped below requirement: 5.24
[2026-03-27 21:32:58] [WARNING] [Main] FPS dropped below requirement: 5.25
[2026-03-27 21:32:58] [WARNING] [Main] FPS dropped below requirement: 5.27
[2026-03-27 21:32:59] [WARNING] [Main] FPS dropped below requirement: 5.26
[2026-03-27 21:32:59] [WARNING] [Main] FPS dropped below requirement: 5.07
[2026-03-27 21:32:59] [WARNING] [Main] FPS dropped below requirement: 5.04
[2026-03-27 21:32:59] [WARNING] [Main] FPS dropped below requirement: 5.03
[2026-03-27 21:32:59] [WARNING] [Main] FPS dropped below requirement: 4.97
[2026-03-27 21:33:00] [WARNING] [Main] FPS dropped below requirement: 4.95
[2026-03-27 21:33:00] [WARNING] [Main] FPS dropped below requirement: 4.90
[2026-03-27 21:33:00] [WARNING] [Main] FPS dropped below requirement: 4.81
[2026-03-27 21:33:00] [WARNING] [Main] FPS dropped below requirement: 4.78
[2026-03-27 21:33:01] [WARNING] [Main] FPS dropped below requirement: 4.70
[2026-03-27 21:33:01] [WARNING] [Main] FPS dropped below requirement: 4.68
[2026-03-27 21:33:01] [WARNING] [Main] FPS dropped below requirement: 4.68
[2026-03-27 21:33:01] [WARNING] [Main] FPS dropped below requirement: 4.68
[2026-03-27 21:33:01] [WARNING] [Main] FPS dropped below requirement: 4.68
[2026-03-27 21:33:02] [WARNING] [Main] FPS dropped below requirement: 4.64
[2026-03-27 21:33:02] [WARNING] [Main] FPS dropped below requirement: 4.65
[2026-03-27 21:33:02] [WARNING] [Main] FPS dropped below requirement: 4.66
[2026-03-27 21:33:02] [WARNING] [Main] FPS dropped below requirement: 4.70
[2026-03-27 21:33:02] [WARNING] [Main] FPS dropped below requirement: 4.74
[2026-03-27 21:33:02] [WARNING] [Main] FPS dropped below requirement: 4.77
[2026-03-27 21:33:03] [WARNING] [Main] FPS dropped below requirement: 4.81
[2026-03-27 21:33:03] [WARNING] [Main] FPS dropped below requirement: 4.76
[2026-03-27 21:33:03] [WARNING] [Main] FPS dropped below requirement: 4.80
[2026-03-27 21:33:04] [WARNING] [Main] FPS dropped below requirement: 4.62
[2026-03-27 21:33:04] [WARNING] [Main] FPS dropped below requirement: 4.61
[2026-03-27 21:33:04] [WARNING] [Main] FPS dropped below requirement: 4.64
[2026-03-27 21:33:04] [WARNING] [Main] FPS dropped below requirement: 4.63
[2026-03-27 21:33:04] [WARNING] [Main] FPS dropped below requirement: 4.63
[2026-03-27 21:33:04] [WARNING] [Main] FPS dropped below requirement: 4.64
[2026-03-27 21:33:05] [WARNING] [Main] FPS dropped below requirement: 4.65
[2026-03-27 21:33:05] [WARNING] [Main] FPS dropped below requirement: 4.82
[2026-03-27 21:33:05] [WARNING] [Main] FPS dropped below requirement: 4.90
[2026-03-27 21:33:05] [WARNING] [Main] FPS dropped below requirement: 4.96
[2026-03-27 21:33:05] [WARNING] [Main] FPS dropped below requirement: 5.04
[2026-03-27 21:33:05] [WARNING] [Main] FPS dropped below requirement: 5.12
[2026-03-27 21:33:06] [WARNING] [Main] FPS dropped below requirement: 5.15
[2026-03-27 21:33:06] [WARNING] [Main] FPS dropped below requirement: 5.28
[2026-03-27 21:33:06] [WARNING] [Main] FPS dropped below requirement: 5.32
[2026-03-27 21:33:06] [WARNING] [Main] FPS dropped below requirement: 5.36
[2026-03-27 21:33:06] [WARNING] [Main] FPS dropped below requirement: 5.36
[2026-03-27 21:33:06] [WARNING] [Main] FPS dropped below requirement: 5.34
[2026-03-27 21:33:07] [WARNING] [Main] FPS dropped below requirement: 5.38
[2026-03-27 21:33:07] [WARNING] [Main] FPS dropped below requirement: 5.41
[2026-03-27 21:33:07] [WARNING] [Main] FPS dropped below requirement: 5.54
[2026-03-27 21:33:07] [WARNING] [Main] FPS dropped below requirement: 5.57
[2026-03-27 21:33:07] [WARNING] [Main] FPS dropped below requirement: 5.60
[2026-03-27 21:33:07] [WARNING] [Main] FPS dropped below requirement: 5.59
[2026-03-27 21:33:07] [WARNING] [Main] FPS dropped below requirement: 5.61
[2026-03-27 21:33:08] [WARNING] [Main] FPS dropped below requirement: 5.63
[2026-03-27 21:33:08] [WARNING] [Main] FPS dropped below requirement: 5.61
[2026-03-27 21:33:08] [WARNING] [Main] FPS dropped below requirement: 5.64
[2026-03-27 21:33:08] [WARNING] [Main] FPS dropped below requirement: 5.60
[2026-03-27 21:33:09] [WARNING] [Main] FPS dropped below requirement: 5.81
[2026-03-27 21:33:09] [WARNING] [Main] FPS dropped below requirement: 5.84
[2026-03-27 21:33:09] [WARNING] [Main] FPS dropped below requirement: 5.79
[2026-03-27 21:33:09] [WARNING] [Main] FPS dropped below requirement: 5.72
[2026-03-27 21:33:10] [WARNING] [Main] FPS dropped below requirement: 5.67
[2026-03-27 21:33:10] [WARNING] [Main] FPS dropped below requirement: 5.55
[2026-03-27 21:33:10] [WARNING] [Main] FPS dropped below requirement: 5.55
[2026-03-27 21:33:10] [WARNING] [Main] FPS dropped below requirement: 5.53
[2026-03-27 21:33:10] [WARNING] [Main] FPS dropped below requirement: 5.46
[2026-03-27 21:33:10] [WARNING] [Main] FPS dropped below requirement: 5.39
[2026-03-27 21:33:11] [WARNING] [Main] FPS dropped below requirement: 5.36
[2026-03-27 21:33:11] [WARNING] [Main] FPS dropped below requirement: 5.26
[2026-03-27 21:33:11] [WARNING] [Main] FPS dropped below requirement: 5.29
[2026-03-27 21:33:11] [WARNING] [Main] FPS dropped below requirement: 5.28
[2026-03-27 21:33:11] [WARNING] [Main] FPS dropped below requirement: 5.25
[2026-03-27 21:33:12] [WARNING] [Main] FPS dropped below requirement: 5.27
[2026-03-27 21:33:12] [WARNING] [Main] FPS dropped below requirement: 5.24
[2026-03-27 21:33:12] [WARNING] [Main] FPS dropped below requirement: 5.23
[2026-03-27 21:33:12] [WARNING] [Main] FPS dropped below requirement: 5.17
[2026-03-27 21:33:12] [WARNING] [Main] FPS dropped below requirement: 5.13
[2026-03-27 21:33:13] [WARNING] [Main] FPS dropped below requirement: 5.09
[2026-03-27 21:33:13] [WARNING] [Main] FPS dropped below requirement: 5.06
[2026-03-27 21:33:13] [WARNING] [Main] FPS dropped below requirement: 5.02
[2026-03-27 21:33:13] [WARNING] [Main] FPS dropped below requirement: 4.99
[2026-03-27 21:33:13] [WARNING] [Main] FPS dropped below requirement: 4.95
[2026-03-27 21:33:14] [WARNING] [Main] FPS dropped below requirement: 4.87
[2026-03-27 21:33:14] [WARNING] [Main] FPS dropped below requirement: 4.88
[2026-03-27 21:33:14] [WARNING] [Main] FPS dropped below requirement: 4.89
[2026-03-27 21:33:14] [WARNING] [Main] FPS dropped below requirement: 4.89
[2026-03-27 21:33:14] [WARNING] [Main] FPS dropped below requirement: 4.94
[2026-03-27 21:33:15] [WARNING] [Main] FPS dropped below requirement: 4.94
[2026-03-27 21:33:15] [WARNING] [Main] FPS dropped below requirement: 4.97
[2026-03-27 21:33:15] [INFO] [Main] Output saved to output.mp4
[2026-03-27 21:33:15] [INFO] [VideoCapture] Camera released.
[2026-03-27 21:33:15] [INFO] [Main] System shutdown
[2026-03-27 21:33:35] [INFO] [Main] Driver Monitoring System starting
[2026-03-27 21:33:35] [INFO] [Main] FaceMap 3DMM landmark detector loaded
[2026-03-27 21:33:35] [INFO] [VideoCapture] Opening video source: data/in_video.mp4 ...
[2026-03-27 21:33:35] [INFO] [VideoCapture] Source opened successfully: data/in_video.mp4
[2026-03-27 21:33:35] [INFO] [Main] Capture loop started. Press 'q' to quit.
[2026-03-27 21:33:35] [INFO] [Main] Saving output to output.mp4
[2026-03-27 21:33:36] [WARNING] [Main] FPS dropped below requirement: 0.00
[2026-03-27 21:33:36] [WARNING] [Main] FPS dropped below requirement: 4.33
[2026-03-27 21:33:36] [WARNING] [Main] FPS dropped below requirement: 4.86
[2026-03-27 21:33:36] [WARNING] [Main] FPS dropped below requirement: 4.95
[2026-03-27 21:33:36] [WARNING] [Main] FPS dropped below requirement: 4.98
[2026-03-27 21:33:36] [WARNING] [Main] FPS dropped below requirement: 5.02
[2026-03-27 21:33:37] [WARNING] [Main] FPS dropped below requirement: 5.06
[2026-03-27 21:33:37] [WARNING] [Main] FPS dropped below requirement: 5.10
[2026-03-27 21:33:37] [WARNING] [Main] FPS dropped below requirement: 5.13
[2026-03-27 21:33:37] [WARNING] [Main] FPS dropped below requirement: 5.15
[2026-03-27 21:33:37] [WARNING] [Main] FPS dropped below requirement: 5.18
[2026-03-27 21:33:38] [WARNING] [Main] FPS dropped below requirement: 5.19
[2026-03-27 21:33:38] [WARNING] [Main] FPS dropped below requirement: 5.19
[2026-03-27 21:33:38] [WARNING] [Main] FPS dropped below requirement: 5.20
[2026-03-27 21:33:38] [WARNING] [Main] FPS dropped below requirement: 5.20
[2026-03-27 21:33:38] [WARNING] [Main] FPS dropped below requirement: 5.20
[2026-03-27 21:33:39] [WARNING] [Main] FPS dropped below requirement: 5.20
[2026-03-27 21:33:39] [WARNING] [Main] FPS dropped below requirement: 5.20
[2026-03-27 21:33:39] [WARNING] [Main] FPS dropped below requirement: 5.21
[2026-03-27 21:33:39] [WARNING] [Main] FPS dropped below requirement: 5.21
[2026-03-27 21:33:39] [WARNING] [Main] FPS dropped below requirement: 5.23
[2026-03-27 21:33:39] [WARNING] [Main] FPS dropped below requirement: 5.23
[2026-03-27 21:33:40] [WARNING] [Main] FPS dropped below requirement: 5.25
[2026-03-27 21:33:40] [WARNING] [Main] FPS dropped below requirement: 5.24
[2026-03-27 21:33:40] [WARNING] [Main] FPS dropped below requirement: 5.24
[2026-03-27 21:33:40] [WARNING] [Main] FPS dropped below requirement: 5.23
[2026-03-27 21:33:40] [WARNING] [Main] FPS dropped below requirement: 5.22
[2026-03-27 21:33:41] [WARNING] [Main] FPS dropped below requirement: 5.23
[2026-03-27 21:33:41] [WARNING] [Main] FPS dropped below requirement: 5.23
[2026-03-27 21:33:41] [WARNING] [Main] FPS dropped below requirement: 5.23
[2026-03-27 21:33:41] [WARNING] [Main] FPS dropped below requirement: 5.27
[2026-03-27 21:33:41] [WARNING] [Main] FPS dropped below requirement: 5.26
[2026-03-27 21:33:42] [WARNING] [Main] FPS dropped below requirement: 5.28
[2026-03-27 21:33:42] [WARNING] [Main] FPS dropped below requirement: 5.28
[2026-03-27 21:33:42] [WARNING] [Main] FPS dropped below requirement: 5.31
[2026-03-27 21:33:42] [WARNING] [Main] FPS dropped below requirement: 5.31
[2026-03-27 21:33:42] [WARNING] [Main] FPS dropped below requirement: 5.30
[2026-03-27 21:33:42] [WARNING] [Main] FPS dropped below requirement: 5.32
[2026-03-27 21:33:43] [WARNING] [Main] FPS dropped below requirement: 5.32
[2026-03-27 21:33:43] [WARNING] [Main] FPS dropped below requirement: 5.34
[2026-03-27 21:33:43] [WARNING] [Main] FPS dropped below requirement: 5.35
[2026-03-27 21:33:43] [WARNING] [Main] FPS dropped below requirement: 5.36
[2026-03-27 21:33:43] [WARNING] [Main] FPS dropped below requirement: 5.38
[2026-03-27 21:33:44] [WARNING] [Main] FPS dropped below requirement: 5.39
[2026-03-27 21:33:44] [WARNING] [Main] FPS dropped below requirement: 5.39
[2026-03-27 21:33:44] [WARNING] [Main] FPS dropped below requirement: 5.40
[2026-03-27 21:33:44] [WARNING] [Main] FPS dropped below requirement: 5.40
[2026-03-27 21:33:44] [WARNING] [Main] FPS dropped below requirement: 5.39
[2026-03-27 21:33:45] [WARNING] [Main] FPS dropped below requirement: 5.40
[2026-03-27 21:33:45] [WARNING] [Main] FPS dropped below requirement: 5.38
[2026-03-27 21:33:45] [WARNING] [Main] FPS dropped below requirement: 5.41
[2026-03-27 21:33:45] [WARNING] [Main] FPS dropped below requirement: 5.40
[2026-03-27 21:33:45] [WARNING] [Main] FPS dropped below requirement: 5.40
[2026-03-27 21:33:45] [WARNING] [Main] FPS dropped below requirement: 5.41
[2026-03-27 21:33:46] [WARNING] [Main] FPS dropped below requirement: 5.42
[2026-03-27 21:33:46] [WARNING] [Main] FPS dropped below requirement: 5.46
[2026-03-27 21:33:46] [WARNING] [Main] FPS dropped below requirement: 5.45
[2026-03-27 21:33:46] [WARNING] [Main] FPS dropped below requirement: 5.45
[2026-03-27 21:33:46] [WARNING] [Main] FPS dropped below requirement: 5.45
[2026-03-27 21:33:47] [WARNING] [Main] FPS dropped below requirement: 5.47
[2026-03-27 21:33:47] [WARNING] [Main] FPS dropped below requirement: 5.47
[2026-03-27 21:33:47] [WARNING] [Main] FPS dropped below requirement: 5.45
[2026-03-27 21:33:47] [WARNING] [Main] FPS dropped below requirement: 5.45
[2026-03-27 21:33:47] [WARNING] [Main] FPS dropped below requirement: 5.44
[2026-03-27 21:33:47] [WARNING] [Main] FPS dropped below requirement: 5.43
[2026-03-27 21:33:48] [WARNING] [Main] FPS dropped below requirement: 5.44
[2026-03-27 21:33:48] [WARNING] [Main] FPS dropped below requirement: 5.43
[2026-03-27 21:33:48] [WARNING] [Main] FPS dropped below requirement: 5.42
[2026-03-27 21:33:48] [WARNING] [Main] FPS dropped below requirement: 5.39
[2026-03-27 21:33:48] [WARNING] [Main] FPS dropped below requirement: 5.38
[2026-03-27 21:33:49] [WARNING] [Main] FPS dropped below requirement: 5.43
[2026-03-27 21:33:49] [WARNING] [Main] FPS dropped below requirement: 5.40
[2026-03-27 21:33:49] [WARNING] [Main] FPS dropped below requirement: 5.40
[2026-03-27 21:33:49] [WARNING] [Main] FPS dropped below requirement: 5.40
[2026-03-27 21:33:49] [WARNING] [Main] FPS dropped below requirement: 5.40
[2026-03-27 21:33:50] [WARNING] [Main] FPS dropped below requirement: 5.40
[2026-03-27 21:33:50] [WARNING] [Main] FPS dropped below requirement: 5.38
[2026-03-27 21:33:50] [WARNING] [Main] FPS dropped below requirement: 5.28
[2026-03-27 21:33:50] [WARNING] [Main] FPS dropped below requirement: 5.23
[2026-03-27 21:33:51] [WARNING] [Main] FPS dropped below requirement: 5.04
[2026-03-27 21:33:51] [WARNING] [Main] FPS dropped below requirement: 4.92
[2026-03-27 21:33:51] [WARNING] [Main] FPS dropped below requirement: 4.91
[2026-03-27 21:33:51] [WARNING] [Main] FPS dropped below requirement: 4.91
[2026-03-27 21:33:52] [WARNING] [Main] FPS dropped below requirement: 4.84
[2026-03-27 21:33:52] [WARNING] [Main] FPS dropped below requirement: 4.82
[2026-03-27 21:33:52] [WARNING] [Main] FPS dropped below requirement: 4.81
[2026-03-27 21:33:52] [WARNING] [Main] FPS dropped below requirement: 4.80
[2026-03-27 21:33:52] [WARNING] [Main] FPS dropped below requirement: 4.80
[2026-03-27 21:33:53] [WARNING] [Main] FPS dropped below requirement: 4.80
[2026-03-27 21:33:53] [WARNING] [Main] FPS dropped below requirement: 4.80
[2026-03-27 21:33:53] [WARNING] [Main] FPS dropped below requirement: 4.80
[2026-03-27 21:33:53] [WARNING] [Main] FPS dropped below requirement: 4.80
[2026-03-27 21:33:53] [WARNING] [Main] FPS dropped below requirement: 4.79
[2026-03-27 21:33:54] [WARNING] [Main] FPS dropped below requirement: 4.81
[2026-03-27 21:33:54] [WARNING] [Main] FPS dropped below requirement: 4.81
[2026-03-27 21:33:54] [WARNING] [Main] FPS dropped below requirement: 4.83
[2026-03-27 21:33:54] [INFO] [Main] Output saved to output.mp4
[2026-03-27 21:33:54] [INFO] [VideoCapture] Camera released.
[2026-03-27 21:33:54] [INFO] [Main] System shutdown
[2026-03-27 21:36:35] [INFO] [Main] Driver Monitoring System starting
[2026-03-27 21:36:36] [INFO] [Main] FaceMap 3DMM landmark detector loaded
[2026-03-27 21:36:36] [INFO] [VideoCapture] Opening video source: data/in_video.mp4 ...
[2026-03-27 21:36:36] [INFO] [VideoCapture] Source opened successfully: data/in_video.mp4
[2026-03-27 21:36:36] [INFO] [Main] Capture loop started. Press 'q' to quit.
[2026-03-27 21:36:36] [INFO] [Main] Saving output to output.mp4
[2026-03-27 21:36:36] [WARNING] [Main] FPS dropped below requirement: 0.00
[2026-03-27 21:36:36] [WARNING] [Main] FPS dropped below requirement: 4.20
[2026-03-27 21:36:36] [WARNING] [Main] FPS dropped below requirement: 4.61
[2026-03-27 21:36:36] [WARNING] [Main] FPS dropped below requirement: 4.81
[2026-03-27 21:36:37] [WARNING] [Main] FPS dropped below requirement: 5.01
[2026-03-27 21:36:37] [WARNING] [Main] FPS dropped below requirement: 5.05
[2026-03-27 21:36:37] [WARNING] [Main] FPS dropped below requirement: 5.18
[2026-03-27 21:36:37] [WARNING] [Main] FPS dropped below requirement: 5.27
[2026-03-27 21:36:37] [WARNING] [Main] FPS dropped below requirement: 5.28
[2026-03-27 21:36:37] [WARNING] [Main] FPS dropped below requirement: 5.27
[2026-03-27 21:36:38] [WARNING] [Main] FPS dropped below requirement: 5.27
[2026-03-27 21:36:38] [WARNING] [Main] FPS dropped below requirement: 5.29
[2026-03-27 21:36:38] [WARNING] [Main] FPS dropped below requirement: 5.29
[2026-03-27 21:36:38] [WARNING] [Main] FPS dropped below requirement: 5.28
[2026-03-27 21:36:38] [WARNING] [Main] FPS dropped below requirement: 5.29
[2026-03-27 21:36:39] [WARNING] [Main] FPS dropped below requirement: 5.28
[2026-03-27 21:36:39] [WARNING] [Main] FPS dropped below requirement: 5.28
[2026-03-27 21:36:39] [WARNING] [Main] FPS dropped below requirement: 5.28
[2026-03-27 21:36:39] [WARNING] [Main] FPS dropped below requirement: 5.29
[2026-03-27 21:36:39] [WARNING] [Main] FPS dropped below requirement: 5.29
[2026-03-27 21:36:40] [WARNING] [Main] FPS dropped below requirement: 5.30
[2026-03-27 21:36:40] [WARNING] [Main] FPS dropped below requirement: 5.30
[2026-03-27 21:36:40] [WARNING] [Main] FPS dropped below requirement: 5.30
[2026-03-27 21:36:40] [WARNING] [Main] FPS dropped below requirement: 5.30
[2026-03-27 21:36:40] [WARNING] [Main] FPS dropped below requirement: 5.30
[2026-03-27 21:36:40] [WARNING] [Main] FPS dropped below requirement: 5.30
[2026-03-27 21:36:41] [WARNING] [Main] FPS dropped below requirement: 5.30
[2026-03-27 21:36:41] [WARNING] [Main] FPS dropped below requirement: 5.30
[2026-03-27 21:36:41] [WARNING] [Main] FPS dropped below requirement: 5.30
[2026-03-27 21:36:41] [WARNING] [Main] FPS dropped below requirement: 5.31
[2026-03-27 21:36:41] [WARNING] [Main] FPS dropped below requirement: 5.37
[2026-03-27 21:36:42] [WARNING] [Main] FPS dropped below requirement: 5.37
[2026-03-27 21:36:42] [WARNING] [Main] FPS dropped below requirement: 5.38
[2026-03-27 21:36:42] [WARNING] [Main] FPS dropped below requirement: 5.37
[2026-03-27 21:36:42] [WARNING] [Main] FPS dropped below requirement: 5.37
[2026-03-27 21:36:42] [WARNING] [Main] FPS dropped below requirement: 5.35
[2026-03-27 21:36:42] [WARNING] [Main] FPS dropped below requirement: 5.34
[2026-03-27 21:36:43] [WARNING] [Main] FPS dropped below requirement: 5.34
[2026-03-27 21:36:43] [WARNING] [Main] FPS dropped below requirement: 5.34
[2026-03-27 21:36:43] [WARNING] [Main] FPS dropped below requirement: 5.34
[2026-03-27 21:36:43] [WARNING] [Main] FPS dropped below requirement: 5.34
[2026-03-27 21:36:43] [WARNING] [Main] FPS dropped below requirement: 5.33
[2026-03-27 21:36:44] [WARNING] [Main] FPS dropped below requirement: 5.35
[2026-03-27 21:36:44] [WARNING] [Main] FPS dropped below requirement: 5.34
[2026-03-27 21:36:44] [WARNING] [Main] FPS dropped below requirement: 5.35
[2026-03-27 21:36:44] [WARNING] [Main] FPS dropped below requirement: 5.35
[2026-03-27 21:36:44] [WARNING] [Main] FPS dropped below requirement: 5.37
[2026-03-27 21:36:45] [WARNING] [Main] FPS dropped below requirement: 5.37
[2026-03-27 21:36:45] [WARNING] [Main] FPS dropped below requirement: 5.40
[2026-03-27 21:36:45] [WARNING] [Main] FPS dropped below requirement: 5.39
[2026-03-27 21:36:45] [WARNING] [Main] FPS dropped below requirement: 5.39
[2026-03-27 21:36:45] [WARNING] [Main] FPS dropped below requirement: 5.39
[2026-03-27 21:36:45] [WARNING] [Main] FPS dropped below requirement: 5.39
[2026-03-27 21:36:46] [WARNING] [Main] FPS dropped below requirement: 5.39
[2026-03-27 21:36:46] [WARNING] [Main] FPS dropped below requirement: 5.40
[2026-03-27 21:36:46] [WARNING] [Main] FPS dropped below requirement: 5.41
[2026-03-27 21:36:46] [WARNING] [Main] FPS dropped below requirement: 5.42
[2026-03-27 21:36:46] [WARNING] [Main] FPS dropped below requirement: 5.42
[2026-03-27 21:36:47] [WARNING] [Main] FPS dropped below requirement: 5.41
[2026-03-27 21:36:47] [WARNING] [Main] FPS dropped below requirement: 5.41
[2026-03-27 21:36:47] [WARNING] [Main] FPS dropped below requirement: 5.42
[2026-03-27 21:36:47] [WARNING] [Main] FPS dropped below requirement: 5.42
[2026-03-27 21:36:47] [WARNING] [Main] FPS dropped below requirement: 5.40
[2026-03-27 21:36:47] [WARNING] [Main] FPS dropped below requirement: 5.41
[2026-03-27 21:36:48] [WARNING] [Main] FPS dropped below requirement: 5.39
[2026-03-27 21:36:48] [WARNING] [Main] FPS dropped below requirement: 5.39
[2026-03-27 21:36:48] [WARNING] [Main] FPS dropped below requirement: 5.39
[2026-03-27 21:36:48] [WARNING] [Main] FPS dropped below requirement: 5.40
[2026-03-27 21:36:48] [WARNING] [Main] FPS dropped below requirement: 5.46
[2026-03-27 21:36:48] [WARNING] [Main] FPS dropped below requirement: 5.48
[2026-03-27 21:36:49] [WARNING] [Main] FPS dropped below requirement: 5.54
[2026-03-27 21:36:49] [WARNING] [Main] FPS dropped below requirement: 5.56
[2026-03-27 21:36:49] [WARNING] [Main] FPS dropped below requirement: 5.56
[2026-03-27 21:36:49] [WARNING] [Main] FPS dropped below requirement: 5.56
[2026-03-27 21:36:49] [WARNING] [Main] FPS dropped below requirement: 5.58
[2026-03-27 21:36:50] [WARNING] [Main] FPS dropped below requirement: 5.57
[2026-03-27 21:36:50] [WARNING] [Main] FPS dropped below requirement: 5.59
[2026-03-27 21:36:50] [WARNING] [Main] FPS dropped below requirement: 5.57
[2026-03-27 21:36:50] [WARNING] [Main] FPS dropped below requirement: 5.59
[2026-03-27 21:36:50] [WARNING] [Main] FPS dropped below requirement: 5.60
[2026-03-27 21:36:50] [WARNING] [Main] FPS dropped below requirement: 5.61
[2026-03-27 21:36:51] [WARNING] [Main] FPS dropped below requirement: 5.61
[2026-03-27 21:36:51] [WARNING] [Main] FPS dropped below requirement: 5.63
[2026-03-27 21:36:51] [WARNING] [Main] FPS dropped below requirement: 5.62
[2026-03-27 21:36:51] [WARNING] [Main] FPS dropped below requirement: 5.61
[2026-03-27 21:36:51] [WARNING] [Main] FPS dropped below requirement: 5.61
[2026-03-27 21:36:52] [WARNING] [Main] FPS dropped below requirement: 5.63
[2026-03-27 21:36:52] [WARNING] [Main] FPS dropped below requirement: 5.63
[2026-03-27 21:36:52] [WARNING] [Main] FPS dropped below requirement: 5.64
[2026-03-27 21:36:52] [WARNING] [Main] FPS dropped below requirement: 5.64
[2026-03-27 21:36:52] [WARNING] [Main] FPS dropped below requirement: 5.64
[2026-03-27 21:36:52] [WARNING] [Main] FPS dropped below requirement: 5.67
[2026-03-27 21:36:53] [WARNING] [Main] FPS dropped below requirement: 5.57
[2026-03-27 21:36:53] [WARNING] [Main] FPS dropped below requirement: 5.50
[2026-03-27 21:36:53] [WARNING] [Main] FPS dropped below requirement: 5.45
[2026-03-27 21:36:54] [WARNING] [Main] FPS dropped below requirement: 5.39
[2026-03-27 21:36:54] [WARNING] [Main] FPS dropped below requirement: 5.30
[2026-03-27 21:36:54] [WARNING] [Main] FPS dropped below requirement: 5.18
[2026-03-27 21:36:54] [WARNING] [Main] FPS dropped below requirement: 5.08
[2026-03-27 21:36:54] [WARNING] [Main] FPS dropped below requirement: 4.99
[2026-03-27 21:36:55] [WARNING] [Main] FPS dropped below requirement: 4.99
[2026-03-27 21:36:55] [WARNING] [Main] FPS dropped below requirement: 4.91
[2026-03-27 21:36:55] [WARNING] [Main] FPS dropped below requirement: 4.81
[2026-03-27 21:36:56] [WARNING] [Main] FPS dropped below requirement: 4.78
[2026-03-27 21:36:56] [WARNING] [Main] FPS dropped below requirement: 4.69
[2026-03-27 21:36:56] [WARNING] [Main] FPS dropped below requirement: 4.58
[2026-03-27 21:36:56] [WARNING] [Main] FPS dropped below requirement: 4.56
[2026-03-27 21:36:57] [WARNING] [Main] FPS dropped below requirement: 4.55
[2026-03-27 21:36:57] [WARNING] [Main] FPS dropped below requirement: 4.49
[2026-03-27 21:36:57] [WARNING] [Main] FPS dropped below requirement: 4.48
[2026-03-27 21:36:57] [WARNING] [Main] FPS dropped below requirement: 4.43
[2026-03-27 21:36:57] [WARNING] [Main] FPS dropped below requirement: 4.37
[2026-03-27 21:36:58] [WARNING] [Main] FPS dropped below requirement: 4.39
[2026-03-27 21:36:58] [WARNING] [Main] FPS dropped below requirement: 4.41
[2026-03-27 21:36:58] [WARNING] [Main] FPS dropped below requirement: 4.44
[2026-03-27 21:36:58] [WARNING] [Main] FPS dropped below requirement: 4.44
[2026-03-27 21:36:58] [WARNING] [Main] FPS dropped below requirement: 4.44
[2026-03-27 21:36:58] [WARNING] [Main] FPS dropped below requirement: 4.44
[2026-03-27 21:36:59] [WARNING] [Main] FPS dropped below requirement: 4.46
[2026-03-27 21:36:59] [WARNING] [Main] FPS dropped below requirement: 4.48
[2026-03-27 21:36:59] [WARNING] [Main] FPS dropped below requirement: 4.49
[2026-03-27 21:36:59] [WARNING] [Main] FPS dropped below requirement: 4.56
[2026-03-27 21:36:59] [WARNING] [Main] FPS dropped below requirement: 4.62
[2026-03-27 21:36:59] [WARNING] [Main] FPS dropped below requirement: 4.67
[2026-03-27 21:37:00] [WARNING] [Main] FPS dropped below requirement: 4.73
[2026-03-27 21:37:00] [WARNING] [Main] FPS dropped below requirement: 4.77
[2026-03-27 21:37:00] [WARNING] [Main] FPS dropped below requirement: 4.86
[2026-03-27 21:37:00] [WARNING] [Main] FPS dropped below requirement: 4.99
[2026-03-27 21:37:00] [WARNING] [Main] FPS dropped below requirement: 5.08
[2026-03-27 21:37:00] [WARNING] [Main] FPS dropped below requirement: 5.09
[2026-03-27 21:37:00] [WARNING] [Main] FPS dropped below requirement: 5.19
[2026-03-27 21:37:01] [WARNING] [Main] FPS dropped below requirement: 5.38
[2026-03-27 21:37:01] [WARNING] [Main] FPS dropped below requirement: 5.47
[2026-03-27 21:37:01] [WARNING] [Main] FPS dropped below requirement: 5.64
[2026-03-27 21:37:01] [WARNING] [Main] FPS dropped below requirement: 5.84
[2026-03-27 21:37:01] [WARNING] [Main] FPS dropped below requirement: 5.94
[2026-03-27 21:37:01] [WARNING] [Main] FPS dropped below requirement: 6.00
[2026-03-27 21:37:01] [WARNING] [Main] FPS dropped below requirement: 6.12
[2026-03-27 21:37:02] [WARNING] [Main] FPS dropped below requirement: 6.17
[2026-03-27 21:37:02] [WARNING] [Main] FPS dropped below requirement: 6.28
[2026-03-27 21:37:02] [WARNING] [Main] FPS dropped below requirement: 6.43
[2026-03-27 21:37:02] [WARNING] [Main] FPS dropped below requirement: 6.40
[2026-03-27 21:37:02] [WARNING] [Main] FPS dropped below requirement: 6.40
[2026-03-27 21:37:02] [WARNING] [Main] FPS dropped below requirement: 6.36
[2026-03-27 21:37:03] [WARNING] [Main] FPS dropped below requirement: 6.37
[2026-03-27 21:37:03] [WARNING] [Main] FPS dropped below requirement: 6.37
[2026-03-27 21:37:03] [WARNING] [Main] FPS dropped below requirement: 6.38
[2026-03-27 21:37:03] [WARNING] [Main] FPS dropped below requirement: 6.38
[2026-03-27 21:37:03] [WARNING] [Main] FPS dropped below requirement: 6.36
[2026-03-27 21:37:03] [WARNING] [Main] FPS dropped below requirement: 6.30
[2026-03-27 21:37:04] [WARNING] [Main] FPS dropped below requirement: 6.28
[2026-03-27 21:37:04] [WARNING] [Main] FPS dropped below requirement: 6.28
[2026-03-27 21:37:04] [WARNING] [Main] FPS dropped below requirement: 6.28
[2026-03-27 21:37:04] [WARNING] [Main] FPS dropped below requirement: 6.30
[2026-03-27 21:37:04] [WARNING] [Main] FPS dropped below requirement: 6.38
[2026-03-27 21:37:04] [INFO] [Main] Output saved to output.mp4
[2026-03-27 21:37:04] [INFO] [VideoCapture] Camera released.
[2026-03-27 21:37:04] [INFO] [Main] System shutdown
[2026-03-27 21:37:10] [INFO] [Main] Driver Monitoring System starting
[2026-03-27 21:37:10] [INFO] [Main] FaceMap 3DMM landmark detector loaded
[2026-03-27 21:37:10] [INFO] [VideoCapture] Opening video source: data/in_video.mp4 ...
[2026-03-27 21:37:10] [INFO] [VideoCapture] Source opened successfully: data/in_video.mp4
[2026-03-27 21:37:10] [INFO] [Main] Capture loop started. Press 'q' to quit.
[2026-03-27 21:37:10] [INFO] [Main] Saving output to output.mp4
[2026-03-27 21:37:10] [INFO] [Main] Output saved to output.mp4
[2026-03-27 21:37:10] [INFO] [VideoCapture] Camera released.
[2026-03-27 21:37:10] [INFO] [Main] System shutdown
[2026-03-27 21:37:44] [INFO] [Main] Driver Monitoring System starting
[2026-03-27 21:37:44] [INFO] [Main] FaceMap 3DMM landmark detector loaded
[2026-03-27 21:37:44] [INFO] [VideoCapture] Opening video source: data/in_video.mp4 ...
[2026-03-27 21:37:44] [INFO] [VideoCapture] Source opened successfully: data/in_video.mp4
[2026-03-27 21:37:44] [INFO] [Main] Capture loop started. Press 'q' to quit.
[2026-03-27 21:37:44] [INFO] [Main] Saving output to output.mp4
[2026-03-27 21:37:44] [WARNING] [Main] FPS dropped below requirement: 0.00
[2026-03-27 21:37:44] [WARNING] [Main] FPS dropped below requirement: 5.67
[2026-03-27 21:37:45] [WARNING] [Main] FPS dropped below requirement: 5.51
[2026-03-27 21:37:45] [WARNING] [Main] FPS dropped below requirement: 5.60
[2026-03-27 21:37:45] [WARNING] [Main] FPS dropped below requirement: 5.54
[2026-03-27 21:37:45] [WARNING] [Main] FPS dropped below requirement: 5.59
[2026-03-27 21:37:45] [WARNING] [Main] FPS dropped below requirement: 5.57
[2026-03-27 21:37:46] [WARNING] [Main] FPS dropped below requirement: 5.54
[2026-03-27 21:37:46] [WARNING] [Main] FPS dropped below requirement: 5.51
[2026-03-27 21:37:46] [WARNING] [Main] FPS dropped below requirement: 5.54
[2026-03-27 21:37:46] [WARNING] [Main] FPS dropped below requirement: 5.58
[2026-03-27 21:37:46] [WARNING] [Main] FPS dropped below requirement: 5.58
[2026-03-27 21:37:46] [WARNING] [Main] FPS dropped below requirement: 5.56
[2026-03-27 21:37:47] [WARNING] [Main] FPS dropped below requirement: 5.54
[2026-03-27 21:37:47] [WARNING] [Main] FPS dropped below requirement: 5.53
[2026-03-27 21:37:47] [WARNING] [Main] FPS dropped below requirement: 5.52
[2026-03-27 21:37:47] [WARNING] [Main] FPS dropped below requirement: 5.51
[2026-03-27 21:37:47] [WARNING] [Main] FPS dropped below requirement: 5.48
[2026-03-27 21:37:48] [WARNING] [Main] FPS dropped below requirement: 5.46
[2026-03-27 21:37:48] [WARNING] [Main] FPS dropped below requirement: 5.45
[2026-03-27 21:37:48] [WARNING] [Main] FPS dropped below requirement: 5.44
[2026-03-27 21:37:48] [WARNING] [Main] FPS dropped below requirement: 5.43
[2026-03-27 21:37:48] [WARNING] [Main] FPS dropped below requirement: 5.42
[2026-03-27 21:37:49] [WARNING] [Main] FPS dropped below requirement: 5.42
[2026-03-27 21:37:49] [WARNING] [Main] FPS dropped below requirement: 5.42
[2026-03-27 21:37:49] [WARNING] [Main] FPS dropped below requirement: 5.41
[2026-03-27 21:37:49] [WARNING] [Main] FPS dropped below requirement: 5.41
[2026-03-27 21:37:49] [WARNING] [Main] FPS dropped below requirement: 5.40
[2026-03-27 21:37:49] [WARNING] [Main] FPS dropped below requirement: 5.39
[2026-03-27 21:37:50] [WARNING] [Main] FPS dropped below requirement: 5.39
[2026-03-27 21:37:50] [WARNING] [Main] FPS dropped below requirement: 5.38
[2026-03-27 21:37:50] [WARNING] [Main] FPS dropped below requirement: 5.38
[2026-03-27 21:37:50] [WARNING] [Main] FPS dropped below requirement: 5.37
[2026-03-27 21:37:50] [WARNING] [Main] FPS dropped below requirement: 5.36
[2026-03-27 21:37:51] [WARNING] [Main] FPS dropped below requirement: 5.34
[2026-03-27 21:37:51] [WARNING] [Main] FPS dropped below requirement: 5.34
[2026-03-27 21:37:51] [WARNING] [Main] FPS dropped below requirement: 5.36
[2026-03-27 21:37:51] [WARNING] [Main] FPS dropped below requirement: 5.36
[2026-03-27 21:37:51] [WARNING] [Main] FPS dropped below requirement: 5.35
[2026-03-27 21:37:51] [WARNING] [Main] FPS dropped below requirement: 5.33
[2026-03-27 21:37:52] [WARNING] [Main] FPS dropped below requirement: 5.32
[2026-03-27 21:37:52] [WARNING] [Main] FPS dropped below requirement: 5.33
[2026-03-27 21:37:52] [WARNING] [Main] FPS dropped below requirement: 5.32
[2026-03-27 21:37:52] [WARNING] [Main] FPS dropped below requirement: 5.32
[2026-03-27 21:37:52] [WARNING] [Main] FPS dropped below requirement: 5.32
[2026-03-27 21:37:53] [WARNING] [Main] FPS dropped below requirement: 5.32
[2026-03-27 21:37:53] [WARNING] [Main] FPS dropped below requirement: 5.33
[2026-03-27 21:37:53] [WARNING] [Main] FPS dropped below requirement: 5.36
[2026-03-27 21:37:53] [WARNING] [Main] FPS dropped below requirement: 5.35
[2026-03-27 21:37:53] [WARNING] [Main] FPS dropped below requirement: 5.35
[2026-03-27 21:37:54] [WARNING] [Main] FPS dropped below requirement: 5.35
[2026-03-27 21:37:54] [WARNING] [Main] FPS dropped below requirement: 5.37
[2026-03-27 21:37:54] [WARNING] [Main] FPS dropped below requirement: 5.37
[2026-03-27 21:37:54] [WARNING] [Main] FPS dropped below requirement: 5.40
[2026-03-27 21:37:54] [WARNING] [Main] FPS dropped below requirement: 5.41
[2026-03-27 21:37:54] [WARNING] [Main] FPS dropped below requirement: 5.46
[2026-03-27 21:37:54] [WARNING] [Main] FPS dropped below requirement: 5.48
[2026-03-27 21:37:55] [WARNING] [Main] FPS dropped below requirement: 5.54
[2026-03-27 21:37:55] [WARNING] [Main] FPS dropped below requirement: 5.55
[2026-03-27 21:37:55] [WARNING] [Main] FPS dropped below requirement: 5.56
[2026-03-27 21:37:55] [WARNING] [Main] FPS dropped below requirement: 5.57
[2026-03-27 21:37:55] [WARNING] [Main] FPS dropped below requirement: 5.57
[2026-03-27 21:37:56] [WARNING] [Main] FPS dropped below requirement: 5.58
[2026-03-27 21:37:56] [WARNING] [Main] FPS dropped below requirement: 5.65
[2026-03-27 21:37:56] [WARNING] [Main] FPS dropped below requirement: 5.65
[2026-03-27 21:37:56] [WARNING] [Main] FPS dropped below requirement: 5.64
[2026-03-27 21:37:56] [WARNING] [Main] FPS dropped below requirement: 5.64
[2026-03-27 21:37:56] [WARNING] [Main] FPS dropped below requirement: 5.65
[2026-03-27 21:37:57] [WARNING] [Main] FPS dropped below requirement: 5.68
[2026-03-27 21:37:57] [WARNING] [Main] FPS dropped below requirement: 5.74
[2026-03-27 21:37:57] [WARNING] [Main] FPS dropped below requirement: 5.74
[2026-03-27 21:37:57] [WARNING] [Main] FPS dropped below requirement: 5.75
[2026-03-27 21:37:57] [WARNING] [Main] FPS dropped below requirement: 5.75
[2026-03-27 21:37:57] [WARNING] [Main] FPS dropped below requirement: 5.75
[2026-03-27 21:37:58] [WARNING] [Main] FPS dropped below requirement: 5.75
[2026-03-27 21:37:58] [WARNING] [Main] FPS dropped below requirement: 5.75
[2026-03-27 21:37:58] [WARNING] [Main] FPS dropped below requirement: 5.73
[2026-03-27 21:37:58] [WARNING] [Main] FPS dropped below requirement: 5.74
[2026-03-27 21:37:58] [WARNING] [Main] FPS dropped below requirement: 5.74
[2026-03-27 21:37:59] [WARNING] [Main] FPS dropped below requirement: 5.77
[2026-03-27 21:37:59] [WARNING] [Main] FPS dropped below requirement: 5.77
[2026-03-27 21:37:59] [WARNING] [Main] FPS dropped below requirement: 5.79
[2026-03-27 21:37:59] [WARNING] [Main] FPS dropped below requirement: 5.77
[2026-03-27 21:37:59] [WARNING] [Main] FPS dropped below requirement: 5.77
[2026-03-27 21:37:59] [WARNING] [Main] FPS dropped below requirement: 5.72
[2026-03-27 21:38:00] [WARNING] [Main] FPS dropped below requirement: 5.70
[2026-03-27 21:38:00] [WARNING] [Main] FPS dropped below requirement: 5.64
[2026-03-27 21:38:00] [WARNING] [Main] FPS dropped below requirement: 5.64
[2026-03-27 21:38:00] [WARNING] [Main] FPS dropped below requirement: 5.66
[2026-03-27 21:38:00] [WARNING] [Main] FPS dropped below requirement: 5.66
[2026-03-27 21:38:01] [WARNING] [Main] FPS dropped below requirement: 5.66
[2026-03-27 21:38:01] [WARNING] [Main] FPS dropped below requirement: 5.68
[2026-03-27 21:38:01] [WARNING] [Main] FPS dropped below requirement: 5.62
[2026-03-27 21:38:01] [WARNING] [Main] FPS dropped below requirement: 5.63
[2026-03-27 21:38:01] [WARNING] [Main] FPS dropped below requirement: 5.64
[2026-03-27 21:38:01] [WARNING] [Main] FPS dropped below requirement: 5.64
[2026-03-27 21:38:02] [WARNING] [Main] FPS dropped below requirement: 5.63
[2026-03-27 21:38:02] [WARNING] [Main] FPS dropped below requirement: 5.61
[2026-03-27 21:38:02] [WARNING] [Main] FPS dropped below requirement: 5.55
[2026-03-27 21:38:02] [WARNING] [Main] FPS dropped below requirement: 5.53
[2026-03-27 21:38:02] [WARNING] [Main] FPS dropped below requirement: 5.53
[2026-03-27 21:38:03] [WARNING] [Main] FPS dropped below requirement: 5.53
[2026-03-27 21:38:03] [WARNING] [Main] FPS dropped below requirement: 5.55
[2026-03-27 21:38:03] [WARNING] [Main] FPS dropped below requirement: 5.55
[2026-03-27 21:38:03] [WARNING] [Main] FPS dropped below requirement: 5.56
[2026-03-27 21:38:03] [WARNING] [Main] FPS dropped below requirement: 5.56
[2026-03-27 21:38:03] [WARNING] [Main] FPS dropped below requirement: 5.56
[2026-03-27 21:38:04] [WARNING] [Main] FPS dropped below requirement: 5.56
[2026-03-27 21:38:04] [WARNING] [Main] FPS dropped below requirement: 5.54
[2026-03-27 21:38:04] [WARNING] [Main] FPS dropped below requirement: 5.53
[2026-03-27 21:38:04] [WARNING] [Main] FPS dropped below requirement: 5.53
[2026-03-27 21:38:04] [WARNING] [Main] FPS dropped below requirement: 5.54
[2026-03-27 21:38:05] [WARNING] [Main] FPS dropped below requirement: 5.54
[2026-03-27 21:38:05] [WARNING] [Main] FPS dropped below requirement: 5.52
[2026-03-27 21:38:05] [WARNING] [Main] FPS dropped below requirement: 5.53
[2026-03-27 21:38:05] [WARNING] [Main] FPS dropped below requirement: 5.52
[2026-03-27 21:38:05] [WARNING] [Main] FPS dropped below requirement: 5.53
[2026-03-27 21:38:05] [WARNING] [Main] FPS dropped below requirement: 5.51
[2026-03-27 21:38:06] [WARNING] [Main] FPS dropped below requirement: 5.48
[2026-03-27 21:38:06] [WARNING] [Main] FPS dropped below requirement: 5.48
[2026-03-27 21:38:06] [WARNING] [Main] FPS dropped below requirement: 5.47
[2026-03-27 21:38:06] [WARNING] [Main] FPS dropped below requirement: 5.45
[2026-03-27 21:38:06] [WARNING] [Main] FPS dropped below requirement: 5.44
[2026-03-27 21:38:07] [WARNING] [Main] FPS dropped below requirement: 5.41
[2026-03-27 21:38:07] [WARNING] [Main] FPS dropped below requirement: 5.42
[2026-03-27 21:38:07] [WARNING] [Main] FPS dropped below requirement: 5.43
[2026-03-27 21:38:07] [WARNING] [Main] FPS dropped below requirement: 5.43
[2026-03-27 21:38:07] [WARNING] [Main] FPS dropped below requirement: 5.50
[2026-03-27 21:38:07] [WARNING] [Main] FPS dropped below requirement: 5.56
[2026-03-27 21:38:08] [WARNING] [Main] FPS dropped below requirement: 5.57
[2026-03-27 21:38:08] [WARNING] [Main] FPS dropped below requirement: 5.60
[2026-03-27 21:38:08] [WARNING] [Main] FPS dropped below requirement: 5.59
[2026-03-27 21:38:08] [WARNING] [Main] FPS dropped below requirement: 5.58
[2026-03-27 21:38:08] [WARNING] [Main] FPS dropped below requirement: 5.58
[2026-03-27 21:38:08] [WARNING] [Main] FPS dropped below requirement: 5.60
[2026-03-27 21:38:09] [WARNING] [Main] FPS dropped below requirement: 5.62
[2026-03-27 21:38:09] [WARNING] [Main] FPS dropped below requirement: 5.67
[2026-03-27 21:38:09] [WARNING] [Main] FPS dropped below requirement: 5.69
[2026-03-27 21:38:09] [WARNING] [Main] FPS dropped below requirement: 5.70
[2026-03-27 21:38:09] [WARNING] [Main] FPS dropped below requirement: 5.70
[2026-03-27 21:38:09] [WARNING] [Main] FPS dropped below requirement: 5.69
[2026-03-27 21:38:10] [WARNING] [Main] FPS dropped below requirement: 5.69
[2026-03-27 21:38:10] [WARNING] [Main] FPS dropped below requirement: 5.70
[2026-03-27 21:38:10] [WARNING] [Main] FPS dropped below requirement: 5.70
[2026-03-27 21:38:10] [WARNING] [Main] FPS dropped below requirement: 5.73
[2026-03-27 21:38:10] [WARNING] [Main] FPS dropped below requirement: 5.73
[2026-03-27 21:38:11] [WARNING] [Main] FPS dropped below requirement: 5.73
[2026-03-27 21:38:11] [WARNING] [Main] FPS dropped below requirement: 5.73
[2026-03-27 21:38:11] [WARNING] [Main] FPS dropped below requirement: 5.76
[2026-03-27 21:38:11] [WARNING] [Main] FPS dropped below requirement: 5.75
[2026-03-27 21:38:11] [WARNING] [Main] FPS dropped below requirement: 5.78
[2026-03-27 21:38:11] [WARNING] [Main] FPS dropped below requirement: 5.77
[2026-03-27 21:38:12] [WARNING] [Main] FPS dropped below requirement: 5.78
[2026-03-27 21:38:12] [WARNING] [Main] FPS dropped below requirement: 5.80
[2026-03-27 21:38:12] [WARNING] [Main] FPS dropped below requirement: 5.80
[2026-03-27 21:38:12] [WARNING] [Main] FPS dropped below requirement: 5.80
[2026-03-27 21:38:12] [WARNING] [Main] FPS dropped below requirement: 5.73
[2026-03-27 21:38:12] [WARNING] [Main] FPS dropped below requirement: 5.67
[2026-03-27 21:38:13] [WARNING] [Main] FPS dropped below requirement: 5.68
[2026-03-27 21:38:13] [WARNING] [Main] FPS dropped below requirement: 5.64
[2026-03-27 21:38:13] [WARNING] [Main] FPS dropped below requirement: 5.63
[2026-03-27 21:38:13] [WARNING] [Main] FPS dropped below requirement: 5.64
[2026-03-27 21:38:13] [WARNING] [Main] FPS dropped below requirement: 5.65
[2026-03-27 21:38:14] [WARNING] [Main] FPS dropped below requirement: 5.63
[2026-03-27 21:38:14] [WARNING] [Main] FPS dropped below requirement: 5.63
[2026-03-27 21:38:14] [WARNING] [Main] FPS dropped below requirement: 5.58
[2026-03-27 21:38:14] [WARNING] [Main] FPS dropped below requirement: 5.56
[2026-03-27 21:38:14] [WARNING] [Main] FPS dropped below requirement: 5.55
[2026-03-27 21:38:14] [WARNING] [Main] FPS dropped below requirement: 5.54
[2026-03-27 21:38:15] [WARNING] [Main] FPS dropped below requirement: 5.54
[2026-03-27 21:38:15] [WARNING] [Main] FPS dropped below requirement: 5.54
[2026-03-27 21:38:15] [WARNING] [Main] FPS dropped below requirement: 5.54
[2026-03-27 21:38:15] [WARNING] [Main] FPS dropped below requirement: 5.55
[2026-03-27 21:38:15] [WARNING] [Main] FPS dropped below requirement: 5.52
[2026-03-27 21:38:16] [WARNING] [Main] FPS dropped below requirement: 5.53
[2026-03-27 21:38:16] [WARNING] [Main] FPS dropped below requirement: 5.53
[2026-03-27 21:38:16] [WARNING] [Main] FPS dropped below requirement: 5.53
[2026-03-27 21:38:16] [INFO] [Main] Output saved to output.mp4
[2026-03-27 21:38:16] [INFO] [VideoCapture] Camera released.
[2026-03-27 21:38:16] [INFO] [Main] System shutdown
[2026-03-27 21:39:20] [INFO] [Main] Driver Monitoring System starting
[2026-03-27 21:39:20] [INFO] [Main] FaceMap 3DMM landmark detector loaded
[2026-03-27 21:39:20] [INFO] [VideoCapture] Opening video source: data/in_video.mp4 ...
[2026-03-27 21:39:20] [INFO] [VideoCapture] Source opened successfully: data/in_video.mp4
[2026-03-27 21:39:20] [INFO] [Main] Capture loop started. Press 'q' to quit.
[2026-03-27 21:39:20] [INFO] [Main] Saving output to output.mp4
[2026-03-27 21:39:21] [WARNING] [Main] FPS dropped below requirement: 0.00
[2026-03-27 21:39:21] [WARNING] [Main] FPS dropped below requirement: 4.36
[2026-03-27 21:39:21] [WARNING] [Main] FPS dropped below requirement: 4.74
[2026-03-27 21:39:21] [WARNING] [Main] FPS dropped below requirement: 5.00
[2026-03-27 21:39:21] [WARNING] [Main] FPS dropped below requirement: 5.05
[2026-03-27 21:39:22] [WARNING] [Main] FPS dropped below requirement: 5.17
[2026-03-27 21:39:22] [WARNING] [Main] FPS dropped below requirement: 5.17
[2026-03-27 21:39:22] [WARNING] [Main] FPS dropped below requirement: 5.17
[2026-03-27 21:39:22] [WARNING] [Main] FPS dropped below requirement: 5.22
[2026-03-27 21:39:22] [WARNING] [Main] FPS dropped below requirement: 5.25
[2026-03-27 21:39:22] [WARNING] [Main] FPS dropped below requirement: 5.26
[2026-03-27 21:39:23] [WARNING] [Main] FPS dropped below requirement: 5.28
[2026-03-27 21:39:23] [WARNING] [Main] FPS dropped below requirement: 5.29
[2026-03-27 21:39:23] [WARNING] [Main] FPS dropped below requirement: 5.30
[2026-03-27 21:39:23] [WARNING] [Main] FPS dropped below requirement: 5.30
[2026-03-27 21:39:23] [WARNING] [Main] FPS dropped below requirement: 5.30
[2026-03-27 21:39:24] [WARNING] [Main] FPS dropped below requirement: 5.32
[2026-03-27 21:39:24] [WARNING] [Main] FPS dropped below requirement: 5.33
[2026-03-27 21:39:24] [WARNING] [Main] FPS dropped below requirement: 5.32
[2026-03-27 21:39:24] [WARNING] [Main] FPS dropped below requirement: 5.32
[2026-03-27 21:39:24] [WARNING] [Main] FPS dropped below requirement: 5.35
[2026-03-27 21:39:24] [WARNING] [Main] FPS dropped below requirement: 5.36
[2026-03-27 21:39:25] [WARNING] [Main] FPS dropped below requirement: 5.37
[2026-03-27 21:39:25] [WARNING] [Main] FPS dropped below requirement: 5.38
[2026-03-27 21:39:25] [WARNING] [Main] FPS dropped below requirement: 5.39
[2026-03-27 21:39:25] [WARNING] [Main] FPS dropped below requirement: 5.39
[2026-03-27 21:39:25] [WARNING] [Main] FPS dropped below requirement: 5.40
[2026-03-27 21:39:26] [WARNING] [Main] FPS dropped below requirement: 5.40
[2026-03-27 21:39:26] [WARNING] [Main] FPS dropped below requirement: 5.42
[2026-03-27 21:39:26] [WARNING] [Main] FPS dropped below requirement: 5.42
[2026-03-27 21:39:26] [WARNING] [Main] FPS dropped below requirement: 5.47
[2026-03-27 21:39:26] [WARNING] [Main] FPS dropped below requirement: 5.47
[2026-03-27 21:39:26] [WARNING] [Main] FPS dropped below requirement: 5.48
[2026-03-27 21:39:27] [WARNING] [Main] FPS dropped below requirement: 5.49
[2026-03-27 21:39:27] [WARNING] [Main] FPS dropped below requirement: 5.47
[2026-03-27 21:39:27] [WARNING] [Main] FPS dropped below requirement: 5.48
[2026-03-27 21:39:27] [WARNING] [Main] FPS dropped below requirement: 5.47
[2026-03-27 21:39:27] [WARNING] [Main] FPS dropped below requirement: 5.41
[2026-03-27 21:39:28] [WARNING] [Main] FPS dropped below requirement: 5.39
[2026-03-27 21:39:28] [WARNING] [Main] FPS dropped below requirement: 5.41
[2026-03-27 21:39:28] [WARNING] [Main] FPS dropped below requirement: 5.41
[2026-03-27 21:39:28] [WARNING] [Main] FPS dropped below requirement: 5.41
[2026-03-27 21:39:28] [WARNING] [Main] FPS dropped below requirement: 5.41
[2026-03-27 21:39:29] [WARNING] [Main] FPS dropped below requirement: 5.40
[2026-03-27 21:39:29] [WARNING] [Main] FPS dropped below requirement: 5.40
[2026-03-27 21:39:29] [WARNING] [Main] FPS dropped below requirement: 5.39
[2026-03-27 21:39:29] [WARNING] [Main] FPS dropped below requirement: 5.41
[2026-03-27 21:39:29] [WARNING] [Main] FPS dropped below requirement: 5.48
[2026-03-27 21:39:29] [WARNING] [Main] FPS dropped below requirement: 5.48
[2026-03-27 21:39:30] [WARNING] [Main] FPS dropped below requirement: 5.46
[2026-03-27 21:39:30] [WARNING] [Main] FPS dropped below requirement: 5.46
[2026-03-27 21:39:30] [WARNING] [Main] FPS dropped below requirement: 5.51
[2026-03-27 21:39:30] [WARNING] [Main] FPS dropped below requirement: 5.50
[2026-03-27 21:39:30] [WARNING] [Main] FPS dropped below requirement: 5.50
[2026-03-27 21:39:30] [WARNING] [Main] FPS dropped below requirement: 5.51
[2026-03-27 21:39:31] [WARNING] [Main] FPS dropped below requirement: 5.51
[2026-03-27 21:39:31] [WARNING] [Main] FPS dropped below requirement: 5.51
[2026-03-27 21:39:31] [WARNING] [Main] FPS dropped below requirement: 5.49
[2026-03-27 21:39:31] [WARNING] [Main] FPS dropped below requirement: 5.49
[2026-03-27 21:39:31] [WARNING] [Main] FPS dropped below requirement: 5.48
[2026-03-27 21:39:32] [WARNING] [Main] FPS dropped below requirement: 5.48
[2026-03-27 21:39:32] [WARNING] [Main] FPS dropped below requirement: 5.46
[2026-03-27 21:39:32] [WARNING] [Main] FPS dropped below requirement: 5.46
[2026-03-27 21:39:32] [WARNING] [Main] FPS dropped below requirement: 5.47
[2026-03-27 21:39:32] [WARNING] [Main] FPS dropped below requirement: 5.47
[2026-03-27 21:39:33] [WARNING] [Main] FPS dropped below requirement: 5.49
[2026-03-27 21:39:33] [WARNING] [Main] FPS dropped below requirement: 5.56
[2026-03-27 21:39:33] [WARNING] [Main] FPS dropped below requirement: 5.59
[2026-03-27 21:39:33] [WARNING] [Main] FPS dropped below requirement: 5.58
[2026-03-27 21:39:33] [WARNING] [Main] FPS dropped below requirement: 5.58
[2026-03-27 21:39:33] [WARNING] [Main] FPS dropped below requirement: 5.58
[2026-03-27 21:39:34] [WARNING] [Main] FPS dropped below requirement: 5.58
[2026-03-27 21:39:34] [WARNING] [Main] FPS dropped below requirement: 5.61
[2026-03-27 21:39:34] [WARNING] [Main] FPS dropped below requirement: 5.63
[2026-03-27 21:39:34] [WARNING] [Main] FPS dropped below requirement: 5.63
[2026-03-27 21:39:34] [WARNING] [Main] FPS dropped below requirement: 5.61
[2026-03-27 21:39:34] [WARNING] [Main] FPS dropped below requirement: 5.56
[2026-03-27 21:39:35] [WARNING] [Main] FPS dropped below requirement: 5.55
[2026-03-27 21:39:35] [WARNING] [Main] FPS dropped below requirement: 5.57
[2026-03-27 21:39:35] [WARNING] [Main] FPS dropped below requirement: 5.56
[2026-03-27 21:39:35] [WARNING] [Main] FPS dropped below requirement: 5.50
[2026-03-27 21:39:35] [WARNING] [Main] FPS dropped below requirement: 5.49
[2026-03-27 21:39:36] [WARNING] [Main] FPS dropped below requirement: 5.51
[2026-03-27 21:39:36] [WARNING] [Main] FPS dropped below requirement: 5.52
[2026-03-27 21:39:36] [WARNING] [Main] FPS dropped below requirement: 5.51
[2026-03-27 21:39:36] [WARNING] [Main] FPS dropped below requirement: 5.52
[2026-03-27 21:39:36] [WARNING] [Main] FPS dropped below requirement: 5.52
[2026-03-27 21:39:36] [WARNING] [Main] FPS dropped below requirement: 5.51
[2026-03-27 21:39:37] [INFO] [Main] Output saved to output.mp4
[2026-03-27 21:39:37] [INFO] [VideoCapture] Camera released.
[2026-03-27 21:39:37] [INFO] [Main] System shutdown
[2026-03-27 21:42:51] [INFO] [Main] Driver Monitoring System starting
[2026-03-27 21:42:51] [INFO] [Main] FaceMap 3DMM landmark detector loaded
[2026-03-27 21:42:51] [INFO] [VideoCapture] Opening video source: data/in_video.mp4 ...
[2026-03-27 21:42:51] [INFO] [VideoCapture] Source opened successfully: data/in_video.mp4
[2026-03-27 21:42:51] [INFO] [Main] Capture loop started. Press 'q' to quit.
[2026-03-27 21:42:51] [INFO] [Main] Saving output to output.mp4
[2026-03-27 21:42:51] [WARNING] [Main] FPS dropped below requirement: 0.00
[2026-03-27 21:42:52] [WARNING] [Main] FPS dropped below requirement: 4.23
[2026-03-27 21:42:52] [WARNING] [Main] FPS dropped below requirement: 4.81
[2026-03-27 21:42:52] [WARNING] [Main] FPS dropped below requirement: 4.97
[2026-03-27 21:42:52] [WARNING] [Main] FPS dropped below requirement: 5.06
[2026-03-27 21:42:52] [WARNING] [Main] FPS dropped below requirement: 5.09
[2026-03-27 21:42:52] [WARNING] [Main] FPS dropped below requirement: 5.13
[2026-03-27 21:42:53] [WARNING] [Main] FPS dropped below requirement: 5.18
[2026-03-27 21:42:53] [WARNING] [Main] FPS dropped below requirement: 5.22
[2026-03-27 21:42:53] [WARNING] [Main] FPS dropped below requirement: 5.25
[2026-03-27 21:42:53] [WARNING] [Main] FPS dropped below requirement: 5.23
[2026-03-27 21:42:53] [WARNING] [Main] FPS dropped below requirement: 5.25
[2026-03-27 21:42:54] [WARNING] [Main] FPS dropped below requirement: 5.28
[2026-03-27 21:42:54] [WARNING] [Main] FPS dropped below requirement: 5.27
[2026-03-27 21:42:54] [WARNING] [Main] FPS dropped below requirement: 5.28
[2026-03-27 21:42:54] [WARNING] [Main] FPS dropped below requirement: 5.29
[2026-03-27 21:42:54] [WARNING] [Main] FPS dropped below requirement: 5.29
[2026-03-27 21:42:54] [WARNING] [Main] FPS dropped below requirement: 5.39
[2026-03-27 21:42:55] [WARNING] [Main] FPS dropped below requirement: 5.35
[2026-03-27 21:42:55] [WARNING] [Main] FPS dropped below requirement: 5.34
[2026-03-27 21:42:55] [WARNING] [Main] FPS dropped below requirement: 5.35
[2026-03-27 21:42:55] [WARNING] [Main] FPS dropped below requirement: 5.32
[2026-03-27 21:42:55] [WARNING] [Main] FPS dropped below requirement: 5.31
[2026-03-27 21:42:56] [WARNING] [Main] FPS dropped below requirement: 5.31
[2026-03-27 21:42:56] [WARNING] [Main] FPS dropped below requirement: 5.31
[2026-03-27 21:42:56] [WARNING] [Main] FPS dropped below requirement: 5.31
[2026-03-27 21:42:56] [WARNING] [Main] FPS dropped below requirement: 5.30
[2026-03-27 21:42:56] [WARNING] [Main] FPS dropped below requirement: 5.28
[2026-03-27 21:42:57] [WARNING] [Main] FPS dropped below requirement: 5.27
[2026-03-27 21:42:57] [WARNING] [Main] FPS dropped below requirement: 5.28
[2026-03-27 21:42:57] [WARNING] [Main] FPS dropped below requirement: 5.32
[2026-03-27 21:42:57] [WARNING] [Main] FPS dropped below requirement: 5.31
[2026-03-27 21:42:57] [WARNING] [Main] FPS dropped below requirement: 5.31
[2026-03-27 21:42:58] [WARNING] [Main] FPS dropped below requirement: 5.30
[2026-03-27 21:42:58] [WARNING] [Main] FPS dropped below requirement: 5.31
[2026-03-27 21:42:58] [WARNING] [Main] FPS dropped below requirement: 5.31
[2026-03-27 21:42:58] [WARNING] [Main] FPS dropped below requirement: 5.31
[2026-03-27 21:42:58] [WARNING] [Main] FPS dropped below requirement: 5.30
[2026-03-27 21:42:58] [WARNING] [Main] FPS dropped below requirement: 5.29
[2026-03-27 21:42:59] [WARNING] [Main] FPS dropped below requirement: 5.30
[2026-03-27 21:42:59] [WARNING] [Main] FPS dropped below requirement: 5.30
[2026-03-27 21:42:59] [WARNING] [Main] FPS dropped below requirement: 5.29
[2026-03-27 21:42:59] [WARNING] [Main] FPS dropped below requirement: 5.30
[2026-03-27 21:42:59] [WARNING] [Main] FPS dropped below requirement: 5.30
[2026-03-27 21:43:00] [WARNING] [Main] FPS dropped below requirement: 5.30
[2026-03-27 21:43:00] [WARNING] [Main] FPS dropped below requirement: 5.30
[2026-03-27 21:43:00] [WARNING] [Main] FPS dropped below requirement: 5.24
[2026-03-27 21:43:00] [WARNING] [Main] FPS dropped below requirement: 5.27
[2026-03-27 21:43:00] [WARNING] [Main] FPS dropped below requirement: 5.27
[2026-03-27 21:43:01] [WARNING] [Main] FPS dropped below requirement: 5.27
[2026-03-27 21:43:01] [WARNING] [Main] FPS dropped below requirement: 5.29
[2026-03-27 21:43:01] [WARNING] [Main] FPS dropped below requirement: 5.30
[2026-03-27 21:43:01] [WARNING] [Main] FPS dropped below requirement: 5.30
[2026-03-27 21:43:01] [WARNING] [Main] FPS dropped below requirement: 5.30
[2026-03-27 21:43:01] [WARNING] [Main] FPS dropped below requirement: 5.30
[2026-03-27 21:43:02] [WARNING] [Main] FPS dropped below requirement: 5.31
[2026-03-27 21:43:02] [WARNING] [Main] FPS dropped below requirement: 5.32
[2026-03-27 21:43:02] [WARNING] [Main] FPS dropped below requirement: 5.33
[2026-03-27 21:43:02] [WARNING] [Main] FPS dropped below requirement: 5.34
[2026-03-27 21:43:02] [WARNING] [Main] FPS dropped below requirement: 5.34
[2026-03-27 21:43:03] [WARNING] [Main] FPS dropped below requirement: 5.32
[2026-03-27 21:43:03] [WARNING] [Main] FPS dropped below requirement: 5.32
[2026-03-27 21:43:03] [WARNING] [Main] FPS dropped below requirement: 5.31
[2026-03-27 21:43:03] [WARNING] [Main] FPS dropped below requirement: 5.29
[2026-03-27 21:43:03] [WARNING] [Main] FPS dropped below requirement: 5.29
[2026-03-27 21:43:04] [WARNING] [Main] FPS dropped below requirement: 5.27
[2026-03-27 21:43:04] [WARNING] [Main] FPS dropped below requirement: 5.27
[2026-03-27 21:43:04] [WARNING] [Main] FPS dropped below requirement: 5.27
[2026-03-27 21:43:04] [WARNING] [Main] FPS dropped below requirement: 5.27
[2026-03-27 21:43:04] [WARNING] [Main] FPS dropped below requirement: 5.27
[2026-03-27 21:43:05] [WARNING] [Main] FPS dropped below requirement: 5.29
[2026-03-27 21:43:05] [WARNING] [Main] FPS dropped below requirement: 5.29
[2026-03-27 21:43:05] [WARNING] [Main] FPS dropped below requirement: 5.29
[2026-03-27 21:43:05] [WARNING] [Main] FPS dropped below requirement: 5.30
[2026-03-27 21:43:05] [WARNING] [Main] FPS dropped below requirement: 5.29
[2026-03-27 21:43:05] [WARNING] [Main] FPS dropped below requirement: 5.29
[2026-03-27 21:43:06] [WARNING] [Main] FPS dropped below requirement: 5.29
[2026-03-27 21:43:06] [WARNING] [Main] FPS dropped below requirement: 5.28
[2026-03-27 21:43:06] [WARNING] [Main] FPS dropped below requirement: 5.29
[2026-03-27 21:43:06] [WARNING] [Main] FPS dropped below requirement: 5.29
[2026-03-27 21:43:06] [WARNING] [Main] FPS dropped below requirement: 5.29
[2026-03-27 21:43:07] [WARNING] [Main] FPS dropped below requirement: 5.29
[2026-03-27 21:43:07] [WARNING] [Main] FPS dropped below requirement: 5.29
[2026-03-27 21:43:07] [WARNING] [Main] FPS dropped below requirement: 5.30
[2026-03-27 21:43:07] [WARNING] [Main] FPS dropped below requirement: 5.31
[2026-03-27 21:43:07] [WARNING] [Main] FPS dropped below requirement: 5.32
[2026-03-27 21:43:07] [WARNING] [Main] FPS dropped below requirement: 5.32
[2026-03-27 21:43:08] [WARNING] [Main] FPS dropped below requirement: 5.31
[2026-03-27 21:43:08] [WARNING] [Main] FPS dropped below requirement: 5.31
[2026-03-27 21:43:08] [WARNING] [Main] FPS dropped below requirement: 5.32
[2026-03-27 21:43:08] [WARNING] [Main] FPS dropped below requirement: 5.32
[2026-03-27 21:43:08] [WARNING] [Main] FPS dropped below requirement: 5.33
[2026-03-27 21:43:09] [WARNING] [Main] FPS dropped below requirement: 5.34
[2026-03-27 21:43:09] [WARNING] [Main] FPS dropped below requirement: 5.33
[2026-03-27 21:43:09] [INFO] [Main] Output saved to output.mp4
[2026-03-27 21:43:09] [INFO] [VideoCapture] Camera released.
[2026-03-27 21:43:09] [INFO] [Main] System shutdown
[2026-03-27 21:44:44] [INFO] [Main] Driver Monitoring System starting
[2026-03-27 21:44:44] [INFO] [Main] FaceMap 3DMM landmark detector loaded
[2026-03-27 21:44:44] [INFO] [VideoCapture] Opening video source: data/in_video.mp4 ...
[2026-03-27 21:44:44] [INFO] [VideoCapture] Source opened successfully: data/in_video.mp4
[2026-03-27 21:44:44] [INFO] [Main] Capture loop started. Press 'q' to quit.
[2026-03-27 21:44:44] [INFO] [Main] Saving output to output.mp4
[2026-03-27 21:44:45] [WARNING] [Main] FPS dropped below requirement: 0.00
[2026-03-27 21:44:45] [WARNING] [Main] FPS dropped below requirement: 5.26
[2026-03-27 21:44:45] [WARNING] [Main] FPS dropped below requirement: 5.19
[2026-03-27 21:44:45] [WARNING] [Main] FPS dropped below requirement: 5.37
[2026-03-27 21:44:45] [WARNING] [Main] FPS dropped below requirement: 5.48
[2026-03-27 21:44:46] [WARNING] [Main] FPS dropped below requirement: 5.49
[2026-03-27 21:44:46] [WARNING] [Main] FPS dropped below requirement: 5.45
[2026-03-27 21:44:46] [WARNING] [Main] FPS dropped below requirement: 5.43
[2026-03-27 21:44:46] [WARNING] [Main] FPS dropped below requirement: 5.43
[2026-03-27 21:44:46] [WARNING] [Main] FPS dropped below requirement: 5.41
[2026-03-27 21:44:47] [WARNING] [Main] FPS dropped below requirement: 5.37
[2026-03-27 21:44:47] [WARNING] [Main] FPS dropped below requirement: 5.35
[2026-03-27 21:44:47] [WARNING] [Main] FPS dropped below requirement: 5.36
[2026-03-27 21:44:47] [WARNING] [Main] FPS dropped below requirement: 5.36
[2026-03-27 21:44:47] [WARNING] [Main] FPS dropped below requirement: 5.40
[2026-03-27 21:44:47] [WARNING] [Main] FPS dropped below requirement: 5.39
[2026-03-27 21:44:48] [WARNING] [Main] FPS dropped below requirement: 5.39
[2026-03-27 21:44:48] [WARNING] [Main] FPS dropped below requirement: 5.41
[2026-03-27 21:44:48] [WARNING] [Main] FPS dropped below requirement: 5.40
[2026-03-27 21:44:48] [WARNING] [Main] FPS dropped below requirement: 5.42
[2026-03-27 21:44:48] [WARNING] [Main] FPS dropped below requirement: 5.42
[2026-03-27 21:44:49] [WARNING] [Main] FPS dropped below requirement: 5.42
[2026-03-27 21:44:49] [WARNING] [Main] FPS dropped below requirement: 5.41
[2026-03-27 21:44:49] [WARNING] [Main] FPS dropped below requirement: 5.40
[2026-03-27 21:44:49] [WARNING] [Main] FPS dropped below requirement: 5.41
[2026-03-27 21:44:49] [WARNING] [Main] FPS dropped below requirement: 5.40
[2026-03-27 21:44:49] [WARNING] [Main] FPS dropped below requirement: 5.39
[2026-03-27 21:44:50] [WARNING] [Main] FPS dropped below requirement: 5.40
[2026-03-27 21:44:50] [WARNING] [Main] FPS dropped below requirement: 5.41
[2026-03-27 21:44:50] [WARNING] [Main] FPS dropped below requirement: 5.41
[2026-03-27 21:44:50] [WARNING] [Main] FPS dropped below requirement: 5.43
[2026-03-27 21:44:50] [WARNING] [Main] FPS dropped below requirement: 5.46
[2026-03-27 21:44:51] [WARNING] [Main] FPS dropped below requirement: 5.46
[2026-03-27 21:44:51] [WARNING] [Main] FPS dropped below requirement: 5.45
[2026-03-27 21:44:51] [WARNING] [Main] FPS dropped below requirement: 5.44
[2026-03-27 21:44:51] [WARNING] [Main] FPS dropped below requirement: 5.46
[2026-03-27 21:44:51] [WARNING] [Main] FPS dropped below requirement: 5.48
[2026-03-27 21:44:51] [WARNING] [Main] FPS dropped below requirement: 5.48
[2026-03-27 21:44:52] [WARNING] [Main] FPS dropped below requirement: 5.48
[2026-03-27 21:44:52] [WARNING] [Main] FPS dropped below requirement: 5.49
[2026-03-27 21:44:52] [WARNING] [Main] FPS dropped below requirement: 5.55
[2026-03-27 21:44:52] [WARNING] [Main] FPS dropped below requirement: 5.54
[2026-03-27 21:44:52] [WARNING] [Main] FPS dropped below requirement: 5.58
[2026-03-27 21:44:53] [WARNING] [Main] FPS dropped below requirement: 5.55
[2026-03-27 21:44:53] [WARNING] [Main] FPS dropped below requirement: 5.55
[2026-03-27 21:44:53] [WARNING] [Main] FPS dropped below requirement: 5.55
[2026-03-27 21:44:53] [INFO] [Main] Output saved to output.mp4
[2026-03-27 21:44:53] [INFO] [VideoCapture] Camera released.
[2026-03-27 21:44:53] [INFO] [Main] System shutdown
[2026-03-27 21:45:14] [INFO] [Main] Driver Monitoring System starting
[2026-03-27 21:45:14] [INFO] [Main] FaceMap 3DMM landmark detector loaded
[2026-03-27 21:45:14] [INFO] [VideoCapture] Opening video source: data/in_video.mp4 ...
[2026-03-27 21:45:14] [INFO] [VideoCapture] Source opened successfully: data/in_video.mp4
[2026-03-27 21:45:14] [INFO] [Main] Capture loop started. Press 'q' to quit.
[2026-03-27 21:45:14] [INFO] [Main] Saving output to output.mp4
[2026-03-27 21:45:14] [WARNING] [Main] FPS dropped below requirement: 0.00
[2026-03-27 21:45:14] [WARNING] [Main] FPS dropped below requirement: 3.95
[2026-03-27 21:45:15] [WARNING] [Main] FPS dropped below requirement: 4.65
[2026-03-27 21:45:15] [WARNING] [Main] FPS dropped below requirement: 4.96
[2026-03-27 21:45:15] [WARNING] [Main] FPS dropped below requirement: 5.03
[2026-03-27 21:45:15] [WARNING] [Main] FPS dropped below requirement: 5.12
[2026-03-27 21:45:15] [WARNING] [Main] FPS dropped below requirement: 5.20
[2026-03-27 21:45:16] [WARNING] [Main] FPS dropped below requirement: 5.26
[2026-03-27 21:45:16] [WARNING] [Main] FPS dropped below requirement: 5.34
[2026-03-27 21:45:16] [WARNING] [Main] FPS dropped below requirement: 5.33
[2026-03-27 21:45:16] [WARNING] [Main] FPS dropped below requirement: 5.37
[2026-03-27 21:45:16] [WARNING] [Main] FPS dropped below requirement: 5.37
[2026-03-27 21:45:16] [WARNING] [Main] FPS dropped below requirement: 5.38
[2026-03-27 21:45:17] [WARNING] [Main] FPS dropped below requirement: 5.43
[2026-03-27 21:45:17] [WARNING] [Main] FPS dropped below requirement: 5.41
[2026-03-27 21:45:17] [WARNING] [Main] FPS dropped below requirement: 5.38
[2026-03-27 21:45:17] [WARNING] [Main] FPS dropped below requirement: 5.36
[2026-03-27 21:45:17] [WARNING] [Main] FPS dropped below requirement: 5.37
[2026-03-27 21:45:18] [WARNING] [Main] FPS dropped below requirement: 5.38
[2026-03-27 21:45:18] [WARNING] [Main] FPS dropped below requirement: 5.38
[2026-03-27 21:45:18] [WARNING] [Main] FPS dropped below requirement: 5.37
[2026-03-27 21:45:18] [WARNING] [Main] FPS dropped below requirement: 5.37
[2026-03-27 21:45:18] [WARNING] [Main] FPS dropped below requirement: 5.19
[2026-03-27 21:45:19] [WARNING] [Main] FPS dropped below requirement: 5.19
[2026-03-27 21:45:19] [WARNING] [Main] FPS dropped below requirement: 4.98
[2026-03-27 21:45:19] [WARNING] [Main] FPS dropped below requirement: 4.99
[2026-03-27 21:45:20] [WARNING] [Main] FPS dropped below requirement: 4.93
[2026-03-27 21:45:20] [INFO] [Main] Output saved to output.mp4
[2026-03-27 21:45:20] [INFO] [VideoCapture] Camera released.
[2026-03-27 21:45:20] [INFO] [Main] System shutdown
[2026-03-27 21:45:32] [INFO] [Main] Driver Monitoring System starting
[2026-03-27 21:45:32] [INFO] [Main] FaceMap 3DMM landmark detector loaded
[2026-03-27 21:45:32] [INFO] [VideoCapture] Opening video source: data/in_video.mp4 ...
[2026-03-27 21:45:32] [INFO] [VideoCapture] Source opened successfully: data/in_video.mp4
[2026-03-27 21:45:32] [INFO] [Main] Capture loop started. Press 'q' to quit.
[2026-03-27 21:45:32] [INFO] [Main] Saving output to output.mp4
[2026-03-27 21:45:32] [INFO] [Main] Output saved to output.mp4
[2026-03-27 21:45:32] [INFO] [VideoCapture] Camera released.
[2026-03-27 21:45:32] [INFO] [Main] System shutdown
[2026-03-27 21:45:47] [INFO] [Main] Driver Monitoring System starting
[2026-03-27 21:45:47] [INFO] [Main] FaceMap 3DMM landmark detector loaded
[2026-03-27 21:45:47] [INFO] [VideoCapture] Opening video source: data/in_video.mp4 ...
[2026-03-27 21:45:47] [INFO] [VideoCapture] Source opened successfully: data/in_video.mp4
[2026-03-27 21:45:47] [INFO] [Main] Capture loop started. Press 'q' to quit.
[2026-03-27 21:45:47] [INFO] [Main] Saving output to output.mp4
[2026-03-27 21:45:47] [WARNING] [Main] FPS dropped below requirement: 0.00
[2026-03-27 21:45:47] [WARNING] [Main] FPS dropped below requirement: 5.53
[2026-03-27 21:45:48] [WARNING] [Main] FPS dropped below requirement: 5.29
[2026-03-27 21:45:48] [WARNING] [Main] FPS dropped below requirement: 5.25
[2026-03-27 21:45:48] [WARNING] [Main] FPS dropped below requirement: 5.32
[2026-03-27 21:45:48] [WARNING] [Main] FPS dropped below requirement: 5.29
[2026-03-27 21:45:48] [WARNING] [Main] FPS dropped below requirement: 5.40
[2026-03-27 21:45:48] [WARNING] [Main] FPS dropped below requirement: 5.38
[2026-03-27 21:45:49] [WARNING] [Main] FPS dropped below requirement: 5.37
[2026-03-27 21:45:49] [WARNING] [Main] FPS dropped below requirement: 5.33
[2026-03-27 21:45:49] [WARNING] [Main] FPS dropped below requirement: 5.33
[2026-03-27 21:45:49] [WARNING] [Main] FPS dropped below requirement: 5.32
[2026-03-27 21:45:49] [WARNING] [Main] FPS dropped below requirement: 5.30
[2026-03-27 21:45:50] [WARNING] [Main] FPS dropped below requirement: 5.30
[2026-03-27 21:45:50] [WARNING] [Main] FPS dropped below requirement: 5.33
[2026-03-27 21:45:50] [WARNING] [Main] FPS dropped below requirement: 5.35
[2026-03-27 21:45:50] [WARNING] [Main] FPS dropped below requirement: 5.35
[2026-03-27 21:45:50] [WARNING] [Main] FPS dropped below requirement: 5.36
[2026-03-27 21:45:50] [WARNING] [Main] FPS dropped below requirement: 5.35
[2026-03-27 21:45:51] [WARNING] [Main] FPS dropped below requirement: 5.45
[2026-03-27 21:45:51] [WARNING] [Main] FPS dropped below requirement: 5.48
[2026-03-27 21:45:51] [WARNING] [Main] FPS dropped below requirement: 5.55
[2026-03-27 21:45:51] [WARNING] [Main] FPS dropped below requirement: 5.54
[2026-03-27 21:45:51] [WARNING] [Main] FPS dropped below requirement: 5.54
[2026-03-27 21:45:51] [WARNING] [Main] FPS dropped below requirement: 5.53
[2026-03-27 21:45:52] [WARNING] [Main] FPS dropped below requirement: 5.54
[2026-03-27 21:45:52] [WARNING] [Main] FPS dropped below requirement: 5.54
[2026-03-27 21:45:52] [WARNING] [Main] FPS dropped below requirement: 5.54
[2026-03-27 21:45:52] [WARNING] [Main] FPS dropped below requirement: 5.54
[2026-03-27 21:45:52] [WARNING] [Main] FPS dropped below requirement: 5.56
[2026-03-27 21:45:53] [WARNING] [Main] FPS dropped below requirement: 5.57
[2026-03-27 21:45:53] [WARNING] [Main] FPS dropped below requirement: 5.59
[2026-03-27 21:45:53] [WARNING] [Main] FPS dropped below requirement: 5.61
[2026-03-27 21:45:53] [WARNING] [Main] FPS dropped below requirement: 5.60
[2026-03-27 21:45:53] [WARNING] [Main] FPS dropped below requirement: 5.61
[2026-03-27 21:45:53] [WARNING] [Main] FPS dropped below requirement: 5.61
[2026-03-27 21:45:54] [WARNING] [Main] FPS dropped below requirement: 5.62
[2026-03-27 21:45:54] [WARNING] [Main] FPS dropped below requirement: 5.64
[2026-03-27 21:45:54] [WARNING] [Main] FPS dropped below requirement: 5.66
[2026-03-27 21:45:54] [WARNING] [Main] FPS dropped below requirement: 5.68
[2026-03-27 21:45:54] [WARNING] [Main] FPS dropped below requirement: 5.70
[2026-03-27 21:45:55] [WARNING] [Main] FPS dropped below requirement: 5.71
[2026-03-27 21:45:55] [WARNING] [Main] FPS dropped below requirement: 5.70
[2026-03-27 21:45:55] [WARNING] [Main] FPS dropped below requirement: 5.71
[2026-03-27 21:45:55] [WARNING] [Main] FPS dropped below requirement: 5.72
[2026-03-27 21:45:55] [WARNING] [Main] FPS dropped below requirement: 5.72
[2026-03-27 21:45:55] [WARNING] [Main] FPS dropped below requirement: 5.74
[2026-03-27 21:45:56] [WARNING] [Main] FPS dropped below requirement: 5.75
[2026-03-27 21:45:56] [WARNING] [Main] FPS dropped below requirement: 5.69
[2026-03-27 21:45:56] [WARNING] [Main] FPS dropped below requirement: 5.67
[2026-03-27 21:45:56] [WARNING] [Main] FPS dropped below requirement: 5.60
[2026-03-27 21:45:56] [WARNING] [Main] FPS dropped below requirement: 5.61
[2026-03-27 21:45:56] [WARNING] [Main] FPS dropped below requirement: 5.62
[2026-03-27 21:45:57] [WARNING] [Main] FPS dropped below requirement: 5.63
[2026-03-27 21:45:57] [WARNING] [Main] FPS dropped below requirement: 5.64
[2026-03-27 21:45:57] [WARNING] [Main] FPS dropped below requirement: 5.62
[2026-03-27 21:45:57] [WARNING] [Main] FPS dropped below requirement: 5.62
[2026-03-27 21:45:57] [WARNING] [Main] FPS dropped below requirement: 5.63
[2026-03-27 21:45:57] [WARNING] [Main] FPS dropped below requirement: 5.61
[2026-03-27 21:45:58] [WARNING] [Main] FPS dropped below requirement: 5.65
[2026-03-27 21:45:58] [WARNING] [Main] FPS dropped below requirement: 5.66
[2026-03-27 21:45:58] [WARNING] [Main] FPS dropped below requirement: 5.63
[2026-03-27 21:45:58] [WARNING] [Main] FPS dropped below requirement: 5.63
[2026-03-27 21:45:58] [WARNING] [Main] FPS dropped below requirement: 5.62
[2026-03-27 21:45:59] [WARNING] [Main] FPS dropped below requirement: 5.60
[2026-03-27 21:45:59] [WARNING] [Main] FPS dropped below requirement: 5.60
[2026-03-27 21:45:59] [WARNING] [Main] FPS dropped below requirement: 5.58
[2026-03-27 21:45:59] [WARNING] [Main] FPS dropped below requirement: 5.57
[2026-03-27 21:45:59] [WARNING] [Main] FPS dropped below requirement: 5.54
[2026-03-27 21:46:00] [WARNING] [Main] FPS dropped below requirement: 5.55
[2026-03-27 21:46:00] [WARNING] [Main] FPS dropped below requirement: 5.55
[2026-03-27 21:46:00] [WARNING] [Main] FPS dropped below requirement: 5.54
[2026-03-27 21:46:00] [WARNING] [Main] FPS dropped below requirement: 5.52
[2026-03-27 21:46:00] [WARNING] [Main] FPS dropped below requirement: 5.49
[2026-03-27 21:46:01] [WARNING] [Main] FPS dropped below requirement: 5.49
[2026-03-27 21:46:01] [WARNING] [Main] FPS dropped below requirement: 5.47
[2026-03-27 21:46:01] [WARNING] [Main] FPS dropped below requirement: 5.47
[2026-03-27 21:46:01] [WARNING] [Main] FPS dropped below requirement: 5.44
[2026-03-27 21:46:01] [WARNING] [Main] FPS dropped below requirement: 5.36
[2026-03-27 21:46:01] [INFO] [Main] Output saved to output.mp4
[2026-03-27 21:46:02] [INFO] [VideoCapture] Camera released.
[2026-03-27 21:46:02] [INFO] [Main] System shutdown
[2026-03-27 21:59:16] [INFO] [Main] Driver Monitoring System starting
[2026-03-27 21:59:16] [INFO] [Main] FaceMap 3DMM landmark detector loaded
[2026-03-27 21:59:16] [INFO] [VideoCapture] Opening video source: data/in_video.mp4 ...
[2026-03-27 21:59:16] [INFO] [VideoCapture] Source opened successfully: data/in_video.mp4
[2026-03-27 21:59:16] [INFO] [Main] Capture loop started. Press 'q' to quit.
[2026-03-27 21:59:17] [INFO] [Main] Saving output to output.mp4
[2026-03-27 21:59:17] [INFO] [Main] Output saved to output.mp4
[2026-03-27 21:59:17] [INFO] [VideoCapture] Camera released.
[2026-03-27 21:59:17] [INFO] [Main] System shutdown
[2026-03-27 21:59:31] [INFO] [Main] Driver Monitoring System starting
[2026-03-27 21:59:31] [INFO] [Main] FaceMap 3DMM landmark detector loaded
[2026-03-27 21:59:31] [INFO] [VideoCapture] Opening video source: data/in_video.mp4 ...
[2026-03-27 21:59:31] [INFO] [VideoCapture] Source opened successfully: data/in_video.mp4
[2026-03-27 21:59:31] [INFO] [Main] Capture loop started. Press 'q' to quit.
[2026-03-27 21:59:31] [INFO] [Main] Saving output to output.mp4
[2026-03-27 21:59:31] [WARNING] [Main] FPS dropped below requirement: 0.00
[2026-03-27 21:59:31] [WARNING] [Main] FPS dropped below requirement: 4.78
[2026-03-27 21:59:32] [WARNING] [Main] FPS dropped below requirement: 5.12
[2026-03-27 21:59:32] [WARNING] [Main] FPS dropped below requirement: 5.16
[2026-03-27 21:59:32] [WARNING] [Main] FPS dropped below requirement: 5.24
[2026-03-27 21:59:32] [WARNING] [Main] FPS dropped below requirement: 5.25
[2026-03-27 21:59:32] [WARNING] [Main] FPS dropped below requirement: 5.29
[2026-03-27 21:59:33] [WARNING] [Main] FPS dropped below requirement: 5.31
[2026-03-27 21:59:33] [WARNING] [Main] FPS dropped below requirement: 5.39
[2026-03-27 21:59:33] [WARNING] [Main] FPS dropped below requirement: 5.38
[2026-03-27 21:59:33] [WARNING] [Main] FPS dropped below requirement: 5.38
[2026-03-27 21:59:33] [WARNING] [Main] FPS dropped below requirement: 5.40
[2026-03-27 21:59:33] [WARNING] [Main] FPS dropped below requirement: 5.40
[2026-03-27 21:59:34] [WARNING] [Main] FPS dropped below requirement: 5.39
[2026-03-27 21:59:34] [WARNING] [Main] FPS dropped below requirement: 5.39
[2026-03-27 21:59:34] [WARNING] [Main] FPS dropped below requirement: 5.39
[2026-03-27 21:59:34] [WARNING] [Main] FPS dropped below requirement: 5.40
[2026-03-27 21:59:34] [WARNING] [Main] FPS dropped below requirement: 5.37
[2026-03-27 21:59:35] [WARNING] [Main] FPS dropped below requirement: 5.42
[2026-03-27 21:59:35] [WARNING] [Main] FPS dropped below requirement: 5.42
[2026-03-27 21:59:35] [WARNING] [Main] FPS dropped below requirement: 5.42
[2026-03-27 21:59:35] [WARNING] [Main] FPS dropped below requirement: 5.42
[2026-03-27 21:59:35] [WARNING] [Main] FPS dropped below requirement: 5.44
[2026-03-27 21:59:35] [WARNING] [Main] FPS dropped below requirement: 5.44
[2026-03-27 21:59:36] [WARNING] [Main] FPS dropped below requirement: 5.45
[2026-03-27 21:59:36] [WARNING] [Main] FPS dropped below requirement: 5.44
[2026-03-27 21:59:36] [WARNING] [Main] FPS dropped below requirement: 5.48
[2026-03-27 21:59:36] [WARNING] [Main] FPS dropped below requirement: 5.48
[2026-03-27 21:59:36] [WARNING] [Main] FPS dropped below requirement: 5.48
[2026-03-27 21:59:37] [WARNING] [Main] FPS dropped below requirement: 5.50
[2026-03-27 21:59:37] [WARNING] [Main] FPS dropped below requirement: 5.53
[2026-03-27 21:59:37] [WARNING] [Main] FPS dropped below requirement: 5.54
[2026-03-27 21:59:37] [WARNING] [Main] FPS dropped below requirement: 5.54
[2026-03-27 21:59:37] [WARNING] [Main] FPS dropped below requirement: 5.54
[2026-03-27 21:59:37] [WARNING] [Main] FPS dropped below requirement: 5.55
[2026-03-27 21:59:38] [WARNING] [Main] FPS dropped below requirement: 5.55
[2026-03-27 21:59:38] [WARNING] [Main] FPS dropped below requirement: 5.55
[2026-03-27 21:59:38] [WARNING] [Main] FPS dropped below requirement: 5.52
[2026-03-27 21:59:38] [WARNING] [Main] FPS dropped below requirement: 5.52
[2026-03-27 21:59:38] [WARNING] [Main] FPS dropped below requirement: 5.52
[2026-03-27 21:59:39] [WARNING] [Main] FPS dropped below requirement: 5.50
[2026-03-27 21:59:39] [WARNING] [Main] FPS dropped below requirement: 5.50
[2026-03-27 21:59:39] [WARNING] [Main] FPS dropped below requirement: 5.50
[2026-03-27 21:59:39] [WARNING] [Main] FPS dropped below requirement: 5.51
[2026-03-27 21:59:39] [WARNING] [Main] FPS dropped below requirement: 5.51
[2026-03-27 21:59:39] [WARNING] [Main] FPS dropped below requirement: 5.47
[2026-03-27 21:59:40] [WARNING] [Main] FPS dropped below requirement: 5.49
[2026-03-27 21:59:40] [WARNING] [Main] FPS dropped below requirement: 5.47
[2026-03-27 21:59:40] [WARNING] [Main] FPS dropped below requirement: 5.48
[2026-03-27 21:59:40] [WARNING] [Main] FPS dropped below requirement: 5.49
[2026-03-27 21:59:40] [WARNING] [Main] FPS dropped below requirement: 5.48
[2026-03-27 21:59:41] [WARNING] [Main] FPS dropped below requirement: 5.47
[2026-03-27 21:59:41] [WARNING] [Main] FPS dropped below requirement: 5.47
[2026-03-27 21:59:41] [WARNING] [Main] FPS dropped below requirement: 5.46
[2026-03-27 21:59:41] [WARNING] [Main] FPS dropped below requirement: 5.47
[2026-03-27 21:59:41] [WARNING] [Main] FPS dropped below requirement: 5.46
[2026-03-27 21:59:41] [WARNING] [Main] FPS dropped below requirement: 5.46
[2026-03-27 21:59:42] [WARNING] [Main] FPS dropped below requirement: 5.46
[2026-03-27 21:59:42] [WARNING] [Main] FPS dropped below requirement: 5.43
[2026-03-27 21:59:42] [WARNING] [Main] FPS dropped below requirement: 5.43
[2026-03-27 21:59:42] [WARNING] [Main] FPS dropped below requirement: 5.43
[2026-03-27 21:59:42] [WARNING] [Main] FPS dropped below requirement: 5.43
[2026-03-27 21:59:43] [WARNING] [Main] FPS dropped below requirement: 5.45
[2026-03-27 21:59:43] [WARNING] [Main] FPS dropped below requirement: 5.45
[2026-03-27 21:59:43] [WARNING] [Main] FPS dropped below requirement: 5.46
[2026-03-27 21:59:43] [WARNING] [Main] FPS dropped below requirement: 5.46
[2026-03-27 21:59:43] [WARNING] [Main] FPS dropped below requirement: 5.50
[2026-03-27 21:59:43] [WARNING] [Main] FPS dropped below requirement: 5.52
[2026-03-27 21:59:44] [WARNING] [Main] FPS dropped below requirement: 5.53
[2026-03-27 21:59:44] [WARNING] [Main] FPS dropped below requirement: 5.55
[2026-03-27 21:59:44] [WARNING] [Main] FPS dropped below requirement: 5.57
[2026-03-27 21:59:44] [WARNING] [Main] FPS dropped below requirement: 5.57
[2026-03-27 21:59:44] [WARNING] [Main] FPS dropped below requirement: 5.56
[2026-03-27 21:59:44] [WARNING] [Main] FPS dropped below requirement: 5.57
[2026-03-27 21:59:45] [WARNING] [Main] FPS dropped below requirement: 5.61
[2026-03-27 21:59:45] [WARNING] [Main] FPS dropped below requirement: 5.61
[2026-03-27 21:59:45] [WARNING] [Main] FPS dropped below requirement: 5.61
[2026-03-27 21:59:45] [WARNING] [Main] FPS dropped below requirement: 5.59
[2026-03-27 21:59:45] [WARNING] [Main] FPS dropped below requirement: 5.59
[2026-03-27 21:59:46] [WARNING] [Main] FPS dropped below requirement: 5.58
[2026-03-27 21:59:46] [WARNING] [Main] FPS dropped below requirement: 5.57
[2026-03-27 21:59:46] [WARNING] [Main] FPS dropped below requirement: 5.58
[2026-03-27 21:59:46] [WARNING] [Main] FPS dropped below requirement: 5.58
[2026-03-27 21:59:46] [INFO] [Main] Output saved to output.mp4
[2026-03-27 21:59:46] [INFO] [VideoCapture] Camera released.
[2026-03-27 21:59:46] [INFO] [Main] System shutdown
[2026-03-27 22:00:21] [INFO] [Main] Driver Monitoring System starting
[2026-03-27 22:00:21] [INFO] [Main] FaceMap 3DMM landmark detector loaded
[2026-03-27 22:00:21] [INFO] [VideoCapture] Opening video source: data/in_video.mp4 ...
[2026-03-27 22:00:21] [INFO] [VideoCapture] Source opened successfully: data/in_video.mp4
[2026-03-27 22:00:21] [INFO] [Main] Capture loop started. Press 'q' to quit.
[2026-03-27 22:00:21] [INFO] [Main] Saving output to output.mp4
[2026-03-27 22:00:21] [WARNING] [Main] FPS dropped below requirement: 0.00
[2026-03-27 22:00:21] [WARNING] [Main] FPS dropped below requirement: 4.76
[2026-03-27 22:00:22] [WARNING] [Main] FPS dropped below requirement: 4.94
[2026-03-27 22:00:22] [WARNING] [Main] FPS dropped below requirement: 5.04
[2026-03-27 22:00:22] [WARNING] [Main] FPS dropped below requirement: 5.10
[2026-03-27 22:00:22] [WARNING] [Main] FPS dropped below requirement: 5.15
[2026-03-27 22:00:22] [WARNING] [Main] FPS dropped below requirement: 5.24
[2026-03-27 22:00:22] [WARNING] [Main] FPS dropped below requirement: 5.26
[2026-03-27 22:00:23] [WARNING] [Main] FPS dropped below requirement: 5.28
[2026-03-27 22:00:23] [WARNING] [Main] FPS dropped below requirement: 5.28
[2026-03-27 22:00:23] [WARNING] [Main] FPS dropped below requirement: 5.31
[2026-03-27 22:00:23] [WARNING] [Main] FPS dropped below requirement: 5.33
[2026-03-27 22:00:23] [WARNING] [Main] FPS dropped below requirement: 5.49
[2026-03-27 22:00:23] [WARNING] [Main] FPS dropped below requirement: 5.50
[2026-03-27 22:00:24] [WARNING] [Main] FPS dropped below requirement: 5.48
[2026-03-27 22:00:24] [WARNING] [Main] FPS dropped below requirement: 5.47
[2026-03-27 22:00:24] [WARNING] [Main] FPS dropped below requirement: 5.46
[2026-03-27 22:00:24] [WARNING] [Main] FPS dropped below requirement: 5.49
[2026-03-27 22:00:24] [WARNING] [Main] FPS dropped below requirement: 5.52
[2026-03-27 22:00:25] [WARNING] [Main] FPS dropped below requirement: 5.51
[2026-03-27 22:00:25] [WARNING] [Main] FPS dropped below requirement: 5.54
[2026-03-27 22:00:25] [WARNING] [Main] FPS dropped below requirement: 5.54
[2026-03-27 22:00:25] [WARNING] [Main] FPS dropped below requirement: 5.53
[2026-03-27 22:00:25] [WARNING] [Main] FPS dropped below requirement: 5.53
[2026-03-27 22:00:25] [WARNING] [Main] FPS dropped below requirement: 5.54
[2026-03-27 22:00:26] [WARNING] [Main] FPS dropped below requirement: 5.53
[2026-03-27 22:00:26] [WARNING] [Main] FPS dropped below requirement: 5.53
[2026-03-27 22:00:26] [WARNING] [Main] FPS dropped below requirement: 5.53
[2026-03-27 22:00:26] [WARNING] [Main] FPS dropped below requirement: 5.53
[2026-03-27 22:00:26] [WARNING] [Main] FPS dropped below requirement: 5.55
[2026-03-27 22:00:27] [WARNING] [Main] FPS dropped below requirement: 5.57
[2026-03-27 22:00:27] [WARNING] [Main] FPS dropped below requirement: 5.59
[2026-03-27 22:00:27] [WARNING] [Main] FPS dropped below requirement: 5.61
[2026-03-27 22:00:27] [WARNING] [Main] FPS dropped below requirement: 5.61
[2026-03-27 22:00:27] [WARNING] [Main] FPS dropped below requirement: 5.63
[2026-03-27 22:00:27] [WARNING] [Main] FPS dropped below requirement: 5.62
[2026-03-27 22:00:28] [WARNING] [Main] FPS dropped below requirement: 5.62
[2026-03-27 22:00:28] [WARNING] [Main] FPS dropped below requirement: 5.62
[2026-03-27 22:00:28] [WARNING] [Main] FPS dropped below requirement: 5.62
[2026-03-27 22:00:28] [WARNING] [Main] FPS dropped below requirement: 5.62
[2026-03-27 22:00:28] [WARNING] [Main] FPS dropped below requirement: 5.60
[2026-03-27 22:00:29] [WARNING] [Main] FPS dropped below requirement: 5.53
[2026-03-27 22:00:29] [WARNING] [Main] FPS dropped below requirement: 5.53
[2026-03-27 22:00:29] [WARNING] [Main] FPS dropped below requirement: 5.56
[2026-03-27 22:00:29] [WARNING] [Main] FPS dropped below requirement: 5.57
[2026-03-27 22:00:29] [WARNING] [Main] FPS dropped below requirement: 5.58
[2026-03-27 22:00:29] [WARNING] [Main] FPS dropped below requirement: 5.56
[2026-03-27 22:00:30] [WARNING] [Main] FPS dropped below requirement: 5.57
[2026-03-27 22:00:30] [WARNING] [Main] FPS dropped below requirement: 5.59
[2026-03-27 22:00:30] [WARNING] [Main] FPS dropped below requirement: 5.59
[2026-03-27 22:00:30] [WARNING] [Main] FPS dropped below requirement: 5.61
[2026-03-27 22:00:30] [WARNING] [Main] FPS dropped below requirement: 5.61
[2026-03-27 22:00:30] [WARNING] [Main] FPS dropped below requirement: 5.62
[2026-03-27 22:00:31] [WARNING] [Main] FPS dropped below requirement: 5.60
[2026-03-27 22:00:31] [WARNING] [Main] FPS dropped below requirement: 5.63
[2026-03-27 22:00:31] [WARNING] [Main] FPS dropped below requirement: 5.62
[2026-03-27 22:00:31] [WARNING] [Main] FPS dropped below requirement: 5.63
[2026-03-27 22:00:31] [WARNING] [Main] FPS dropped below requirement: 5.63
[2026-03-27 22:00:31] [WARNING] [Main] FPS dropped below requirement: 5.62
[2026-03-27 22:00:32] [WARNING] [Main] FPS dropped below requirement: 5.64
[2026-03-27 22:00:32] [WARNING] [Main] FPS dropped below requirement: 5.63
[2026-03-27 22:00:32] [WARNING] [Main] FPS dropped below requirement: 5.62
[2026-03-27 22:00:32] [WARNING] [Main] FPS dropped below requirement: 5.64
[2026-03-27 22:00:32] [WARNING] [Main] FPS dropped below requirement: 5.62
[2026-03-27 22:00:33] [WARNING] [Main] FPS dropped below requirement: 5.62
[2026-03-27 22:00:33] [WARNING] [Main] FPS dropped below requirement: 5.65
[2026-03-27 22:00:33] [WARNING] [Main] FPS dropped below requirement: 5.65
[2026-03-27 22:00:33] [WARNING] [Main] FPS dropped below requirement: 5.67
[2026-03-27 22:00:33] [WARNING] [Main] FPS dropped below requirement: 5.68
[2026-03-27 22:00:33] [WARNING] [Main] FPS dropped below requirement: 5.72
[2026-03-27 22:00:34] [WARNING] [Main] FPS dropped below requirement: 5.72
[2026-03-27 22:00:34] [WARNING] [Main] FPS dropped below requirement: 5.72
[2026-03-27 22:00:34] [WARNING] [Main] FPS dropped below requirement: 5.73
[2026-03-27 22:00:34] [WARNING] [Main] FPS dropped below requirement: 5.75
[2026-03-27 22:00:34] [WARNING] [Main] FPS dropped below requirement: 5.74
[2026-03-27 22:00:34] [WARNING] [Main] FPS dropped below requirement: 5.76
[2026-03-27 22:00:35] [WARNING] [Main] FPS dropped below requirement: 5.72
[2026-03-27 22:00:35] [WARNING] [Main] FPS dropped below requirement: 5.71
[2026-03-27 22:00:35] [WARNING] [Main] FPS dropped below requirement: 5.71
[2026-03-27 22:00:35] [WARNING] [Main] FPS dropped below requirement: 5.69
[2026-03-27 22:00:35] [WARNING] [Main] FPS dropped below requirement: 5.71
[2026-03-27 22:00:35] [WARNING] [Main] FPS dropped below requirement: 5.70
[2026-03-27 22:00:36] [WARNING] [Main] FPS dropped below requirement: 5.71
[2026-03-27 22:00:36] [WARNING] [Main] FPS dropped below requirement: 5.69
[2026-03-27 22:00:36] [WARNING] [Main] FPS dropped below requirement: 5.69
[2026-03-27 22:00:36] [WARNING] [Main] FPS dropped below requirement: 5.67
[2026-03-27 22:00:36] [WARNING] [Main] FPS dropped below requirement: 5.69
[2026-03-27 22:00:37] [WARNING] [Main] FPS dropped below requirement: 5.69
[2026-03-27 22:00:37] [WARNING] [Main] FPS dropped below requirement: 5.66
[2026-03-27 22:00:37] [WARNING] [Main] FPS dropped below requirement: 5.65
[2026-03-27 22:00:37] [WARNING] [Main] FPS dropped below requirement: 5.67
[2026-03-27 22:00:37] [WARNING] [Main] FPS dropped below requirement: 5.66
[2026-03-27 22:00:38] [WARNING] [Main] FPS dropped below requirement: 5.65
[2026-03-27 22:00:38] [WARNING] [Main] FPS dropped below requirement: 5.65
[2026-03-27 22:00:38] [WARNING] [Main] FPS dropped below requirement: 5.65
[2026-03-27 22:00:38] [WARNING] [Main] FPS dropped below requirement: 5.64
[2026-03-27 22:00:38] [WARNING] [Main] FPS dropped below requirement: 5.61
[2026-03-27 22:00:38] [WARNING] [Main] FPS dropped below requirement: 5.59
[2026-03-27 22:00:39] [WARNING] [Main] FPS dropped below requirement: 5.58
[2026-03-27 22:00:39] [WARNING] [Main] FPS dropped below requirement: 5.58
[2026-03-27 22:00:39] [WARNING] [Main] FPS dropped below requirement: 5.57
[2026-03-27 22:00:39] [WARNING] [Main] FPS dropped below requirement: 5.54
[2026-03-27 22:00:39] [WARNING] [Main] FPS dropped below requirement: 5.51
[2026-03-27 22:00:40] [WARNING] [Main] FPS dropped below requirement: 5.50
[2026-03-27 22:00:40] [WARNING] [Main] FPS dropped below requirement: 5.47
[2026-03-27 22:00:40] [WARNING] [Main] FPS dropped below requirement: 5.46
[2026-03-27 22:00:40] [WARNING] [Main] FPS dropped below requirement: 5.45
[2026-03-27 22:00:40] [WARNING] [Main] FPS dropped below requirement: 5.42
[2026-03-27 22:00:41] [WARNING] [Main] FPS dropped below requirement: 5.41
[2026-03-27 22:00:41] [WARNING] [Main] FPS dropped below requirement: 5.39
[2026-03-27 22:00:41] [WARNING] [Main] FPS dropped below requirement: 5.39
[2026-03-27 22:00:41] [WARNING] [Main] FPS dropped below requirement: 5.37
[2026-03-27 22:00:41] [WARNING] [Main] FPS dropped below requirement: 5.37
[2026-03-27 22:00:41] [WARNING] [Main] FPS dropped below requirement: 5.36
[2026-03-27 22:00:42] [WARNING] [Main] FPS dropped below requirement: 5.37
[2026-03-27 22:00:42] [WARNING] [Main] FPS dropped below requirement: 5.35
[2026-03-27 22:00:42] [WARNING] [Main] FPS dropped below requirement: 5.35
[2026-03-27 22:00:42] [WARNING] [Main] FPS dropped below requirement: 5.36
[2026-03-27 22:00:42] [WARNING] [Main] FPS dropped below requirement: 5.38
[2026-03-27 22:00:43] [WARNING] [Main] FPS dropped below requirement: 5.37
[2026-03-27 22:00:43] [WARNING] [Main] FPS dropped below requirement: 5.36
[2026-03-27 22:00:43] [WARNING] [Main] FPS dropped below requirement: 5.35
[2026-03-27 22:00:43] [WARNING] [Main] FPS dropped below requirement: 5.34
[2026-03-27 22:00:43] [WARNING] [Main] FPS dropped below requirement: 5.32
[2026-03-27 22:00:43] [WARNING] [Main] FPS dropped below requirement: 5.34
[2026-03-27 22:00:44] [WARNING] [Main] FPS dropped below requirement: 5.35
[2026-03-27 22:00:44] [INFO] [Main] Output saved to output.mp4
[2026-03-27 22:00:44] [INFO] [VideoCapture] Camera released.
[2026-03-27 22:00:44] [INFO] [Main] System shutdown
[2026-03-27 23:03:52] [INFO] [Main] Driver Monitoring System starting
[2026-03-27 23:03:52] [INFO] [Main] FaceMap 3DMM landmark detector loaded
[2026-03-27 23:03:52] [INFO] [VideoCapture] Opening video source: data/in_video.mp4 ...
[2026-03-27 23:03:52] [INFO] [VideoCapture] Source opened successfully: data/in_video.mp4
[2026-03-27 23:03:52] [INFO] [Main] Capture loop started. Press 'q' to quit.
[2026-03-27 23:03:52] [INFO] [Main] Saving output to output.mp4
[2026-03-27 23:03:52] [WARNING] [Main] FPS dropped below requirement: 0.00
[2026-03-27 23:03:53] [WARNING] [Main] FPS dropped below requirement: 4.92
[2026-03-27 23:03:53] [WARNING] [Main] FPS dropped below requirement: 4.30
[2026-03-27 23:03:53] [WARNING] [Main] FPS dropped below requirement: 4.55
[2026-03-27 23:03:53] [WARNING] [Main] FPS dropped below requirement: 4.35
[2026-03-27 23:03:54] [WARNING] [Main] FPS dropped below requirement: 4.20
[2026-03-27 23:03:54] [WARNING] [Main] FPS dropped below requirement: 3.99
[2026-03-27 23:03:54] [WARNING] [Main] FPS dropped below requirement: 3.80
[2026-03-27 23:03:55] [WARNING] [Main] FPS dropped below requirement: 3.71
[2026-03-27 23:03:55] [WARNING] [Main] FPS dropped below requirement: 3.79
[2026-03-27 23:03:55] [WARNING] [Main] FPS dropped below requirement: 3.78
[2026-03-27 23:03:55] [WARNING] [Main] FPS dropped below requirement: 3.92
[2026-03-27 23:03:55] [WARNING] [Main] FPS dropped below requirement: 3.96
[2026-03-27 23:03:56] [WARNING] [Main] FPS dropped below requirement: 3.95
[2026-03-27 23:03:56] [WARNING] [Main] FPS dropped below requirement: 3.93
[2026-03-27 23:03:56] [WARNING] [Main] FPS dropped below requirement: 3.88
[2026-03-27 23:03:56] [WARNING] [Main] FPS dropped below requirement: 3.86
[2026-03-27 23:03:57] [WARNING] [Main] FPS dropped below requirement: 3.96
[2026-03-27 23:03:57] [WARNING] [Main] FPS dropped below requirement: 3.93
[2026-03-27 23:03:57] [WARNING] [Main] FPS dropped below requirement: 3.92
[2026-03-27 23:03:57] [WARNING] [Main] FPS dropped below requirement: 3.95
[2026-03-27 23:03:58] [WARNING] [Main] FPS dropped below requirement: 3.95
[2026-03-27 23:03:58] [WARNING] [Main] FPS dropped below requirement: 3.92
[2026-03-27 23:03:58] [WARNING] [Main] FPS dropped below requirement: 3.99
[2026-03-27 23:03:58] [WARNING] [Main] FPS dropped below requirement: 4.00
[2026-03-27 23:03:59] [WARNING] [Main] FPS dropped below requirement: 4.04
[2026-03-27 23:03:59] [WARNING] [Main] FPS dropped below requirement: 4.08
[2026-03-27 23:03:59] [WARNING] [Main] FPS dropped below requirement: 4.13
[2026-03-27 23:03:59] [WARNING] [Main] FPS dropped below requirement: 4.18
[2026-03-27 23:03:59] [WARNING] [Main] FPS dropped below requirement: 4.21
[2026-03-27 23:03:59] [WARNING] [Main] FPS dropped below requirement: 4.22
[2026-03-27 23:04:00] [WARNING] [Main] FPS dropped below requirement: 4.26
[2026-03-27 23:04:00] [WARNING] [Main] FPS dropped below requirement: 4.26
[2026-03-27 23:04:00] [WARNING] [Main] FPS dropped below requirement: 4.30
[2026-03-27 23:04:00] [WARNING] [Main] FPS dropped below requirement: 4.37
[2026-03-27 23:04:00] [WARNING] [Main] FPS dropped below requirement: 4.45
[2026-03-27 23:04:01] [WARNING] [Main] FPS dropped below requirement: 4.56
[2026-03-27 23:04:01] [WARNING] [Main] FPS dropped below requirement: 4.66
[2026-03-27 23:04:01] [WARNING] [Main] FPS dropped below requirement: 4.70
[2026-03-27 23:04:01] [WARNING] [Main] FPS dropped below requirement: 4.77
[2026-03-27 23:04:01] [WARNING] [Main] FPS dropped below requirement: 4.77
[2026-03-27 23:04:01] [WARNING] [Main] FPS dropped below requirement: 4.81
[2026-03-27 23:04:02] [WARNING] [Main] FPS dropped below requirement: 4.88
[2026-03-27 23:04:02] [WARNING] [Main] FPS dropped below requirement: 4.95
[2026-03-27 23:04:02] [WARNING] [Main] FPS dropped below requirement: 5.04
[2026-03-27 23:04:02] [WARNING] [Main] FPS dropped below requirement: 5.13
[2026-03-27 23:04:02] [WARNING] [Main] FPS dropped below requirement: 5.12
[2026-03-27 23:04:02] [WARNING] [Main] FPS dropped below requirement: 5.21
[2026-03-27 23:04:03] [WARNING] [Main] FPS dropped below requirement: 5.31
[2026-03-27 23:04:03] [WARNING] [Main] FPS dropped below requirement: 5.33
[2026-03-27 23:04:03] [WARNING] [Main] FPS dropped below requirement: 5.41
[2026-03-27 23:04:03] [WARNING] [Main] FPS dropped below requirement: 5.51
[2026-03-27 23:04:03] [WARNING] [Main] FPS dropped below requirement: 5.46
[2026-03-27 23:04:04] [WARNING] [Main] FPS dropped below requirement: 5.47
[2026-03-27 23:04:04] [WARNING] [Main] FPS dropped below requirement: 5.45
[2026-03-27 23:04:04] [WARNING] [Main] FPS dropped below requirement: 5.43
[2026-03-27 23:04:04] [WARNING] [Main] FPS dropped below requirement: 5.40
[2026-03-27 23:04:04] [WARNING] [Main] FPS dropped below requirement: 5.38
[2026-03-27 23:04:05] [WARNING] [Main] FPS dropped below requirement: 5.39
[2026-03-27 23:04:05] [WARNING] [Main] FPS dropped below requirement: 5.39
[2026-03-27 23:04:05] [WARNING] [Main] FPS dropped below requirement: 5.42
[2026-03-27 23:04:05] [WARNING] [Main] FPS dropped below requirement: 5.44
[2026-03-27 23:04:05] [WARNING] [Main] FPS dropped below requirement: 5.46
[2026-03-27 23:04:05] [WARNING] [Main] FPS dropped below requirement: 5.49
[2026-03-27 23:04:06] [WARNING] [Main] FPS dropped below requirement: 5.53
[2026-03-27 23:04:06] [WARNING] [Main] FPS dropped below requirement: 5.57
[2026-03-27 23:04:06] [WARNING] [Main] FPS dropped below requirement: 5.60
[2026-03-27 23:04:06] [WARNING] [Main] FPS dropped below requirement: 5.57
[2026-03-27 23:04:06] [WARNING] [Main] FPS dropped below requirement: 5.54
[2026-03-27 23:04:07] [WARNING] [Main] FPS dropped below requirement: 5.51
[2026-03-27 23:04:07] [WARNING] [Main] FPS dropped below requirement: 5.50
[2026-03-27 23:04:07] [WARNING] [Main] FPS dropped below requirement: 5.47
[2026-03-27 23:04:07] [WARNING] [Main] FPS dropped below requirement: 5.43
[2026-03-27 23:04:07] [WARNING] [Main] FPS dropped below requirement: 5.43
[2026-03-27 23:04:07] [WARNING] [Main] FPS dropped below requirement: 5.44
[2026-03-27 23:04:08] [WARNING] [Main] FPS dropped below requirement: 5.42
[2026-03-27 23:04:08] [WARNING] [Main] FPS dropped below requirement: 5.39
[2026-03-27 23:04:08] [WARNING] [Main] FPS dropped below requirement: 5.36
[2026-03-27 23:04:08] [WARNING] [Main] FPS dropped below requirement: 5.34
[2026-03-27 23:04:09] [WARNING] [Main] FPS dropped below requirement: 5.29
[2026-03-27 23:04:09] [WARNING] [Main] FPS dropped below requirement: 5.28
[2026-03-27 23:04:09] [WARNING] [Main] FPS dropped below requirement: 5.33
[2026-03-27 23:04:09] [WARNING] [Main] FPS dropped below requirement: 5.39
[2026-03-27 23:04:09] [WARNING] [Main] FPS dropped below requirement: 5.41
[2026-03-27 23:04:09] [WARNING] [Main] FPS dropped below requirement: 5.44
[2026-03-27 23:04:10] [WARNING] [Main] FPS dropped below requirement: 5.44
[2026-03-27 23:04:10] [WARNING] [Main] FPS dropped below requirement: 5.44
[2026-03-27 23:04:10] [WARNING] [Main] FPS dropped below requirement: 5.47
[2026-03-27 23:04:10] [WARNING] [Main] FPS dropped below requirement: 5.48
[2026-03-27 23:04:10] [WARNING] [Main] FPS dropped below requirement: 5.47
[2026-03-27 23:04:10] [WARNING] [Main] FPS dropped below requirement: 5.47
[2026-03-27 23:04:11] [WARNING] [Main] FPS dropped below requirement: 5.42
[2026-03-27 23:04:11] [WARNING] [Main] FPS dropped below requirement: 5.40
[2026-03-27 23:04:11] [WARNING] [Main] FPS dropped below requirement: 5.38
[2026-03-27 23:04:11] [WARNING] [Main] FPS dropped below requirement: 5.34
[2026-03-27 23:04:11] [WARNING] [Main] FPS dropped below requirement: 5.26
[2026-03-27 23:04:12] [WARNING] [Main] FPS dropped below requirement: 5.24
[2026-03-27 23:04:12] [WARNING] [Main] FPS dropped below requirement: 5.07
[2026-03-27 23:04:13] [WARNING] [Main] FPS dropped below requirement: 4.91
[2026-03-27 23:04:13] [WARNING] [Main] FPS dropped below requirement: 4.77
[2026-03-27 23:04:14] [WARNING] [Main] FPS dropped below requirement: 4.51
[2026-03-27 23:04:14] [WARNING] [Main] FPS dropped below requirement: 4.39
[2026-03-27 23:04:14] [WARNING] [Main] FPS dropped below requirement: 4.32
[2026-03-27 23:04:14] [WARNING] [Main] FPS dropped below requirement: 4.27
[2026-03-27 23:04:14] [WARNING] [Main] FPS dropped below requirement: 4.27
[2026-03-27 23:04:15] [WARNING] [Main] FPS dropped below requirement: 4.28
[2026-03-27 23:04:15] [WARNING] [Main] FPS dropped below requirement: 4.30
[2026-03-27 23:04:15] [WARNING] [Main] FPS dropped below requirement: 4.29
[2026-03-27 23:04:16] [WARNING] [Main] FPS dropped below requirement: 4.16
[2026-03-27 23:04:16] [WARNING] [Main] FPS dropped below requirement: 4.08
[2026-03-27 23:04:16] [WARNING] [Main] FPS dropped below requirement: 3.80
[2026-03-27 23:04:17] [WARNING] [Main] FPS dropped below requirement: 3.80
[2026-03-27 23:04:17] [WARNING] [Main] FPS dropped below requirement: 3.83
[2026-03-27 23:04:17] [WARNING] [Main] FPS dropped below requirement: 3.83
[2026-03-27 23:04:17] [WARNING] [Main] FPS dropped below requirement: 3.85
[2026-03-27 23:04:17] [WARNING] [Main] FPS dropped below requirement: 3.87
[2026-03-27 23:04:17] [WARNING] [Main] FPS dropped below requirement: 3.87
[2026-03-27 23:04:18] [WARNING] [Main] FPS dropped below requirement: 3.88
[2026-03-27 23:04:18] [WARNING] [Main] FPS dropped below requirement: 3.89
[2026-03-27 23:04:18] [WARNING] [Main] FPS dropped below requirement: 3.90
[2026-03-27 23:04:18] [WARNING] [Main] FPS dropped below requirement: 3.93
[2026-03-27 23:04:18] [WARNING] [Main] FPS dropped below requirement: 3.93
[2026-03-27 23:04:18] [WARNING] [Main] FPS dropped below requirement: 3.93
[2026-03-27 23:04:19] [WARNING] [Main] FPS dropped below requirement: 3.94
[2026-03-27 23:04:19] [WARNING] [Main] FPS dropped below requirement: 3.98
[2026-03-27 23:04:19] [WARNING] [Main] FPS dropped below requirement: 4.00
[2026-03-27 23:04:19] [WARNING] [Main] FPS dropped below requirement: 4.13
[2026-03-27 23:04:19] [WARNING] [Main] FPS dropped below requirement: 4.30
[2026-03-27 23:04:19] [WARNING] [Main] FPS dropped below requirement: 4.47
[2026-03-27 23:04:19] [WARNING] [Main] FPS dropped below requirement: 4.76
[2026-03-27 23:04:20] [WARNING] [Main] FPS dropped below requirement: 4.95
[2026-03-27 23:04:20] [WARNING] [Main] FPS dropped below requirement: 5.06
[2026-03-27 23:04:20] [WARNING] [Main] FPS dropped below requirement: 5.13
[2026-03-27 23:04:20] [WARNING] [Main] FPS dropped below requirement: 5.16
[2026-03-27 23:04:20] [WARNING] [Main] FPS dropped below requirement: 5.19
[2026-03-27 23:04:20] [WARNING] [Main] FPS dropped below requirement: 5.20
[2026-03-27 23:04:21] [WARNING] [Main] FPS dropped below requirement: 5.27
[2026-03-27 23:04:21] [WARNING] [Main] FPS dropped below requirement: 5.53
[2026-03-27 23:04:21] [WARNING] [Main] FPS dropped below requirement: 5.73
[2026-03-27 23:04:21] [WARNING] [Main] FPS dropped below requirement: 6.36
[2026-03-27 23:04:21] [WARNING] [Main] FPS dropped below requirement: 6.36
[2026-03-27 23:04:21] [WARNING] [Main] FPS dropped below requirement: 6.34
[2026-03-27 23:04:22] [WARNING] [Main] FPS dropped below requirement: 6.30
[2026-03-27 23:04:22] [WARNING] [Main] FPS dropped below requirement: 6.29
[2026-03-27 23:04:22] [WARNING] [Main] FPS dropped below requirement: 6.26
[2026-03-27 23:04:22] [WARNING] [Main] FPS dropped below requirement: 6.25
[2026-03-27 23:04:22] [WARNING] [Main] FPS dropped below requirement: 6.24
[2026-03-27 23:04:22] [WARNING] [Main] FPS dropped below requirement: 6.22
[2026-03-27 23:04:23] [WARNING] [Main] FPS dropped below requirement: 6.19
[2026-03-27 23:04:23] [WARNING] [Main] FPS dropped below requirement: 6.18
[2026-03-27 23:04:23] [WARNING] [Main] FPS dropped below requirement: 6.18
[2026-03-27 23:04:23] [WARNING] [Main] FPS dropped below requirement: 6.17
[2026-03-27 23:04:23] [WARNING] [Main] FPS dropped below requirement: 6.15
[2026-03-27 23:04:23] [WARNING] [Main] FPS dropped below requirement: 6.13
[2026-03-27 23:04:24] [WARNING] [Main] FPS dropped below requirement: 6.09
[2026-03-27 23:04:24] [WARNING] [Main] FPS dropped below requirement: 6.08
[2026-03-27 23:04:24] [WARNING] [Main] FPS dropped below requirement: 5.99
[2026-03-27 23:04:24] [WARNING] [Main] FPS dropped below requirement: 5.73
[2026-03-27 23:04:25] [WARNING] [Main] FPS dropped below requirement: 5.61
[2026-03-27 23:04:25] [WARNING] [Main] FPS dropped below requirement: 5.52
[2026-03-27 23:04:25] [WARNING] [Main] FPS dropped below requirement: 5.41
[2026-03-27 23:04:26] [WARNING] [Main] FPS dropped below requirement: 5.20
[2026-03-27 23:04:26] [WARNING] [Main] FPS dropped below requirement: 5.10
[2026-03-27 23:04:26] [WARNING] [Main] FPS dropped below requirement: 5.03
[2026-03-27 23:04:26] [WARNING] [Main] FPS dropped below requirement: 4.90
[2026-03-27 23:04:26] [WARNING] [Main] FPS dropped below requirement: 4.90
[2026-03-27 23:04:27] [WARNING] [Main] FPS dropped below requirement: 4.89
[2026-03-27 23:04:27] [WARNING] [Main] FPS dropped below requirement: 4.88
[2026-03-27 23:04:27] [WARNING] [Main] FPS dropped below requirement: 4.88
[2026-03-27 23:04:27] [WARNING] [Main] FPS dropped below requirement: 4.87
[2026-03-27 23:04:27] [WARNING] [Main] FPS dropped below requirement: 4.86
[2026-03-27 23:04:28] [WARNING] [Main] FPS dropped below requirement: 4.86
[2026-03-27 23:04:28] [WARNING] [Main] FPS dropped below requirement: 4.84
[2026-03-27 23:04:28] [WARNING] [Main] FPS dropped below requirement: 4.83
[2026-03-27 23:04:28] [WARNING] [Main] FPS dropped below requirement: 4.82
[2026-03-27 23:04:28] [WARNING] [Main] FPS dropped below requirement: 4.82
[2026-03-27 23:04:28] [WARNING] [Main] FPS dropped below requirement: 4.82
[2026-03-27 23:04:29] [WARNING] [Main] FPS dropped below requirement: 4.82
[2026-03-27 23:04:29] [WARNING] [Main] FPS dropped below requirement: 4.83
[2026-03-27 23:04:29] [WARNING] [Main] FPS dropped below requirement: 4.88
[2026-03-27 23:04:29] [WARNING] [Main] FPS dropped below requirement: 4.78
[2026-03-27 23:04:29] [WARNING] [Main] FPS dropped below requirement: 4.83
[2026-03-27 23:04:29] [WARNING] [Main] FPS dropped below requirement: 4.83
[2026-03-27 23:04:30] [WARNING] [Main] FPS dropped below requirement: 4.84
[2026-03-27 23:04:30] [WARNING] [Main] FPS dropped below requirement: 4.74
[2026-03-27 23:04:30] [WARNING] [Main] FPS dropped below requirement: 4.71
[2026-03-27 23:04:31] [WARNING] [Main] FPS dropped below requirement: 4.71
[2026-03-27 23:04:31] [WARNING] [Main] FPS dropped below requirement: 4.67
[2026-03-27 23:04:31] [WARNING] [Main] FPS dropped below requirement: 4.73
[2026-03-27 23:04:31] [WARNING] [Main] FPS dropped below requirement: 4.87
[2026-03-27 23:04:31] [WARNING] [Main] FPS dropped below requirement: 5.07
[2026-03-27 23:04:31] [WARNING] [Main] FPS dropped below requirement: 5.21
[2026-03-27 23:04:32] [WARNING] [Main] FPS dropped below requirement: 5.23
[2026-03-27 23:04:32] [WARNING] [Main] FPS dropped below requirement: 5.37
[2026-03-27 23:04:32] [WARNING] [Main] FPS dropped below requirement: 5.37
[2026-03-27 23:04:32] [WARNING] [Main] FPS dropped below requirement: 5.38
[2026-03-27 23:04:32] [WARNING] [Main] FPS dropped below requirement: 5.39
[2026-03-27 23:04:32] [WARNING] [Main] FPS dropped below requirement: 5.39
[2026-03-27 23:04:33] [WARNING] [Main] FPS dropped below requirement: 5.40
[2026-03-27 23:04:33] [WARNING] [Main] FPS dropped below requirement: 5.30
[2026-03-27 23:04:33] [WARNING] [Main] FPS dropped below requirement: 5.25
[2026-03-27 23:04:33] [WARNING] [Main] FPS dropped below requirement: 5.15
[2026-03-27 23:04:34] [WARNING] [Main] FPS dropped below requirement: 5.06
[2026-03-27 23:04:34] [WARNING] [Main] FPS dropped below requirement: 5.07
[2026-03-27 23:04:34] [WARNING] [Main] FPS dropped below requirement: 5.08
[2026-03-27 23:04:34] [WARNING] [Main] FPS dropped below requirement: 5.06
[2026-03-27 23:04:34] [WARNING] [Main] FPS dropped below requirement: 5.06
[2026-03-27 23:04:34] [WARNING] [Main] FPS dropped below requirement: 5.06
[2026-03-27 23:04:35] [WARNING] [Main] FPS dropped below requirement: 5.00
[2026-03-27 23:04:35] [WARNING] [Main] FPS dropped below requirement: 5.11
[2026-03-27 23:04:35] [WARNING] [Main] FPS dropped below requirement: 5.06
[2026-03-27 23:04:35] [WARNING] [Main] FPS dropped below requirement: 5.06
[2026-03-27 23:04:35] [WARNING] [Main] FPS dropped below requirement: 5.06
[2026-03-27 23:04:36] [WARNING] [Main] FPS dropped below requirement: 5.17
[2026-03-27 23:04:36] [WARNING] [Main] FPS dropped below requirement: 5.21
[2026-03-27 23:04:36] [WARNING] [Main] FPS dropped below requirement: 5.34
[2026-03-27 23:04:36] [WARNING] [Main] FPS dropped below requirement: 5.50
[2026-03-27 23:04:36] [WARNING] [Main] FPS dropped below requirement: 5.50
[2026-03-27 23:04:36] [WARNING] [Main] FPS dropped below requirement: 5.40
[2026-03-27 23:04:37] [WARNING] [Main] FPS dropped below requirement: 5.38
[2026-03-27 23:04:37] [WARNING] [Main] FPS dropped below requirement: 5.30
[2026-03-27 23:04:37] [WARNING] [Main] FPS dropped below requirement: 5.34
[2026-03-27 23:04:37] [WARNING] [Main] FPS dropped below requirement: 5.35
[2026-03-27 23:04:37] [WARNING] [Main] FPS dropped below requirement: 5.34
[2026-03-27 23:04:38] [WARNING] [Main] FPS dropped below requirement: 5.35
[2026-03-27 23:04:38] [WARNING] [Main] FPS dropped below requirement: 5.32
[2026-03-27 23:04:38] [WARNING] [Main] FPS dropped below requirement: 5.30
[2026-03-27 23:04:38] [WARNING] [Main] FPS dropped below requirement: 5.30
[2026-03-27 23:04:38] [WARNING] [Main] FPS dropped below requirement: 5.40
[2026-03-27 23:04:38] [WARNING] [Main] FPS dropped below requirement: 5.47
[2026-03-27 23:04:39] [WARNING] [Main] FPS dropped below requirement: 5.59
[2026-03-27 23:04:39] [WARNING] [Main] FPS dropped below requirement: 5.72
[2026-03-27 23:04:39] [WARNING] [Main] FPS dropped below requirement: 5.70
[2026-03-27 23:04:39] [WARNING] [Main] FPS dropped below requirement: 5.68
[2026-03-27 23:04:39] [WARNING] [Main] FPS dropped below requirement: 5.69
[2026-03-27 23:04:39] [WARNING] [Main] FPS dropped below requirement: 5.69
[2026-03-27 23:04:40] [WARNING] [Main] FPS dropped below requirement: 5.69
[2026-03-27 23:04:40] [WARNING] [Main] FPS dropped below requirement: 5.67
[2026-03-27 23:04:40] [WARNING] [Main] FPS dropped below requirement: 5.65
[2026-03-27 23:04:40] [WARNING] [Main] FPS dropped below requirement: 5.65
[2026-03-27 23:04:40] [WARNING] [Main] FPS dropped below requirement: 5.66
[2026-03-27 23:04:40] [WARNING] [Main] FPS dropped below requirement: 5.65
[2026-03-27 23:04:41] [WARNING] [Main] FPS dropped below requirement: 5.67
[2026-03-27 23:04:41] [WARNING] [Main] FPS dropped below requirement: 5.69
[2026-03-27 23:04:41] [WARNING] [Main] FPS dropped below requirement: 5.70
[2026-03-27 23:04:41] [WARNING] [Main] FPS dropped below requirement: 5.71
[2026-03-27 23:04:41] [WARNING] [Main] FPS dropped below requirement: 5.72
[2026-03-27 23:04:42] [WARNING] [Main] FPS dropped below requirement: 5.73
[2026-03-27 23:04:42] [WARNING] [Main] FPS dropped below requirement: 5.73
[2026-03-27 23:04:42] [WARNING] [Main] FPS dropped below requirement: 5.74
[2026-03-27 23:04:42] [WARNING] [Main] FPS dropped below requirement: 5.74
[2026-03-27 23:04:42] [WARNING] [Main] FPS dropped below requirement: 5.74
[2026-03-27 23:04:42] [WARNING] [Main] FPS dropped below requirement: 5.72
[2026-03-27 23:04:43] [WARNING] [Main] FPS dropped below requirement: 5.72
[2026-03-27 23:04:43] [WARNING] [Main] FPS dropped below requirement: 5.74
[2026-03-27 23:04:43] [WARNING] [Main] FPS dropped below requirement: 5.74
[2026-03-27 23:04:43] [WARNING] [Main] FPS dropped below requirement: 5.74
[2026-03-27 23:04:43] [WARNING] [Main] FPS dropped below requirement: 5.75
[2026-03-27 23:04:43] [WARNING] [Main] FPS dropped below requirement: 5.73
[2026-03-27 23:04:44] [WARNING] [Main] FPS dropped below requirement: 5.75
[2026-03-27 23:04:44] [WARNING] [Main] FPS dropped below requirement: 5.74
[2026-03-27 23:04:44] [WARNING] [Main] FPS dropped below requirement: 5.75
[2026-03-27 23:04:44] [WARNING] [Main] FPS dropped below requirement: 5.77
[2026-03-27 23:04:44] [WARNING] [Main] FPS dropped below requirement: 5.76
[2026-03-27 23:04:44] [WARNING] [Main] FPS dropped below requirement: 5.78
[2026-03-27 23:04:45] [WARNING] [Main] FPS dropped below requirement: 5.76
[2026-03-27 23:04:45] [WARNING] [Main] FPS dropped below requirement: 5.77
[2026-03-27 23:04:45] [WARNING] [Main] FPS dropped below requirement: 5.77
[2026-03-27 23:04:45] [WARNING] [Main] FPS dropped below requirement: 5.77
[2026-03-27 23:04:45] [WARNING] [Main] FPS dropped below requirement: 5.77
[2026-03-27 23:04:46] [WARNING] [Main] FPS dropped below requirement: 5.78
[2026-03-27 23:04:46] [WARNING] [Main] FPS dropped below requirement: 5.70
[2026-03-27 23:04:46] [WARNING] [Main] FPS dropped below requirement: 5.61
[2026-03-27 23:04:46] [WARNING] [Main] FPS dropped below requirement: 5.54
[2026-03-27 23:04:47] [WARNING] [Main] FPS dropped below requirement: 5.47
[2026-03-27 23:04:47] [WARNING] [Main] FPS dropped below requirement: 5.41
[2026-03-27 23:04:47] [WARNING] [Main] FPS dropped below requirement: 5.35
[2026-03-27 23:04:47] [WARNING] [Main] FPS dropped below requirement: 5.32
[2026-03-27 23:04:47] [WARNING] [Main] FPS dropped below requirement: 5.24
[2026-03-27 23:04:48] [WARNING] [Main] FPS dropped below requirement: 5.19
[2026-03-27 23:04:48] [WARNING] [Main] FPS dropped below requirement: 5.10
[2026-03-27 23:04:48] [WARNING] [Main] FPS dropped below requirement: 5.10
[2026-03-27 23:04:49] [WARNING] [Main] FPS dropped below requirement: 4.98
[2026-03-27 23:04:49] [WARNING] [Main] FPS dropped below requirement: 4.88
[2026-03-27 23:04:49] [WARNING] [Main] FPS dropped below requirement: 4.82
[2026-03-27 23:04:49] [WARNING] [Main] FPS dropped below requirement: 4.77
[2026-03-27 23:04:49] [WARNING] [Main] FPS dropped below requirement: 4.77
[2026-03-27 23:04:50] [WARNING] [Main] FPS dropped below requirement: 4.71
[2026-03-27 23:04:50] [WARNING] [Main] FPS dropped below requirement: 4.67
[2026-03-27 23:04:50] [WARNING] [Main] FPS dropped below requirement: 4.63
[2026-03-27 23:04:50] [WARNING] [Main] FPS dropped below requirement: 4.58
[2026-03-27 23:04:51] [WARNING] [Main] FPS dropped below requirement: 4.54
[2026-03-27 23:04:51] [WARNING] [Main] FPS dropped below requirement: 4.38
[2026-03-27 23:04:51] [WARNING] [Main] FPS dropped below requirement: 4.32
[2026-03-27 23:04:51] [WARNING] [Main] FPS dropped below requirement: 4.28
[2026-03-27 23:04:52] [WARNING] [Main] FPS dropped below requirement: 4.26
[2026-03-27 23:04:52] [WARNING] [Main] FPS dropped below requirement: 4.26
[2026-03-27 23:04:52] [WARNING] [Main] FPS dropped below requirement: 4.22
[2026-03-27 23:04:52] [WARNING] [Main] FPS dropped below requirement: 4.07
[2026-03-27 23:04:53] [WARNING] [Main] FPS dropped below requirement: 4.05
[2026-03-27 23:04:53] [WARNING] [Main] FPS dropped below requirement: 4.02
[2026-03-27 23:04:53] [INFO] [Main] Output saved to output.mp4
[2026-03-27 23:04:53] [INFO] [VideoCapture] Camera released.
[2026-03-27 23:04:53] [INFO] [Main] System shutdown
[2026-03-27 23:21:50] [INFO] [Main] Driver Monitoring System starting
[2026-03-27 23:21:51] [INFO] [Main] FaceMap 3DMM landmark detector loaded
[2026-03-27 23:21:51] [INFO] [VideoCapture] Opening video source: data/in_video.mp4 ...
[2026-03-27 23:21:51] [INFO] [VideoCapture] Source opened successfully: data/in_video.mp4
[2026-03-27 23:21:51] [INFO] [Main] Capture loop started. Press 'q' to quit.
[2026-03-27 23:21:51] [INFO] [Main] Saving output to output.mp4
[2026-03-27 23:21:53] [WARNING] [Main] FPS dropped below requirement: 0.00
[2026-03-27 23:21:53] [WARNING] [Main] FPS dropped below requirement: 0.66
[2026-03-27 23:21:53] [WARNING] [Main] FPS dropped below requirement: 1.11
[2026-03-27 23:21:54] [WARNING] [Main] FPS dropped below requirement: 1.48
[2026-03-27 23:21:54] [WARNING] [Main] FPS dropped below requirement: 1.82
[2026-03-27 23:21:54] [WARNING] [Main] FPS dropped below requirement: 2.20
[2026-03-27 23:21:54] [WARNING] [Main] FPS dropped below requirement: 2.55
[2026-03-27 23:21:54] [WARNING] [Main] FPS dropped below requirement: 2.78
[2026-03-27 23:21:54] [WARNING] [Main] FPS dropped below requirement: 3.01
[2026-03-27 23:21:54] [WARNING] [Main] FPS dropped below requirement: 3.13
[2026-03-27 23:21:55] [WARNING] [Main] FPS dropped below requirement: 3.30
[2026-03-27 23:21:55] [WARNING] [Main] FPS dropped below requirement: 3.43
[2026-03-27 23:21:55] [WARNING] [Main] FPS dropped below requirement: 3.49
[2026-03-27 23:21:55] [WARNING] [Main] FPS dropped below requirement: 3.61
[2026-03-27 23:21:55] [WARNING] [Main] FPS dropped below requirement: 3.77
[2026-03-27 23:21:55] [WARNING] [Main] FPS dropped below requirement: 3.82
[2026-03-27 23:21:56] [WARNING] [Main] FPS dropped below requirement: 3.85
[2026-03-27 23:21:56] [WARNING] [Main] FPS dropped below requirement: 3.94
[2026-03-27 23:21:56] [WARNING] [Main] FPS dropped below requirement: 4.06
[2026-03-27 23:21:56] [WARNING] [Main] FPS dropped below requirement: 4.10
[2026-03-27 23:21:56] [WARNING] [Main] FPS dropped below requirement: 4.20
[2026-03-27 23:21:56] [WARNING] [Main] FPS dropped below requirement: 4.29
[2026-03-27 23:21:57] [WARNING] [Main] FPS dropped below requirement: 4.33
[2026-03-27 23:21:57] [WARNING] [Main] FPS dropped below requirement: 4.40
[2026-03-27 23:21:57] [WARNING] [Main] FPS dropped below requirement: 4.49
[2026-03-27 23:21:57] [WARNING] [Main] FPS dropped below requirement: 4.54
[2026-03-27 23:21:57] [WARNING] [Main] FPS dropped below requirement: 4.61
[2026-03-27 23:21:57] [WARNING] [Main] FPS dropped below requirement: 4.59
[2026-03-27 23:21:57] [WARNING] [Main] FPS dropped below requirement: 4.67
[2026-03-27 23:21:58] [WARNING] [Main] FPS dropped below requirement: 4.72
[2026-03-27 23:21:58] [WARNING] [Main] FPS dropped below requirement: 6.01
[2026-03-27 23:21:58] [WARNING] [Main] FPS dropped below requirement: 6.12
[2026-03-27 23:21:58] [WARNING] [Main] FPS dropped below requirement: 6.20
[2026-03-27 23:21:58] [WARNING] [Main] FPS dropped below requirement: 6.25
[2026-03-27 23:21:59] [WARNING] [Main] FPS dropped below requirement: 6.11
[2026-03-27 23:21:59] [WARNING] [Main] FPS dropped below requirement: 6.00
[2026-03-27 23:21:59] [WARNING] [Main] FPS dropped below requirement: 6.00
[2026-03-27 23:21:59] [WARNING] [Main] FPS dropped below requirement: 5.99
[2026-03-27 23:21:59] [WARNING] [Main] FPS dropped below requirement: 6.08
[2026-03-27 23:21:59] [WARNING] [Main] FPS dropped below requirement: 6.07
[2026-03-27 23:21:59] [WARNING] [Main] FPS dropped below requirement: 6.08
[2026-03-27 23:22:00] [WARNING] [Main] FPS dropped below requirement: 6.15
[2026-03-27 23:22:00] [WARNING] [Main] FPS dropped below requirement: 6.02
[2026-03-27 23:22:00] [WARNING] [Main] FPS dropped below requirement: 5.98
[2026-03-27 23:22:00] [WARNING] [Main] FPS dropped below requirement: 6.06
[2026-03-27 23:22:00] [WARNING] [Main] FPS dropped below requirement: 6.19
[2026-03-27 23:22:01] [WARNING] [Main] FPS dropped below requirement: 6.18
[2026-03-27 23:22:01] [WARNING] [Main] FPS dropped below requirement: 6.10
[2026-03-27 23:22:01] [WARNING] [Main] FPS dropped below requirement: 6.13
[2026-03-27 23:22:01] [WARNING] [Main] FPS dropped below requirement: 6.03
[2026-03-27 23:22:01] [WARNING] [Main] FPS dropped below requirement: 5.98
[2026-03-27 23:22:01] [WARNING] [Main] FPS dropped below requirement: 6.00
[2026-03-27 23:22:02] [WARNING] [Main] FPS dropped below requirement: 5.95
[2026-03-27 23:22:02] [WARNING] [Main] FPS dropped below requirement: 5.90
[2026-03-27 23:22:02] [WARNING] [Main] FPS dropped below requirement: 5.90
[2026-03-27 23:22:02] [WARNING] [Main] FPS dropped below requirement: 5.86
[2026-03-27 23:22:02] [WARNING] [Main] FPS dropped below requirement: 5.95
[2026-03-27 23:22:02] [WARNING] [Main] FPS dropped below requirement: 5.92
[2026-03-27 23:22:03] [WARNING] [Main] FPS dropped below requirement: 5.92
[2026-03-27 23:22:03] [WARNING] [Main] FPS dropped below requirement: 6.00
[2026-03-27 23:22:03] [WARNING] [Main] FPS dropped below requirement: 6.04
[2026-03-27 23:22:03] [WARNING] [Main] FPS dropped below requirement: 6.07
[2026-03-27 23:22:03] [WARNING] [Main] FPS dropped below requirement: 6.06
[2026-03-27 23:22:03] [WARNING] [Main] FPS dropped below requirement: 6.09
[2026-03-27 23:22:03] [WARNING] [Main] FPS dropped below requirement: 6.08
[2026-03-27 23:22:04] [WARNING] [Main] FPS dropped below requirement: 6.08
[2026-03-27 23:22:04] [WARNING] [Main] FPS dropped below requirement: 6.06
[2026-03-27 23:22:04] [WARNING] [Main] FPS dropped below requirement: 6.07
[2026-03-27 23:22:04] [WARNING] [Main] FPS dropped below requirement: 6.08
[2026-03-27 23:22:04] [WARNING] [Main] FPS dropped below requirement: 6.08
[2026-03-27 23:22:04] [WARNING] [Main] FPS dropped below requirement: 6.09
[2026-03-27 23:22:05] [WARNING] [Main] FPS dropped below requirement: 6.22
[2026-03-27 23:22:05] [WARNING] [Main] FPS dropped below requirement: 6.21
[2026-03-27 23:22:05] [WARNING] [Main] FPS dropped below requirement: 6.19
[2026-03-27 23:22:05] [WARNING] [Main] FPS dropped below requirement: 6.19
[2026-03-27 23:22:05] [WARNING] [Main] FPS dropped below requirement: 6.21
[2026-03-27 23:22:05] [WARNING] [Main] FPS dropped below requirement: 6.22
[2026-03-27 23:22:05] [WARNING] [Main] FPS dropped below requirement: 6.24
[2026-03-27 23:22:06] [WARNING] [Main] FPS dropped below requirement: 6.32
[2026-03-27 23:22:06] [WARNING] [Main] FPS dropped below requirement: 6.33
[2026-03-27 23:22:06] [WARNING] [Main] FPS dropped below requirement: 6.29
[2026-03-27 23:22:06] [WARNING] [Main] FPS dropped below requirement: 6.27
[2026-03-27 23:22:06] [WARNING] [Main] FPS dropped below requirement: 6.12
[2026-03-27 23:22:07] [WARNING] [Main] FPS dropped below requirement: 6.13
[2026-03-27 23:22:07] [WARNING] [Main] FPS dropped below requirement: 6.17
[2026-03-27 23:22:07] [WARNING] [Main] FPS dropped below requirement: 6.21
[2026-03-27 23:22:07] [WARNING] [Main] FPS dropped below requirement: 6.21
[2026-03-27 23:22:07] [WARNING] [Main] FPS dropped below requirement: 6.22
[2026-03-27 23:22:07] [WARNING] [Main] FPS dropped below requirement: 6.20
[2026-03-27 23:22:07] [WARNING] [Main] FPS dropped below requirement: 6.20
[2026-03-27 23:22:08] [WARNING] [Main] FPS dropped below requirement: 6.20
[2026-03-27 23:22:08] [WARNING] [Main] FPS dropped below requirement: 6.21
[2026-03-27 23:22:08] [WARNING] [Main] FPS dropped below requirement: 6.20
[2026-03-27 23:22:08] [WARNING] [Main] FPS dropped below requirement: 6.24
[2026-03-27 23:22:08] [WARNING] [Main] FPS dropped below requirement: 6.29
[2026-03-27 23:22:08] [WARNING] [Main] FPS dropped below requirement: 6.31
[2026-03-27 23:22:09] [WARNING] [Main] FPS dropped below requirement: 6.30
[2026-03-27 23:22:09] [WARNING] [Main] FPS dropped below requirement: 6.29
[2026-03-27 23:22:09] [WARNING] [Main] FPS dropped below requirement: 6.34
[2026-03-27 23:22:09] [WARNING] [Main] FPS dropped below requirement: 6.38
[2026-03-27 23:22:09] [WARNING] [Main] FPS dropped below requirement: 6.34
[2026-03-27 23:22:09] [WARNING] [Main] FPS dropped below requirement: 6.36
[2026-03-27 23:22:09] [WARNING] [Main] FPS dropped below requirement: 6.39
[2026-03-27 23:22:10] [WARNING] [Main] FPS dropped below requirement: 6.40
[2026-03-27 23:22:10] [WARNING] [Main] FPS dropped below requirement: 6.41
[2026-03-27 23:22:10] [WARNING] [Main] FPS dropped below requirement: 6.43
[2026-03-27 23:22:10] [WARNING] [Main] FPS dropped below requirement: 6.48
[2026-03-27 23:22:10] [WARNING] [Main] FPS dropped below requirement: 6.51
[2026-03-27 23:22:10] [WARNING] [Main] FPS dropped below requirement: 6.54
[2026-03-27 23:22:10] [WARNING] [Main] FPS dropped below requirement: 6.60
[2026-03-27 23:22:11] [WARNING] [Main] FPS dropped below requirement: 6.68
[2026-03-27 23:22:11] [WARNING] [Main] FPS dropped below requirement: 6.89
[2026-03-27 23:22:11] [WARNING] [Main] FPS dropped below requirement: 6.90
[2026-03-27 23:22:11] [WARNING] [Main] FPS dropped below requirement: 6.89
[2026-03-27 23:22:11] [WARNING] [Main] FPS dropped below requirement: 6.90
[2026-03-27 23:22:11] [WARNING] [Main] FPS dropped below requirement: 6.88
[2026-03-27 23:22:11] [WARNING] [Main] FPS dropped below requirement: 6.86
[2026-03-27 23:22:12] [WARNING] [Main] FPS dropped below requirement: 6.86
[2026-03-27 23:22:12] [WARNING] [Main] FPS dropped below requirement: 6.85
[2026-03-27 23:22:12] [WARNING] [Main] FPS dropped below requirement: 6.82
[2026-03-27 23:22:12] [WARNING] [Main] FPS dropped below requirement: 6.81
[2026-03-27 23:22:12] [WARNING] [Main] FPS dropped below requirement: 6.81
[2026-03-27 23:22:12] [WARNING] [Main] FPS dropped below requirement: 6.80
[2026-03-27 23:22:13] [WARNING] [Main] FPS dropped below requirement: 6.75
[2026-03-27 23:22:13] [WARNING] [Main] FPS dropped below requirement: 6.70
[2026-03-27 23:22:13] [WARNING] [Main] FPS dropped below requirement: 6.68
[2026-03-27 23:22:13] [WARNING] [Main] FPS dropped below requirement: 6.58
[2026-03-27 23:22:13] [WARNING] [Main] FPS dropped below requirement: 6.23
[2026-03-27 23:22:14] [WARNING] [Main] FPS dropped below requirement: 6.18
[2026-03-27 23:22:14] [WARNING] [Main] FPS dropped below requirement: 6.10
[2026-03-27 23:22:14] [WARNING] [Main] FPS dropped below requirement: 6.00
[2026-03-27 23:22:14] [WARNING] [Main] FPS dropped below requirement: 5.89
[2026-03-27 23:22:15] [WARNING] [Main] FPS dropped below requirement: 5.72
[2026-03-27 23:22:15] [WARNING] [Main] FPS dropped below requirement: 5.62
[2026-03-27 23:22:15] [WARNING] [Main] FPS dropped below requirement: 5.59
[2026-03-27 23:22:15] [WARNING] [Main] FPS dropped below requirement: 5.48
[2026-03-27 23:22:16] [WARNING] [Main] FPS dropped below requirement: 5.37
[2026-03-27 23:22:16] [WARNING] [Main] FPS dropped below requirement: 5.31
[2026-03-27 23:22:16] [WARNING] [Main] FPS dropped below requirement: 5.25
[2026-03-27 23:22:16] [WARNING] [Main] FPS dropped below requirement: 5.17
[2026-03-27 23:22:16] [WARNING] [Main] FPS dropped below requirement: 5.09
[2026-03-27 23:22:17] [WARNING] [Main] FPS dropped below requirement: 5.00
[2026-03-27 23:22:17] [WARNING] [Main] FPS dropped below requirement: 4.96
[2026-03-27 23:22:17] [WARNING] [Main] FPS dropped below requirement: 4.89
[2026-03-27 23:22:18] [WARNING] [Main] FPS dropped below requirement: 4.65
[2026-03-27 23:22:18] [WARNING] [Main] FPS dropped below requirement: 4.61
[2026-03-27 23:22:18] [WARNING] [Main] FPS dropped below requirement: 4.56
[2026-03-27 23:22:18] [WARNING] [Main] FPS dropped below requirement: 4.52
[2026-03-27 23:22:18] [WARNING] [Main] FPS dropped below requirement: 4.48
[2026-03-27 23:22:19] [WARNING] [Main] FPS dropped below requirement: 4.45
[2026-03-27 23:22:19] [WARNING] [Main] FPS dropped below requirement: 4.44
[2026-03-27 23:22:19] [WARNING] [Main] FPS dropped below requirement: 4.42
[2026-03-27 23:22:19] [WARNING] [Main] FPS dropped below requirement: 4.36
[2026-03-27 23:22:19] [WARNING] [Main] FPS dropped below requirement: 4.38
[2026-03-27 23:22:20] [WARNING] [Main] FPS dropped below requirement: 4.35
[2026-03-27 23:22:20] [WARNING] [Main] FPS dropped below requirement: 4.38
[2026-03-27 23:22:20] [WARNING] [Main] FPS dropped below requirement: 4.52
[2026-03-27 23:22:20] [WARNING] [Main] FPS dropped below requirement: 4.53
[2026-03-27 23:22:20] [WARNING] [Main] FPS dropped below requirement: 4.58
[2026-03-27 23:22:21] [WARNING] [Main] FPS dropped below requirement: 4.60
[2026-03-27 23:22:21] [WARNING] [Main] FPS dropped below requirement: 4.51
[2026-03-27 23:22:21] [WARNING] [Main] FPS dropped below requirement: 4.53
[2026-03-27 23:22:21] [WARNING] [Main] FPS dropped below requirement: 4.56
[2026-03-27 23:22:21] [WARNING] [Main] FPS dropped below requirement: 4.58
[2026-03-27 23:22:22] [WARNING] [Main] FPS dropped below requirement: 4.63
[2026-03-27 23:22:22] [WARNING] [Main] FPS dropped below requirement: 4.69
[2026-03-27 23:22:22] [WARNING] [Main] FPS dropped below requirement: 4.73
[2026-03-27 23:22:22] [WARNING] [Main] FPS dropped below requirement: 4.77
[2026-03-27 23:22:22] [WARNING] [Main] FPS dropped below requirement: 4.81
[2026-03-27 23:22:22] [WARNING] [Main] FPS dropped below requirement: 4.87
[2026-03-27 23:22:23] [WARNING] [Main] FPS dropped below requirement: 4.95
[2026-03-27 23:22:23] [WARNING] [Main] FPS dropped below requirement: 4.97
[2026-03-27 23:22:23] [WARNING] [Main] FPS dropped below requirement: 5.00
[2026-03-27 23:22:23] [WARNING] [Main] FPS dropped below requirement: 5.26
[2026-03-27 23:22:23] [WARNING] [Main] FPS dropped below requirement: 5.28
[2026-03-27 23:22:23] [WARNING] [Main] FPS dropped below requirement: 5.31
[2026-03-27 23:22:24] [WARNING] [Main] FPS dropped below requirement: 5.32
[2026-03-27 23:22:24] [WARNING] [Main] FPS dropped below requirement: 5.38
[2026-03-27 23:22:24] [WARNING] [Main] FPS dropped below requirement: 5.39
[2026-03-27 23:22:24] [WARNING] [Main] FPS dropped below requirement: 5.43
[2026-03-27 23:22:24] [WARNING] [Main] FPS dropped below requirement: 5.47
[2026-03-27 23:22:24] [WARNING] [Main] FPS dropped below requirement: 5.61
[2026-03-27 23:22:25] [WARNING] [Main] FPS dropped below requirement: 5.63
[2026-03-27 23:22:25] [WARNING] [Main] FPS dropped below requirement: 5.46
[2026-03-27 23:22:25] [WARNING] [Main] FPS dropped below requirement: 5.47
[2026-03-27 23:22:25] [WARNING] [Main] FPS dropped below requirement: 5.49
[2026-03-27 23:22:25] [WARNING] [Main] FPS dropped below requirement: 5.50
[2026-03-27 23:22:25] [WARNING] [Main] FPS dropped below requirement: 5.54
[2026-03-27 23:22:26] [WARNING] [Main] FPS dropped below requirement: 5.56
[2026-03-27 23:22:26] [WARNING] [Main] FPS dropped below requirement: 5.76
[2026-03-27 23:22:26] [WARNING] [Main] FPS dropped below requirement: 5.86
[2026-03-27 23:22:26] [WARNING] [Main] FPS dropped below requirement: 5.93
[2026-03-27 23:22:26] [WARNING] [Main] FPS dropped below requirement: 5.92
[2026-03-27 23:22:26] [WARNING] [Main] FPS dropped below requirement: 5.94
[2026-03-27 23:22:27] [WARNING] [Main] FPS dropped below requirement: 5.94
[2026-03-27 23:22:27] [WARNING] [Main] FPS dropped below requirement: 5.95
[2026-03-27 23:22:27] [WARNING] [Main] FPS dropped below requirement: 5.98
[2026-03-27 23:22:27] [WARNING] [Main] FPS dropped below requirement: 6.01
[2026-03-27 23:22:27] [WARNING] [Main] FPS dropped below requirement: 6.00
[2026-03-27 23:22:27] [WARNING] [Main] FPS dropped below requirement: 5.96
[2026-03-27 23:22:28] [WARNING] [Main] FPS dropped below requirement: 5.96
[2026-03-27 23:22:28] [WARNING] [Main] FPS dropped below requirement: 5.99
[2026-03-27 23:22:28] [WARNING] [Main] FPS dropped below requirement: 5.98
[2026-03-27 23:22:28] [WARNING] [Main] FPS dropped below requirement: 5.99
[2026-03-27 23:22:28] [WARNING] [Main] FPS dropped below requirement: 6.00
[2026-03-27 23:22:28] [WARNING] [Main] FPS dropped below requirement: 6.03
[2026-03-27 23:22:29] [WARNING] [Main] FPS dropped below requirement: 5.99
[2026-03-27 23:22:29] [WARNING] [Main] FPS dropped below requirement: 5.98
[2026-03-27 23:22:29] [WARNING] [Main] FPS dropped below requirement: 5.91
[2026-03-27 23:22:29] [WARNING] [Main] FPS dropped below requirement: 5.86
[2026-03-27 23:22:29] [WARNING] [Main] FPS dropped below requirement: 5.78
[2026-03-27 23:22:30] [WARNING] [Main] FPS dropped below requirement: 5.74
[2026-03-27 23:22:30] [WARNING] [Main] FPS dropped below requirement: 5.98
[2026-03-27 23:22:30] [WARNING] [Main] FPS dropped below requirement: 5.98
[2026-03-27 23:22:30] [WARNING] [Main] FPS dropped below requirement: 5.92
[2026-03-27 23:22:30] [WARNING] [Main] FPS dropped below requirement: 5.90
[2026-03-27 23:22:30] [WARNING] [Main] FPS dropped below requirement: 5.91
[2026-03-27 23:22:31] [WARNING] [Main] FPS dropped below requirement: 5.89
[2026-03-27 23:22:31] [WARNING] [Main] FPS dropped below requirement: 5.92
[2026-03-27 23:22:31] [WARNING] [Main] FPS dropped below requirement: 5.92
[2026-03-27 23:22:31] [WARNING] [Main] FPS dropped below requirement: 5.78
[2026-03-27 23:22:31] [WARNING] [Main] FPS dropped below requirement: 5.73
[2026-03-27 23:22:32] [WARNING] [Main] FPS dropped below requirement: 5.70
[2026-03-27 23:22:32] [WARNING] [Main] FPS dropped below requirement: 5.69
[2026-03-27 23:22:32] [WARNING] [Main] FPS dropped below requirement: 5.67
[2026-03-27 23:22:32] [WARNING] [Main] FPS dropped below requirement: 5.61
[2026-03-27 23:22:32] [WARNING] [Main] FPS dropped below requirement: 5.56
[2026-03-27 23:22:32] [WARNING] [Main] FPS dropped below requirement: 5.50
[2026-03-27 23:22:33] [WARNING] [Main] FPS dropped below requirement: 5.53
[2026-03-27 23:22:33] [WARNING] [Main] FPS dropped below requirement: 5.52
[2026-03-27 23:22:33] [WARNING] [Main] FPS dropped below requirement: 5.52
[2026-03-27 23:22:33] [WARNING] [Main] FPS dropped below requirement: 5.51
[2026-03-27 23:22:33] [WARNING] [Main] FPS dropped below requirement: 5.50
[2026-03-27 23:22:34] [WARNING] [Main] FPS dropped below requirement: 5.50
[2026-03-27 23:22:34] [WARNING] [Main] FPS dropped below requirement: 5.49
[2026-03-27 23:22:34] [WARNING] [Main] FPS dropped below requirement: 5.49
[2026-03-27 23:22:34] [WARNING] [Main] FPS dropped below requirement: 5.53
[2026-03-27 23:22:34] [WARNING] [Main] FPS dropped below requirement: 5.55
[2026-03-27 23:22:34] [WARNING] [Main] FPS dropped below requirement: 5.57
[2026-03-27 23:22:35] [WARNING] [Main] FPS dropped below requirement: 5.60
[2026-03-27 23:22:35] [WARNING] [Main] FPS dropped below requirement: 5.58
[2026-03-27 23:22:35] [WARNING] [Main] FPS dropped below requirement: 5.54
[2026-03-27 23:22:35] [WARNING] [Main] FPS dropped below requirement: 5.55
[2026-03-27 23:22:35] [WARNING] [Main] FPS dropped below requirement: 5.61
[2026-03-27 23:22:35] [WARNING] [Main] FPS dropped below requirement: 5.56
[2026-03-27 23:22:36] [WARNING] [Main] FPS dropped below requirement: 5.55
[2026-03-27 23:22:36] [WARNING] [Main] FPS dropped below requirement: 5.57
[2026-03-27 23:22:36] [WARNING] [Main] FPS dropped below requirement: 5.56
[2026-03-27 23:22:36] [WARNING] [Main] FPS dropped below requirement: 5.58
[2026-03-27 23:22:36] [WARNING] [Main] FPS dropped below requirement: 5.67
[2026-03-27 23:22:36] [WARNING] [Main] FPS dropped below requirement: 5.72
[2026-03-27 23:22:37] [WARNING] [Main] FPS dropped below requirement: 5.74
[2026-03-27 23:22:37] [WARNING] [Main] FPS dropped below requirement: 5.76
[2026-03-27 23:22:37] [WARNING] [Main] FPS dropped below requirement: 5.80
[2026-03-27 23:22:37] [WARNING] [Main] FPS dropped below requirement: 5.83
[2026-03-27 23:22:37] [WARNING] [Main] FPS dropped below requirement: 5.87
[2026-03-27 23:22:37] [WARNING] [Main] FPS dropped below requirement: 5.96
[2026-03-27 23:22:37] [WARNING] [Main] FPS dropped below requirement: 5.99
[2026-03-27 23:22:38] [WARNING] [Main] FPS dropped below requirement: 6.00
[2026-03-27 23:22:38] [WARNING] [Main] FPS dropped below requirement: 6.00
[2026-03-27 23:22:38] [WARNING] [Main] FPS dropped below requirement: 6.06
[2026-03-27 23:22:38] [WARNING] [Main] FPS dropped below requirement: 6.09
[2026-03-27 23:22:38] [WARNING] [Main] FPS dropped below requirement: 6.15
[2026-03-27 23:22:38] [WARNING] [Main] FPS dropped below requirement: 6.23
[2026-03-27 23:22:38] [WARNING] [Main] FPS dropped below requirement: 6.29
[2026-03-27 23:22:39] [WARNING] [Main] FPS dropped below requirement: 6.31
[2026-03-27 23:22:39] [WARNING] [Main] FPS dropped below requirement: 6.35
[2026-03-27 23:22:39] [WARNING] [Main] FPS dropped below requirement: 6.32
[2026-03-27 23:22:39] [WARNING] [Main] FPS dropped below requirement: 6.15
[2026-03-27 23:22:39] [WARNING] [Main] FPS dropped below requirement: 6.20
[2026-03-27 23:22:40] [WARNING] [Main] FPS dropped below requirement: 6.28
[2026-03-27 23:22:40] [WARNING] [Main] FPS dropped below requirement: 6.26
[2026-03-27 23:22:40] [WARNING] [Main] FPS dropped below requirement: 5.94
[2026-03-27 23:22:40] [WARNING] [Main] FPS dropped below requirement: 5.95
[2026-03-27 23:22:41] [WARNING] [Main] FPS dropped below requirement: 5.91
[2026-03-27 23:22:41] [WARNING] [Main] FPS dropped below requirement: 5.89
[2026-03-27 23:22:41] [WARNING] [Main] FPS dropped below requirement: 5.88
[2026-03-27 23:22:41] [WARNING] [Main] FPS dropped below requirement: 5.86
[2026-03-27 23:22:41] [WARNING] [Main] FPS dropped below requirement: 5.82
[2026-03-27 23:22:41] [WARNING] [Main] FPS dropped below requirement: 5.76
[2026-03-27 23:22:42] [WARNING] [Main] FPS dropped below requirement: 5.75
[2026-03-27 23:22:42] [WARNING] [Main] FPS dropped below requirement: 5.73
[2026-03-27 23:22:42] [WARNING] [Main] FPS dropped below requirement: 5.70
[2026-03-27 23:22:42] [WARNING] [Main] FPS dropped below requirement: 5.69
[2026-03-27 23:22:42] [WARNING] [Main] FPS dropped below requirement: 5.67
[2026-03-27 23:22:42] [WARNING] [Main] FPS dropped below requirement: 5.65
[2026-03-27 23:22:43] [WARNING] [Main] FPS dropped below requirement: 5.66
[2026-03-27 23:22:43] [WARNING] [Main] FPS dropped below requirement: 5.63
[2026-03-27 23:22:43] [WARNING] [Main] FPS dropped below requirement: 5.63
[2026-03-27 23:22:43] [WARNING] [Main] FPS dropped below requirement: 5.60
[2026-03-27 23:22:43] [WARNING] [Main] FPS dropped below requirement: 5.56
[2026-03-27 23:22:44] [WARNING] [Main] FPS dropped below requirement: 5.51
[2026-03-27 23:22:44] [WARNING] [Main] FPS dropped below requirement: 5.45
[2026-03-27 23:22:44] [WARNING] [Main] FPS dropped below requirement: 5.40
[2026-03-27 23:22:44] [WARNING] [Main] FPS dropped below requirement: 5.38
[2026-03-27 23:22:44] [WARNING] [Main] FPS dropped below requirement: 5.36
[2026-03-27 23:22:44] [WARNING] [Main] FPS dropped below requirement: 5.39
[2026-03-27 23:22:44] [WARNING] [Main] FPS dropped below requirement: 5.53
[2026-03-27 23:22:45] [WARNING] [Main] FPS dropped below requirement: 5.51
[2026-03-27 23:22:45] [WARNING] [Main] FPS dropped below requirement: 5.51
[2026-03-27 23:22:45] [WARNING] [Main] FPS dropped below requirement: 5.53
[2026-03-27 23:22:45] [WARNING] [Main] FPS dropped below requirement: 5.84
[2026-03-27 23:22:45] [WARNING] [Main] FPS dropped below requirement: 5.90
[2026-03-27 23:22:45] [WARNING] [Main] FPS dropped below requirement: 5.95
[2026-03-27 23:22:46] [WARNING] [Main] FPS dropped below requirement: 5.99
[2026-03-27 23:22:46] [WARNING] [Main] FPS dropped below requirement: 6.00
[2026-03-27 23:22:46] [WARNING] [Main] FPS dropped below requirement: 6.05
[2026-03-27 23:22:46] [WARNING] [Main] FPS dropped below requirement: 6.10
[2026-03-27 23:22:46] [WARNING] [Main] FPS dropped below requirement: 6.21
[2026-03-27 23:22:46] [WARNING] [Main] FPS dropped below requirement: 6.23
[2026-03-27 23:22:46] [WARNING] [Main] FPS dropped below requirement: 6.22
[2026-03-27 23:22:47] [WARNING] [Main] FPS dropped below requirement: 6.24
[2026-03-27 23:22:47] [WARNING] [Main] FPS dropped below requirement: 6.26
[2026-03-27 23:22:47] [WARNING] [Main] FPS dropped below requirement: 6.26
[2026-03-27 23:22:47] [WARNING] [Main] FPS dropped below requirement: 6.29
[2026-03-27 23:22:47] [WARNING] [Main] FPS dropped below requirement: 6.26
[2026-03-27 23:22:48] [WARNING] [Main] FPS dropped below requirement: 5.95
[2026-03-27 23:22:48] [WARNING] [Main] FPS dropped below requirement: 5.96
[2026-03-27 23:22:48] [WARNING] [Main] FPS dropped below requirement: 5.93
[2026-03-27 23:22:48] [WARNING] [Main] FPS dropped below requirement: 5.92
[2026-03-27 23:22:48] [WARNING] [Main] FPS dropped below requirement: 5.88
[2026-03-27 23:22:49] [WARNING] [Main] FPS dropped below requirement: 5.84
[2026-03-27 23:22:49] [WARNING] [Main] FPS dropped below requirement: 5.84
[2026-03-27 23:22:49] [WARNING] [Main] FPS dropped below requirement: 5.79
[2026-03-27 23:22:49] [WARNING] [Main] FPS dropped below requirement: 5.79
[2026-03-27 23:22:49] [WARNING] [Main] FPS dropped below requirement: 5.76
[2026-03-27 23:22:50] [WARNING] [Main] FPS dropped below requirement: 5.73
[2026-03-27 23:22:50] [WARNING] [Main] FPS dropped below requirement: 5.69
[2026-03-27 23:22:50] [WARNING] [Main] FPS dropped below requirement: 5.66
[2026-03-27 23:22:50] [WARNING] [Main] FPS dropped below requirement: 5.63
[2026-03-27 23:22:50] [WARNING] [Main] FPS dropped below requirement: 5.60
[2026-03-27 23:22:50] [WARNING] [Main] FPS dropped below requirement: 5.53
[2026-03-27 23:22:51] [WARNING] [Main] FPS dropped below requirement: 5.50
[2026-03-27 23:22:51] [WARNING] [Main] FPS dropped below requirement: 5.47
[2026-03-27 23:22:51] [WARNING] [Main] FPS dropped below requirement: 5.44
[2026-03-27 23:22:51] [WARNING] [Main] FPS dropped below requirement: 5.41
[2026-03-27 23:22:51] [WARNING] [Main] FPS dropped below requirement: 5.39
[2026-03-27 23:22:52] [WARNING] [Main] FPS dropped below requirement: 5.34
[2026-03-27 23:22:52] [WARNING] [Main] FPS dropped below requirement: 5.33
[2026-03-27 23:22:52] [WARNING] [Main] FPS dropped below requirement: 5.27
[2026-03-27 23:22:52] [WARNING] [Main] FPS dropped below requirement: 5.27
[2026-03-27 23:22:52] [WARNING] [Main] FPS dropped below requirement: 5.28
[2026-03-27 23:22:53] [WARNING] [Main] FPS dropped below requirement: 5.29
[2026-03-27 23:22:53] [WARNING] [Main] FPS dropped below requirement: 5.07
[2026-03-27 23:22:53] [WARNING] [Main] FPS dropped below requirement: 4.98
[2026-03-27 23:22:53] [WARNING] [Main] FPS dropped below requirement: 5.18
[2026-03-27 23:22:54] [WARNING] [Main] FPS dropped below requirement: 5.11
[2026-03-27 23:22:54] [WARNING] [Main] FPS dropped below requirement: 5.12
[2026-03-27 23:22:54] [WARNING] [Main] FPS dropped below requirement: 5.13
[2026-03-27 23:22:54] [WARNING] [Main] FPS dropped below requirement: 5.17
[2026-03-27 23:22:54] [WARNING] [Main] FPS dropped below requirement: 5.23
[2026-03-27 23:22:54] [WARNING] [Main] FPS dropped below requirement: 5.23
[2026-03-27 23:22:55] [WARNING] [Main] FPS dropped below requirement: 5.20
[2026-03-27 23:22:55] [WARNING] [Main] FPS dropped below requirement: 5.19
[2026-03-27 23:22:55] [WARNING] [Main] FPS dropped below requirement: 5.19
[2026-03-27 23:22:55] [WARNING] [Main] FPS dropped below requirement: 5.17
[2026-03-27 23:22:55] [WARNING] [Main] FPS dropped below requirement: 5.17
[2026-03-27 23:22:56] [WARNING] [Main] FPS dropped below requirement: 5.17
[2026-03-27 23:22:56] [WARNING] [Main] FPS dropped below requirement: 5.12
[2026-03-27 23:22:56] [WARNING] [Main] FPS dropped below requirement: 5.11
[2026-03-27 23:22:56] [WARNING] [Main] FPS dropped below requirement: 5.14
[2026-03-27 23:22:56] [WARNING] [Main] FPS dropped below requirement: 5.16
[2026-03-27 23:22:56] [WARNING] [Main] FPS dropped below requirement: 5.15
[2026-03-27 23:22:57] [WARNING] [Main] FPS dropped below requirement: 5.17
[2026-03-27 23:22:57] [WARNING] [Main] FPS dropped below requirement: 5.13
[2026-03-27 23:22:57] [WARNING] [Main] FPS dropped below requirement: 5.09
[2026-03-27 23:22:57] [WARNING] [Main] FPS dropped below requirement: 5.09
[2026-03-27 23:22:57] [WARNING] [Main] FPS dropped below requirement: 5.06
[2026-03-27 23:22:58] [WARNING] [Main] FPS dropped below requirement: 5.11
[2026-03-27 23:22:58] [WARNING] [Main] FPS dropped below requirement: 5.05
[2026-03-27 23:22:58] [WARNING] [Main] FPS dropped below requirement: 5.00
[2026-03-27 23:22:58] [WARNING] [Main] FPS dropped below requirement: 4.95
[2026-03-27 23:22:58] [WARNING] [Main] FPS dropped below requirement: 5.11
[2026-03-27 23:22:59] [WARNING] [Main] FPS dropped below requirement: 5.16
[2026-03-27 23:22:59] [WARNING] [Main] FPS dropped below requirement: 5.15
[2026-03-27 23:22:59] [WARNING] [Main] FPS dropped below requirement: 5.11
[2026-03-27 23:22:59] [WARNING] [Main] FPS dropped below requirement: 5.10
[2026-03-27 23:23:00] [WARNING] [Main] FPS dropped below requirement: 5.09
[2026-03-27 23:23:00] [WARNING] [Main] FPS dropped below requirement: 5.02
[2026-03-27 23:23:00] [WARNING] [Main] FPS dropped below requirement: 4.98
[2026-03-27 23:23:00] [WARNING] [Main] FPS dropped below requirement: 4.96
[2026-03-27 23:23:01] [WARNING] [Main] FPS dropped below requirement: 4.98
[2026-03-27 23:23:01] [WARNING] [Main] FPS dropped below requirement: 4.93
[2026-03-27 23:23:01] [WARNING] [Main] FPS dropped below requirement: 4.87
[2026-03-27 23:23:01] [WARNING] [Main] FPS dropped below requirement: 4.86
[2026-03-27 23:23:01] [WARNING] [Main] FPS dropped below requirement: 4.86
[2026-03-27 23:23:02] [WARNING] [Main] FPS dropped below requirement: 4.84
[2026-03-27 23:23:02] [WARNING] [Main] FPS dropped below requirement: 4.79
[2026-03-27 23:23:02] [WARNING] [Main] FPS dropped below requirement: 4.80
[2026-03-27 23:23:02] [WARNING] [Main] FPS dropped below requirement: 4.81
[2026-03-27 23:23:03] [WARNING] [Main] FPS dropped below requirement: 4.81
[2026-03-27 23:23:03] [WARNING] [Main] FPS dropped below requirement: 4.58
[2026-03-27 23:23:03] [WARNING] [Main] FPS dropped below requirement: 4.53
[2026-03-27 23:23:03] [WARNING] [Main] FPS dropped below requirement: 4.53
[2026-03-27 23:23:03] [WARNING] [Main] FPS dropped below requirement: 4.53
[2026-03-27 23:23:04] [WARNING] [Main] FPS dropped below requirement: 4.51
[2026-03-27 23:23:04] [WARNING] [Main] FPS dropped below requirement: 4.52
[2026-03-27 23:23:04] [WARNING] [Main] FPS dropped below requirement: 4.48
[2026-03-27 23:23:04] [WARNING] [Main] FPS dropped below requirement: 4.50
[2026-03-27 23:23:05] [WARNING] [Main] FPS dropped below requirement: 4.48
[2026-03-27 23:23:05] [WARNING] [Main] FPS dropped below requirement: 4.50
[2026-03-27 23:23:05] [WARNING] [Main] FPS dropped below requirement: 4.53
[2026-03-27 23:23:05] [WARNING] [Main] FPS dropped below requirement: 4.56
[2026-03-27 23:23:05] [WARNING] [Main] FPS dropped below requirement: 4.59
[2026-03-27 23:23:05] [WARNING] [Main] FPS dropped below requirement: 4.65
[2026-03-27 23:23:06] [WARNING] [Main] FPS dropped below requirement: 4.68
[2026-03-27 23:23:06] [WARNING] [Main] FPS dropped below requirement: 4.69
[2026-03-27 23:23:06] [WARNING] [Main] FPS dropped below requirement: 4.77
[2026-03-27 23:23:06] [WARNING] [Main] FPS dropped below requirement: 4.80
[2026-03-27 23:23:06] [WARNING] [Main] FPS dropped below requirement: 4.84
[2026-03-27 23:23:06] [WARNING] [Main] FPS dropped below requirement: 4.87
[2026-03-27 23:23:07] [WARNING] [Main] FPS dropped below requirement: 4.94
[2026-03-27 23:23:07] [WARNING] [Main] FPS dropped below requirement: 5.02
[2026-03-27 23:23:07] [WARNING] [Main] FPS dropped below requirement: 5.06
[2026-03-27 23:23:07] [WARNING] [Main] FPS dropped below requirement: 5.11
[2026-03-27 23:23:07] [WARNING] [Main] FPS dropped below requirement: 5.14
[2026-03-27 23:23:07] [WARNING] [Main] FPS dropped below requirement: 5.28
[2026-03-27 23:23:07] [WARNING] [Main] FPS dropped below requirement: 5.26
[2026-03-27 23:23:08] [WARNING] [Main] FPS dropped below requirement: 5.26
[2026-03-27 23:23:08] [WARNING] [Main] FPS dropped below requirement: 5.26
[2026-03-27 23:23:08] [WARNING] [Main] FPS dropped below requirement: 5.58
[2026-03-27 23:23:08] [WARNING] [Main] FPS dropped below requirement: 5.65
[2026-03-27 23:23:08] [WARNING] [Main] FPS dropped below requirement: 5.71
[2026-03-27 23:23:08] [WARNING] [Main] FPS dropped below requirement: 5.76
[2026-03-27 23:23:09] [WARNING] [Main] FPS dropped below requirement: 5.80
[2026-03-27 23:23:09] [WARNING] [Main] FPS dropped below requirement: 5.83
[2026-03-27 23:23:09] [WARNING] [Main] FPS dropped below requirement: 5.91
[2026-03-27 23:23:09] [WARNING] [Main] FPS dropped below requirement: 5.99
[2026-03-27 23:23:09] [WARNING] [Main] FPS dropped below requirement: 6.07
[2026-03-27 23:23:09] [WARNING] [Main] FPS dropped below requirement: 6.12
[2026-03-27 23:23:10] [WARNING] [Main] FPS dropped below requirement: 6.10
[2026-03-27 23:23:10] [WARNING] [Main] FPS dropped below requirement: 6.12
[2026-03-27 23:23:10] [WARNING] [Main] FPS dropped below requirement: 6.11
[2026-03-27 23:23:10] [WARNING] [Main] FPS dropped below requirement: 6.14
[2026-03-27 23:23:10] [WARNING] [Main] FPS dropped below requirement: 6.18
[2026-03-27 23:23:10] [WARNING] [Main] FPS dropped below requirement: 6.19
[2026-03-27 23:23:11] [WARNING] [Main] FPS dropped below requirement: 6.16
[2026-03-27 23:23:11] [WARNING] [Main] FPS dropped below requirement: 6.16
[2026-03-27 23:23:11] [WARNING] [Main] FPS dropped below requirement: 5.84
[2026-03-27 23:23:11] [WARNING] [Main] FPS dropped below requirement: 5.86
[2026-03-27 23:23:11] [WARNING] [Main] FPS dropped below requirement: 5.87
[2026-03-27 23:23:12] [WARNING] [Main] FPS dropped below requirement: 5.85
[2026-03-27 23:23:12] [WARNING] [Main] FPS dropped below requirement: 5.86
[2026-03-27 23:23:12] [WARNING] [Main] FPS dropped below requirement: 5.85
[2026-03-27 23:23:12] [WARNING] [Main] FPS dropped below requirement: 5.84
[2026-03-27 23:23:12] [WARNING] [Main] FPS dropped below requirement: 5.80
[2026-03-27 23:23:12] [WARNING] [Main] FPS dropped below requirement: 5.81
[2026-03-27 23:23:13] [WARNING] [Main] FPS dropped below requirement: 5.82
[2026-03-27 23:23:13] [WARNING] [Main] FPS dropped below requirement: 5.82
[2026-03-27 23:23:13] [WARNING] [Main] FPS dropped below requirement: 5.75
[2026-03-27 23:23:13] [WARNING] [Main] FPS dropped below requirement: 5.75
[2026-03-27 23:23:13] [WARNING] [Main] FPS dropped below requirement: 5.74
[2026-03-27 23:23:14] [WARNING] [Main] FPS dropped below requirement: 5.74
[2026-03-27 23:23:14] [WARNING] [Main] FPS dropped below requirement: 5.72
[2026-03-27 23:23:14] [WARNING] [Main] FPS dropped below requirement: 5.72
[2026-03-27 23:23:14] [WARNING] [Main] FPS dropped below requirement: 5.70
[2026-03-27 23:23:14] [WARNING] [Main] FPS dropped below requirement: 5.66
[2026-03-27 23:23:14] [WARNING] [Main] FPS dropped below requirement: 5.64
[2026-03-27 23:23:15] [WARNING] [Main] FPS dropped below requirement: 5.61
[2026-03-27 23:23:15] [WARNING] [Main] FPS dropped below requirement: 5.61
[2026-03-27 23:23:15] [WARNING] [Main] FPS dropped below requirement: 5.59
[2026-03-27 23:23:15] [WARNING] [Main] FPS dropped below requirement: 5.58
[2026-03-27 23:23:15] [WARNING] [Main] FPS dropped below requirement: 5.57
[2026-03-27 23:23:16] [WARNING] [Main] FPS dropped below requirement: 5.52
[2026-03-27 23:23:16] [WARNING] [Main] FPS dropped below requirement: 5.49
[2026-03-27 23:23:16] [WARNING] [Main] FPS dropped below requirement: 5.49
[2026-03-27 23:23:16] [WARNING] [Main] FPS dropped below requirement: 5.48
[2026-03-27 23:23:16] [WARNING] [Main] FPS dropped below requirement: 5.74
[2026-03-27 23:23:16] [WARNING] [Main] FPS dropped below requirement: 5.72
[2026-03-27 23:23:17] [WARNING] [Main] FPS dropped below requirement: 5.68
[2026-03-27 23:23:17] [WARNING] [Main] FPS dropped below requirement: 5.66
[2026-03-27 23:23:17] [WARNING] [Main] FPS dropped below requirement: 5.64
[2026-03-27 23:23:17] [WARNING] [Main] FPS dropped below requirement: 5.61
[2026-03-27 23:23:17] [WARNING] [Main] FPS dropped below requirement: 5.58
[2026-03-27 23:23:18] [WARNING] [Main] FPS dropped below requirement: 5.57
[2026-03-27 23:23:18] [WARNING] [Main] FPS dropped below requirement: 5.54
[2026-03-27 23:23:18] [WARNING] [Main] FPS dropped below requirement: 5.50
[2026-03-27 23:23:18] [WARNING] [Main] FPS dropped below requirement: 5.46
[2026-03-27 23:23:18] [WARNING] [Main] FPS dropped below requirement: 5.49
[2026-03-27 23:23:18] [WARNING] [Main] FPS dropped below requirement: 5.47
[2026-03-27 23:23:19] [WARNING] [Main] FPS dropped below requirement: 5.47
[2026-03-27 23:23:19] [WARNING] [Main] FPS dropped below requirement: 5.46
[2026-03-27 23:23:19] [WARNING] [Main] FPS dropped below requirement: 5.47
[2026-03-27 23:23:19] [WARNING] [Main] FPS dropped below requirement: 5.44
[2026-03-27 23:23:19] [WARNING] [Main] FPS dropped below requirement: 5.45
[2026-03-27 23:23:20] [WARNING] [Main] FPS dropped below requirement: 5.45
[2026-03-27 23:23:20] [WARNING] [Main] FPS dropped below requirement: 5.45
[2026-03-27 23:23:20] [WARNING] [Main] FPS dropped below requirement: 5.24
[2026-03-27 23:23:20] [WARNING] [Main] FPS dropped below requirement: 5.22
[2026-03-27 23:23:21] [WARNING] [Main] FPS dropped below requirement: 5.18
[2026-03-27 23:23:21] [WARNING] [Main] FPS dropped below requirement: 5.15
[2026-03-27 23:23:21] [WARNING] [Main] FPS dropped below requirement: 5.13
[2026-03-27 23:23:21] [WARNING] [Main] FPS dropped below requirement: 5.12
[2026-03-27 23:23:21] [WARNING] [Main] FPS dropped below requirement: 5.11
[2026-03-27 23:23:22] [WARNING] [Main] FPS dropped below requirement: 5.10
[2026-03-27 23:23:22] [WARNING] [Main] FPS dropped below requirement: 5.09
[2026-03-27 23:23:22] [WARNING] [Main] FPS dropped below requirement: 5.07
[2026-03-27 23:23:22] [WARNING] [Main] FPS dropped below requirement: 5.06
[2026-03-27 23:23:22] [WARNING] [Main] FPS dropped below requirement: 5.07
[2026-03-27 23:23:23] [WARNING] [Main] FPS dropped below requirement: 5.06
[2026-03-27 23:23:23] [WARNING] [Main] FPS dropped below requirement: 5.05
[2026-03-27 23:23:23] [WARNING] [Main] FPS dropped below requirement: 5.04
[2026-03-27 23:23:23] [WARNING] [Main] FPS dropped below requirement: 5.05
[2026-03-27 23:23:23] [WARNING] [Main] FPS dropped below requirement: 5.05
[2026-03-27 23:23:23] [WARNING] [Main] FPS dropped below requirement: 5.08
[2026-03-27 23:23:24] [WARNING] [Main] FPS dropped below requirement: 5.09
[2026-03-27 23:23:24] [WARNING] [Main] FPS dropped below requirement: 5.09
[2026-03-27 23:23:24] [WARNING] [Main] FPS dropped below requirement: 5.12
[2026-03-27 23:23:24] [WARNING] [Main] FPS dropped below requirement: 5.11
[2026-03-27 23:23:24] [WARNING] [Main] FPS dropped below requirement: 5.09
[2026-03-27 23:23:25] [WARNING] [Main] FPS dropped below requirement: 5.07
[2026-03-27 23:23:25] [WARNING] [Main] FPS dropped below requirement: 5.07
[2026-03-27 23:23:25] [WARNING] [Main] FPS dropped below requirement: 5.07
[2026-03-27 23:23:25] [WARNING] [Main] FPS dropped below requirement: 5.06
[2026-03-27 23:23:25] [WARNING] [Main] FPS dropped below requirement: 5.05
[2026-03-27 23:23:26] [WARNING] [Main] FPS dropped below requirement: 5.03
[2026-03-27 23:23:26] [WARNING] [Main] FPS dropped below requirement: 5.22
[2026-03-27 23:23:26] [WARNING] [Main] FPS dropped below requirement: 5.24
[2026-03-27 23:23:26] [WARNING] [Main] FPS dropped below requirement: 5.27
[2026-03-27 23:23:26] [WARNING] [Main] FPS dropped below requirement: 5.30
[2026-03-27 23:23:26] [WARNING] [Main] FPS dropped below requirement: 5.32
[2026-03-27 23:23:27] [WARNING] [Main] FPS dropped below requirement: 5.35
[2026-03-27 23:23:27] [WARNING] [Main] FPS dropped below requirement: 5.36
[2026-03-27 23:23:27] [WARNING] [Main] FPS dropped below requirement: 5.38
[2026-03-27 23:23:27] [WARNING] [Main] FPS dropped below requirement: 5.39
[2026-03-27 23:23:27] [WARNING] [Main] FPS dropped below requirement: 5.39
[2026-03-27 23:23:27] [WARNING] [Main] FPS dropped below requirement: 5.41
[2026-03-27 23:23:28] [WARNING] [Main] FPS dropped below requirement: 5.41
[2026-03-27 23:23:28] [WARNING] [Main] FPS dropped below requirement: 5.41
[2026-03-27 23:23:28] [WARNING] [Main] FPS dropped below requirement: 5.41
[2026-03-27 23:23:28] [WARNING] [Main] FPS dropped below requirement: 5.41
[2026-03-27 23:23:28] [WARNING] [Main] FPS dropped below requirement: 5.39
[2026-03-27 23:23:29] [WARNING] [Main] FPS dropped below requirement: 5.41
[2026-03-27 23:23:29] [WARNING] [Main] FPS dropped below requirement: 5.38
[2026-03-27 23:23:29] [WARNING] [Main] FPS dropped below requirement: 5.39
[2026-03-27 23:23:29] [WARNING] [Main] FPS dropped below requirement: 5.37
[2026-03-27 23:23:29] [WARNING] [Main] FPS dropped below requirement: 5.35
[2026-03-27 23:23:30] [WARNING] [Main] FPS dropped below requirement: 5.36
[2026-03-27 23:23:30] [WARNING] [Main] FPS dropped below requirement: 5.33
[2026-03-27 23:23:30] [WARNING] [Main] FPS dropped below requirement: 5.37
[2026-03-27 23:23:30] [WARNING] [Main] FPS dropped below requirement: 5.38
[2026-03-27 23:23:30] [WARNING] [Main] FPS dropped below requirement: 5.37
[2026-03-27 23:23:30] [WARNING] [Main] FPS dropped below requirement: 5.40
[2026-03-27 23:23:31] [WARNING] [Main] FPS dropped below requirement: 5.43
[2026-03-27 23:23:31] [WARNING] [Main] FPS dropped below requirement: 5.44
[2026-03-27 23:23:31] [WARNING] [Main] FPS dropped below requirement: 5.45
[2026-03-27 23:23:31] [WARNING] [Main] FPS dropped below requirement: 5.45
[2026-03-27 23:23:31] [WARNING] [Main] FPS dropped below requirement: 5.47
[2026-03-27 23:23:32] [WARNING] [Main] FPS dropped below requirement: 5.46
[2026-03-27 23:23:32] [WARNING] [Main] FPS dropped below requirement: 5.46
[2026-03-27 23:23:32] [WARNING] [Main] FPS dropped below requirement: 5.45
[2026-03-27 23:23:32] [WARNING] [Main] FPS dropped below requirement: 5.44
[2026-03-27 23:23:32] [WARNING] [Main] FPS dropped below requirement: 5.44
[2026-03-27 23:23:32] [WARNING] [Main] FPS dropped below requirement: 5.44
[2026-03-27 23:23:33] [WARNING] [Main] FPS dropped below requirement: 5.46
[2026-03-27 23:23:33] [WARNING] [Main] FPS dropped below requirement: 5.47
[2026-03-27 23:23:33] [WARNING] [Main] FPS dropped below requirement: 5.48
[2026-03-27 23:23:33] [WARNING] [Main] FPS dropped below requirement: 5.53
[2026-03-27 23:23:33] [WARNING] [Main] FPS dropped below requirement: 5.54
[2026-03-27 23:23:34] [WARNING] [Main] FPS dropped below requirement: 5.53
[2026-03-27 23:23:34] [WARNING] [Main] FPS dropped below requirement: 5.56
[2026-03-27 23:23:34] [WARNING] [Main] FPS dropped below requirement: 5.54
[2026-03-27 23:23:34] [WARNING] [Main] FPS dropped below requirement: 5.55
[2026-03-27 23:23:34] [WARNING] [Main] FPS dropped below requirement: 5.56
[2026-03-27 23:23:34] [WARNING] [Main] FPS dropped below requirement: 5.60
[2026-03-27 23:23:35] [WARNING] [Main] FPS dropped below requirement: 5.60
[2026-03-27 23:23:35] [WARNING] [Main] FPS dropped below requirement: 5.60
[2026-03-27 23:23:35] [WARNING] [Main] FPS dropped below requirement: 5.64
[2026-03-27 23:23:35] [WARNING] [Main] FPS dropped below requirement: 5.64
[2026-03-27 23:23:35] [WARNING] [Main] FPS dropped below requirement: 5.63
[2026-03-27 23:23:36] [WARNING] [Main] FPS dropped below requirement: 5.65
[2026-03-27 23:23:36] [WARNING] [Main] FPS dropped below requirement: 5.60
[2026-03-27 23:23:36] [WARNING] [Main] FPS dropped below requirement: 5.60
[2026-03-27 23:23:36] [WARNING] [Main] FPS dropped below requirement: 5.62
[2026-03-27 23:23:36] [WARNING] [Main] FPS dropped below requirement: 5.59
[2026-03-27 23:23:36] [WARNING] [Main] FPS dropped below requirement: 5.64
[2026-03-27 23:23:36] [WARNING] [Main] FPS dropped below requirement: 5.69
[2026-03-27 23:23:37] [WARNING] [Main] FPS dropped below requirement: 5.77
[2026-03-27 23:23:37] [WARNING] [Main] FPS dropped below requirement: 5.82
[2026-03-27 23:23:37] [WARNING] [Main] FPS dropped below requirement: 5.90
[2026-03-27 23:23:37] [WARNING] [Main] FPS dropped below requirement: 5.99
[2026-03-27 23:23:37] [WARNING] [Main] FPS dropped below requirement: 6.05
[2026-03-27 23:23:37] [WARNING] [Main] FPS dropped below requirement: 6.12
[2026-03-27 23:23:37] [WARNING] [Main] FPS dropped below requirement: 6.17
[2026-03-27 23:23:37] [WARNING] [Main] FPS dropped below requirement: 6.22
[2026-03-27 23:23:38] [WARNING] [Main] FPS dropped below requirement: 6.26
[2026-03-27 23:23:38] [WARNING] [Main] FPS dropped below requirement: 6.28
[2026-03-27 23:23:38] [WARNING] [Main] FPS dropped below requirement: 6.38
[2026-03-27 23:23:38] [WARNING] [Main] FPS dropped below requirement: 6.47
[2026-03-27 23:23:38] [WARNING] [Main] FPS dropped below requirement: 6.54
[2026-03-27 23:23:38] [WARNING] [Main] FPS dropped below requirement: 6.65
[2026-03-27 23:23:38] [WARNING] [Main] FPS dropped below requirement: 6.73
[2026-03-27 23:23:38] [WARNING] [Main] FPS dropped below requirement: 6.79
[2026-03-27 23:23:39] [WARNING] [Main] FPS dropped below requirement: 6.87
[2026-03-27 23:23:39] [WARNING] [Main] FPS dropped below requirement: 6.97
[2026-03-27 23:23:39] [WARNING] [Main] FPS dropped below requirement: 7.07
[2026-03-27 23:23:39] [WARNING] [Main] FPS dropped below requirement: 7.14
[2026-03-27 23:23:39] [WARNING] [Main] FPS dropped below requirement: 7.23
[2026-03-27 23:23:39] [WARNING] [Main] FPS dropped below requirement: 7.35
[2026-03-27 23:23:39] [WARNING] [Main] FPS dropped below requirement: 7.44
[2026-03-27 23:23:39] [WARNING] [Main] FPS dropped below requirement: 7.57
[2026-03-27 23:23:40] [WARNING] [Main] FPS dropped below requirement: 7.66
[2026-03-27 23:23:40] [WARNING] [Main] FPS dropped below requirement: 7.75
[2026-03-27 23:23:40] [WARNING] [Main] FPS dropped below requirement: 7.84
[2026-03-27 23:23:40] [WARNING] [Main] FPS dropped below requirement: 7.79
[2026-03-27 23:23:40] [WARNING] [Main] FPS dropped below requirement: 7.69
[2026-03-27 23:23:40] [WARNING] [Main] FPS dropped below requirement: 7.59
[2026-03-27 23:23:41] [WARNING] [Main] FPS dropped below requirement: 7.51
[2026-03-27 23:23:41] [WARNING] [Main] FPS dropped below requirement: 7.45
[2026-03-27 23:23:41] [WARNING] [Main] FPS dropped below requirement: 7.30
[2026-03-27 23:23:41] [WARNING] [Main] FPS dropped below requirement: 7.27
[2026-03-27 23:23:41] [WARNING] [Main] FPS dropped below requirement: 7.24
[2026-03-27 23:23:41] [WARNING] [Main] FPS dropped below requirement: 7.15
[2026-03-27 23:23:42] [WARNING] [Main] FPS dropped below requirement: 7.10
[2026-03-27 23:23:42] [WARNING] [Main] FPS dropped below requirement: 7.04
[2026-03-27 23:23:42] [WARNING] [Main] FPS dropped below requirement: 7.00
[2026-03-27 23:23:42] [WARNING] [Main] FPS dropped below requirement: 6.94
[2026-03-27 23:23:42] [WARNING] [Main] FPS dropped below requirement: 6.91
[2026-03-27 23:23:42] [WARNING] [Main] FPS dropped below requirement: 6.85
[2026-03-27 23:23:42] [WARNING] [Main] FPS dropped below requirement: 6.80
[2026-03-27 23:23:43] [WARNING] [Main] FPS dropped below requirement: 6.75
[2026-03-27 23:23:43] [WARNING] [Main] FPS dropped below requirement: 6.71
[2026-03-27 23:23:43] [WARNING] [Main] FPS dropped below requirement: 6.66
[2026-03-27 23:23:43] [WARNING] [Main] FPS dropped below requirement: 6.60
[2026-03-27 23:23:43] [WARNING] [Main] FPS dropped below requirement: 6.52
[2026-03-27 23:23:43] [WARNING] [Main] FPS dropped below requirement: 6.48
[2026-03-27 23:23:44] [WARNING] [Main] FPS dropped below requirement: 6.44
[2026-03-27 23:23:44] [WARNING] [Main] FPS dropped below requirement: 6.37
[2026-03-27 23:23:44] [WARNING] [Main] FPS dropped below requirement: 6.28
[2026-03-27 23:23:44] [WARNING] [Main] FPS dropped below requirement: 6.25
[2026-03-27 23:23:44] [WARNING] [Main] FPS dropped below requirement: 6.22
[2026-03-27 23:23:44] [WARNING] [Main] FPS dropped below requirement: 6.16
[2026-03-27 23:23:45] [WARNING] [Main] FPS dropped below requirement: 6.13
[2026-03-27 23:23:45] [WARNING] [Main] FPS dropped below requirement: 6.14
[2026-03-27 23:23:45] [WARNING] [Main] FPS dropped below requirement: 6.16
[2026-03-27 23:23:45] [WARNING] [Main] FPS dropped below requirement: 6.17
[2026-03-27 23:23:45] [WARNING] [Main] FPS dropped below requirement: 6.18
[2026-03-27 23:23:45] [WARNING] [Main] FPS dropped below requirement: 6.16
[2026-03-27 23:23:46] [WARNING] [Main] FPS dropped below requirement: 6.15
[2026-03-27 23:23:46] [WARNING] [Main] FPS dropped below requirement: 6.13
[2026-03-27 23:23:46] [WARNING] [Main] FPS dropped below requirement: 6.12
[2026-03-27 23:23:46] [WARNING] [Main] FPS dropped below requirement: 6.14
[2026-03-27 23:23:46] [WARNING] [Main] FPS dropped below requirement: 6.15
[2026-03-27 23:23:46] [WARNING] [Main] FPS dropped below requirement: 6.16
[2026-03-27 23:23:47] [WARNING] [Main] FPS dropped below requirement: 6.17
[2026-03-27 23:23:47] [WARNING] [Main] FPS dropped below requirement: 6.15
[2026-03-27 23:23:47] [WARNING] [Main] FPS dropped below requirement: 6.13
[2026-03-27 23:23:47] [WARNING] [Main] FPS dropped below requirement: 6.14
[2026-03-27 23:23:47] [WARNING] [Main] FPS dropped below requirement: 6.14
[2026-03-27 23:23:47] [WARNING] [Main] FPS dropped below requirement: 6.14
[2026-03-27 23:23:48] [WARNING] [Main] FPS dropped below requirement: 6.14
[2026-03-27 23:23:48] [WARNING] [Main] FPS dropped below requirement: 6.13
[2026-03-27 23:23:48] [WARNING] [Main] FPS dropped below requirement: 6.15
[2026-03-27 23:23:48] [WARNING] [Main] FPS dropped below requirement: 6.16
[2026-03-27 23:23:48] [WARNING] [Main] FPS dropped below requirement: 6.15
[2026-03-27 23:23:48] [WARNING] [Main] FPS dropped below requirement: 6.14
[2026-03-27 23:23:49] [WARNING] [Main] FPS dropped below requirement: 6.14
[2026-03-27 23:23:49] [WARNING] [Main] FPS dropped below requirement: 6.18
[2026-03-27 23:23:49] [WARNING] [Main] FPS dropped below requirement: 6.14
[2026-03-27 23:23:49] [WARNING] [Main] FPS dropped below requirement: 6.15
[2026-03-27 23:23:49] [WARNING] [Main] FPS dropped below requirement: 6.14
[2026-03-27 23:23:49] [WARNING] [Main] FPS dropped below requirement: 6.17
[2026-03-27 23:23:49] [WARNING] [Main] FPS dropped below requirement: 6.16
[2026-03-27 23:23:50] [WARNING] [Main] FPS dropped below requirement: 6.16
[2026-03-27 23:23:50] [WARNING] [Main] FPS dropped below requirement: 6.18
[2026-03-27 23:23:50] [WARNING] [Main] FPS dropped below requirement: 6.20
[2026-03-27 23:23:50] [WARNING] [Main] FPS dropped below requirement: 6.18
[2026-03-27 23:23:50] [WARNING] [Main] FPS dropped below requirement: 6.23
[2026-03-27 23:23:50] [WARNING] [Main] FPS dropped below requirement: 6.25
[2026-03-27 23:23:51] [WARNING] [Main] FPS dropped below requirement: 6.25
[2026-03-27 23:23:51] [WARNING] [Main] FPS dropped below requirement: 6.25
[2026-03-27 23:23:51] [WARNING] [Main] FPS dropped below requirement: 6.25
[2026-03-27 23:23:51] [WARNING] [Main] FPS dropped below requirement: 6.23
[2026-03-27 23:23:51] [WARNING] [Main] FPS dropped below requirement: 6.20
[2026-03-27 23:23:51] [WARNING] [Main] FPS dropped below requirement: 6.21
[2026-03-27 23:23:52] [WARNING] [Main] FPS dropped below requirement: 6.24
[2026-03-27 23:23:52] [WARNING] [Main] FPS dropped below requirement: 6.22
[2026-03-27 23:23:52] [WARNING] [Main] FPS dropped below requirement: 6.23
[2026-03-27 23:23:52] [WARNING] [Main] FPS dropped below requirement: 6.23
[2026-03-27 23:23:52] [WARNING] [Main] FPS dropped below requirement: 6.23
[2026-03-27 23:23:52] [WARNING] [Main] FPS dropped below requirement: 6.24
[2026-03-27 23:23:52] [WARNING] [Main] FPS dropped below requirement: 6.25
[2026-03-27 23:23:53] [WARNING] [Main] FPS dropped below requirement: 6.26
[2026-03-27 23:23:53] [WARNING] [Main] FPS dropped below requirement: 6.26
[2026-03-27 23:23:53] [WARNING] [Main] FPS dropped below requirement: 6.27
[2026-03-27 23:23:53] [WARNING] [Main] FPS dropped below requirement: 6.28
[2026-03-27 23:23:53] [WARNING] [Main] FPS dropped below requirement: 6.29
[2026-03-27 23:23:53] [WARNING] [Main] FPS dropped below requirement: 6.31
[2026-03-27 23:23:54] [WARNING] [Main] FPS dropped below requirement: 6.30
[2026-03-27 23:23:54] [WARNING] [Main] FPS dropped below requirement: 6.31
[2026-03-27 23:23:54] [WARNING] [Main] FPS dropped below requirement: 6.31
[2026-03-27 23:23:54] [WARNING] [Main] FPS dropped below requirement: 6.32
[2026-03-27 23:23:54] [WARNING] [Main] FPS dropped below requirement: 6.29
[2026-03-27 23:23:54] [WARNING] [Main] FPS dropped below requirement: 6.29
[2026-03-27 23:23:55] [WARNING] [Main] FPS dropped below requirement: 6.29
[2026-03-27 23:23:55] [WARNING] [Main] FPS dropped below requirement: 6.30
[2026-03-27 23:23:55] [WARNING] [Main] FPS dropped below requirement: 6.32
[2026-03-27 23:23:55] [WARNING] [Main] FPS dropped below requirement: 6.31
[2026-03-27 23:23:55] [WARNING] [Main] FPS dropped below requirement: 6.30
[2026-03-27 23:23:55] [WARNING] [Main] FPS dropped below requirement: 6.31
[2026-03-27 23:23:55] [WARNING] [Main] FPS dropped below requirement: 6.32
[2026-03-27 23:23:56] [WARNING] [Main] FPS dropped below requirement: 6.32
[2026-03-27 23:23:56] [WARNING] [Main] FPS dropped below requirement: 6.30
[2026-03-27 23:23:56] [WARNING] [Main] FPS dropped below requirement: 6.30
[2026-03-27 23:23:56] [WARNING] [Main] FPS dropped below requirement: 6.30
[2026-03-27 23:23:56] [WARNING] [Main] FPS dropped below requirement: 6.30
[2026-03-27 23:23:56] [WARNING] [Main] FPS dropped below requirement: 6.31
[2026-03-27 23:23:57] [WARNING] [Main] FPS dropped below requirement: 6.33
[2026-03-27 23:23:57] [WARNING] [Main] FPS dropped below requirement: 6.34
[2026-03-27 23:23:57] [WARNING] [Main] FPS dropped below requirement: 6.35
[2026-03-27 23:23:57] [WARNING] [Main] FPS dropped below requirement: 6.35
[2026-03-27 23:23:57] [WARNING] [Main] FPS dropped below requirement: 6.31
[2026-03-27 23:23:57] [WARNING] [Main] FPS dropped below requirement: 6.30
[2026-03-27 23:23:58] [WARNING] [Main] FPS dropped below requirement: 6.25
[2026-03-27 23:23:58] [WARNING] [Main] FPS dropped below requirement: 6.22
[2026-03-27 23:23:58] [WARNING] [Main] FPS dropped below requirement: 6.21
[2026-03-27 23:23:58] [WARNING] [Main] FPS dropped below requirement: 6.21
[2026-03-27 23:23:58] [WARNING] [Main] FPS dropped below requirement: 6.21
[2026-03-27 23:23:59] [WARNING] [Main] FPS dropped below requirement: 5.93
[2026-03-27 23:23:59] [WARNING] [Main] FPS dropped below requirement: 5.91
[2026-03-27 23:23:59] [WARNING] [Main] FPS dropped below requirement: 5.92
[2026-03-27 23:23:59] [WARNING] [Main] FPS dropped below requirement: 5.93
[2026-03-27 23:23:59] [WARNING] [Main] FPS dropped below requirement: 5.84
[2026-03-27 23:24:00] [WARNING] [Main] FPS dropped below requirement: 5.81
[2026-03-27 23:24:00] [WARNING] [Main] FPS dropped below requirement: 5.75
[2026-03-27 23:24:00] [WARNING] [Main] FPS dropped below requirement: 5.68
[2026-03-27 23:24:00] [WARNING] [Main] FPS dropped below requirement: 5.64
[2026-03-27 23:24:01] [WARNING] [Main] FPS dropped below requirement: 5.32
[2026-03-27 23:24:01] [WARNING] [Main] FPS dropped below requirement: 5.24
[2026-03-27 23:24:01] [WARNING] [Main] FPS dropped below requirement: 5.18
[2026-03-27 23:24:01] [WARNING] [Main] FPS dropped below requirement: 5.18
[2026-03-27 23:24:01] [WARNING] [Main] FPS dropped below requirement: 5.17
[2026-03-27 23:24:02] [WARNING] [Main] FPS dropped below requirement: 5.15
[2026-03-27 23:24:02] [WARNING] [Main] FPS dropped below requirement: 5.07
[2026-03-27 23:24:02] [WARNING] [Main] FPS dropped below requirement: 5.06
[2026-03-27 23:24:02] [WARNING] [Main] FPS dropped below requirement: 4.99
[2026-03-27 23:24:03] [WARNING] [Main] FPS dropped below requirement: 4.93
[2026-03-27 23:24:03] [WARNING] [Main] FPS dropped below requirement: 4.85
[2026-03-27 23:24:03] [WARNING] [Main] FPS dropped below requirement: 4.79
[2026-03-27 23:24:03] [WARNING] [Main] FPS dropped below requirement: 4.74
[2026-03-27 23:24:03] [WARNING] [Main] FPS dropped below requirement: 4.71
[2026-03-27 23:24:04] [WARNING] [Main] FPS dropped below requirement: 4.67
[2026-03-27 23:24:04] [WARNING] [Main] FPS dropped below requirement: 4.66
[2026-03-27 23:24:04] [WARNING] [Main] FPS dropped below requirement: 4.45
[2026-03-27 23:24:05] [WARNING] [Main] FPS dropped below requirement: 4.42
[2026-03-27 23:24:05] [WARNING] [Main] FPS dropped below requirement: 4.35
[2026-03-27 23:24:05] [WARNING] [Main] FPS dropped below requirement: 4.25
[2026-03-27 23:24:05] [WARNING] [Main] FPS dropped below requirement: 4.34
[2026-03-27 23:24:06] [WARNING] [Main] FPS dropped below requirement: 4.29
[2026-03-27 23:24:06] [WARNING] [Main] FPS dropped below requirement: 4.26
[2026-03-27 23:24:06] [WARNING] [Main] FPS dropped below requirement: 4.26
[2026-03-27 23:24:06] [WARNING] [Main] FPS dropped below requirement: 4.30
[2026-03-27 23:24:06] [WARNING] [Main] FPS dropped below requirement: 4.30
[2026-03-27 23:24:06] [WARNING] [Main] FPS dropped below requirement: 4.33
[2026-03-27 23:24:07] [WARNING] [Main] FPS dropped below requirement: 4.35
[2026-03-27 23:24:07] [WARNING] [Main] FPS dropped below requirement: 4.37
[2026-03-27 23:24:07] [WARNING] [Main] FPS dropped below requirement: 4.57
[2026-03-27 23:24:07] [WARNING] [Main] FPS dropped below requirement: 4.62
[2026-03-27 23:24:07] [WARNING] [Main] FPS dropped below requirement: 4.66
[2026-03-27 23:24:07] [WARNING] [Main] FPS dropped below requirement: 4.70
[2026-03-27 23:24:08] [WARNING] [Main] FPS dropped below requirement: 4.76
[2026-03-27 23:24:08] [WARNING] [Main] FPS dropped below requirement: 4.76
[2026-03-27 23:24:08] [WARNING] [Main] FPS dropped below requirement: 4.82
[2026-03-27 23:24:08] [WARNING] [Main] FPS dropped below requirement: 4.83
[2026-03-27 23:24:08] [WARNING] [Main] FPS dropped below requirement: 4.82
[2026-03-27 23:24:08] [WARNING] [Main] FPS dropped below requirement: 4.88
[2026-03-27 23:24:09] [WARNING] [Main] FPS dropped below requirement: 4.95
[2026-03-27 23:24:09] [WARNING] [Main] FPS dropped below requirement: 5.00
[2026-03-27 23:24:09] [WARNING] [Main] FPS dropped below requirement: 5.04
[2026-03-27 23:24:09] [WARNING] [Main] FPS dropped below requirement: 5.10
[2026-03-27 23:24:09] [WARNING] [Main] FPS dropped below requirement: 5.16
[2026-03-27 23:24:09] [WARNING] [Main] FPS dropped below requirement: 5.19
[2026-03-27 23:24:10] [WARNING] [Main] FPS dropped below requirement: 5.51
[2026-03-27 23:24:10] [WARNING] [Main] FPS dropped below requirement: 5.55
[2026-03-27 23:24:10] [WARNING] [Main] FPS dropped below requirement: 5.65
[2026-03-27 23:24:10] [WARNING] [Main] FPS dropped below requirement: 5.81
[2026-03-27 23:24:10] [WARNING] [Main] FPS dropped below requirement: 5.89
[2026-03-27 23:24:10] [WARNING] [Main] FPS dropped below requirement: 5.98
[2026-03-27 23:24:11] [WARNING] [Main] FPS dropped below requirement: 6.06
[2026-03-27 23:24:11] [WARNING] [Main] FPS dropped below requirement: 6.05
[2026-03-27 23:24:11] [WARNING] [Main] FPS dropped below requirement: 6.05
[2026-03-27 23:24:11] [WARNING] [Main] FPS dropped below requirement: 6.04
[2026-03-27 23:24:11] [WARNING] [Main] FPS dropped below requirement: 6.07
[2026-03-27 23:24:11] [WARNING] [Main] FPS dropped below requirement: 6.10
[2026-03-27 23:24:12] [WARNING] [Main] FPS dropped below requirement: 6.10
[2026-03-27 23:24:12] [WARNING] [Main] FPS dropped below requirement: 6.10
[2026-03-27 23:24:12] [WARNING] [Main] FPS dropped below requirement: 6.11
[2026-03-27 23:24:12] [WARNING] [Main] FPS dropped below requirement: 6.12
[2026-03-27 23:24:12] [WARNING] [Main] FPS dropped below requirement: 6.11
[2026-03-27 23:24:12] [WARNING] [Main] FPS dropped below requirement: 6.06
[2026-03-27 23:24:13] [WARNING] [Main] FPS dropped below requirement: 6.05
[2026-03-27 23:24:13] [WARNING] [Main] FPS dropped below requirement: 6.06
[2026-03-27 23:24:13] [WARNING] [Main] FPS dropped below requirement: 6.06
[2026-03-27 23:24:13] [WARNING] [Main] FPS dropped below requirement: 6.14
[2026-03-27 23:24:13] [WARNING] [Main] FPS dropped below requirement: 6.13
[2026-03-27 23:24:13] [WARNING] [Main] FPS dropped below requirement: 6.12
[2026-03-27 23:24:13] [WARNING] [Main] FPS dropped below requirement: 6.14
[2026-03-27 23:24:14] [WARNING] [Main] FPS dropped below requirement: 6.16
[2026-03-27 23:24:14] [WARNING] [Main] FPS dropped below requirement: 6.17
[2026-03-27 23:24:14] [WARNING] [Main] FPS dropped below requirement: 5.90
[2026-03-27 23:24:14] [WARNING] [Main] FPS dropped below requirement: 5.92
[2026-03-27 23:24:14] [WARNING] [Main] FPS dropped below requirement: 5.95
[2026-03-27 23:24:15] [WARNING] [Main] FPS dropped below requirement: 5.97
[2026-03-27 23:24:15] [WARNING] [Main] FPS dropped below requirement: 5.98
[2026-03-27 23:24:15] [WARNING] [Main] FPS dropped below requirement: 5.99
[2026-03-27 23:24:15] [WARNING] [Main] FPS dropped below requirement: 6.01
[2026-03-27 23:24:15] [WARNING] [Main] FPS dropped below requirement: 6.00
[2026-03-27 23:24:15] [WARNING] [Main] FPS dropped below requirement: 5.99
[2026-03-27 23:24:16] [WARNING] [Main] FPS dropped below requirement: 6.00
[2026-03-27 23:24:16] [WARNING] [Main] FPS dropped below requirement: 6.00
[2026-03-27 23:24:16] [WARNING] [Main] FPS dropped below requirement: 6.05
[2026-03-27 23:24:16] [WARNING] [Main] FPS dropped below requirement: 6.09
[2026-03-27 23:24:16] [WARNING] [Main] FPS dropped below requirement: 6.12
[2026-03-27 23:24:16] [WARNING] [Main] FPS dropped below requirement: 6.17
[2026-03-27 23:24:16] [WARNING] [Main] FPS dropped below requirement: 6.27
[2026-03-27 23:24:16] [WARNING] [Main] FPS dropped below requirement: 6.28
[2026-03-27 23:24:17] [WARNING] [Main] FPS dropped below requirement: 6.26
[2026-03-27 23:24:17] [WARNING] [Main] FPS dropped below requirement: 6.25
[2026-03-27 23:24:17] [WARNING] [Main] FPS dropped below requirement: 6.25
[2026-03-27 23:24:17] [WARNING] [Main] FPS dropped below requirement: 6.27
[2026-03-27 23:24:17] [WARNING] [Main] FPS dropped below requirement: 6.27
[2026-03-27 23:24:17] [WARNING] [Main] FPS dropped below requirement: 6.32
[2026-03-27 23:24:17] [WARNING] [Main] FPS dropped below requirement: 6.40
[2026-03-27 23:24:18] [WARNING] [Main] FPS dropped below requirement: 6.47
[2026-03-27 23:24:18] [WARNING] [Main] FPS dropped below requirement: 6.50
[2026-03-27 23:24:18] [WARNING] [Main] FPS dropped below requirement: 6.47
[2026-03-27 23:24:18] [WARNING] [Main] FPS dropped below requirement: 6.40
[2026-03-27 23:24:18] [WARNING] [Main] FPS dropped below requirement: 6.40
[2026-03-27 23:24:18] [WARNING] [Main] FPS dropped below requirement: 6.69
[2026-03-27 23:24:19] [WARNING] [Main] FPS dropped below requirement: 6.71
[2026-03-27 23:24:19] [WARNING] [Main] FPS dropped below requirement: 6.67
[2026-03-27 23:24:19] [WARNING] [Main] FPS dropped below requirement: 6.67
[2026-03-27 23:24:19] [WARNING] [Main] FPS dropped below requirement: 6.66
[2026-03-27 23:24:19] [WARNING] [Main] FPS dropped below requirement: 6.67
[2026-03-27 23:24:19] [WARNING] [Main] FPS dropped below requirement: 6.67
[2026-03-27 23:24:20] [WARNING] [Main] FPS dropped below requirement: 6.69
[2026-03-27 23:24:20] [WARNING] [Main] FPS dropped below requirement: 6.69
[2026-03-27 23:24:20] [WARNING] [Main] FPS dropped below requirement: 6.68
[2026-03-27 23:24:20] [WARNING] [Main] FPS dropped below requirement: 6.70
[2026-03-27 23:24:20] [WARNING] [Main] FPS dropped below requirement: 6.68
[2026-03-27 23:24:20] [WARNING] [Main] FPS dropped below requirement: 6.64
[2026-03-27 23:24:21] [WARNING] [Main] FPS dropped below requirement: 6.60
[2026-03-27 23:24:21] [WARNING] [Main] FPS dropped below requirement: 6.53
[2026-03-27 23:24:21] [WARNING] [Main] FPS dropped below requirement: 6.45
[2026-03-27 23:24:21] [WARNING] [Main] FPS dropped below requirement: 6.45
[2026-03-27 23:24:21] [WARNING] [Main] FPS dropped below requirement: 6.47
[2026-03-27 23:24:21] [WARNING] [Main] FPS dropped below requirement: 6.48
[2026-03-27 23:24:21] [WARNING] [Main] FPS dropped below requirement: 6.49
[2026-03-27 23:24:22] [WARNING] [Main] FPS dropped below requirement: 6.47
[2026-03-27 23:24:22] [WARNING] [Main] FPS dropped below requirement: 6.47
[2026-03-27 23:24:22] [WARNING] [Main] FPS dropped below requirement: 6.42
[2026-03-27 23:24:22] [WARNING] [Main] FPS dropped below requirement: 6.35
[2026-03-27 23:24:22] [WARNING] [Main] FPS dropped below requirement: 5.99
[2026-03-27 23:24:23] [WARNING] [Main] FPS dropped below requirement: 5.98
[2026-03-27 23:24:23] [WARNING] [Main] FPS dropped below requirement: 5.99
[2026-03-27 23:24:23] [WARNING] [Main] FPS dropped below requirement: 6.05
[2026-03-27 23:24:23] [WARNING] [Main] FPS dropped below requirement: 5.78
[2026-03-27 23:24:23] [WARNING] [Main] FPS dropped below requirement: 5.81
[2026-03-27 23:24:24] [WARNING] [Main] FPS dropped below requirement: 5.81
[2026-03-27 23:24:24] [WARNING] [Main] FPS dropped below requirement: 5.82
[2026-03-27 23:24:24] [WARNING] [Main] FPS dropped below requirement: 5.82
[2026-03-27 23:24:24] [WARNING] [Main] FPS dropped below requirement: 5.82
[2026-03-27 23:24:24] [WARNING] [Main] FPS dropped below requirement: 5.82
[2026-03-27 23:24:24] [WARNING] [Main] FPS dropped below requirement: 5.82
[2026-03-27 23:24:25] [WARNING] [Main] FPS dropped below requirement: 5.82
[2026-03-27 23:24:25] [WARNING] [Main] FPS dropped below requirement: 5.81
[2026-03-27 23:24:25] [WARNING] [Main] FPS dropped below requirement: 5.81
[2026-03-27 23:24:25] [WARNING] [Main] FPS dropped below requirement: 5.80
[2026-03-27 23:24:25] [WARNING] [Main] FPS dropped below requirement: 5.78
[2026-03-27 23:24:25] [WARNING] [Main] FPS dropped below requirement: 5.76
[2026-03-27 23:24:26] [WARNING] [Main] FPS dropped below requirement: 5.76
[2026-03-27 23:24:26] [WARNING] [Main] FPS dropped below requirement: 5.78
[2026-03-27 23:24:26] [WARNING] [Main] FPS dropped below requirement: 5.78
[2026-03-27 23:24:26] [WARNING] [Main] FPS dropped below requirement: 5.77
[2026-03-27 23:24:26] [WARNING] [Main] FPS dropped below requirement: 5.75
[2026-03-27 23:24:26] [WARNING] [Main] FPS dropped below requirement: 5.75
[2026-03-27 23:24:26] [WARNING] [Main] FPS dropped below requirement: 5.76
[2026-03-27 23:24:27] [WARNING] [Main] FPS dropped below requirement: 5.77
[2026-03-27 23:24:27] [WARNING] [Main] FPS dropped below requirement: 5.75
[2026-03-27 23:24:27] [WARNING] [Main] FPS dropped below requirement: 5.75
[2026-03-27 23:24:27] [WARNING] [Main] FPS dropped below requirement: 5.77
[2026-03-27 23:24:27] [WARNING] [Main] FPS dropped below requirement: 6.05
[2026-03-27 23:24:27] [WARNING] [Main] FPS dropped below requirement: 6.02
[2026-03-27 23:24:28] [WARNING] [Main] FPS dropped below requirement: 6.05
[2026-03-27 23:24:28] [WARNING] [Main] FPS dropped below requirement: 6.06
[2026-03-27 23:24:28] [WARNING] [Main] FPS dropped below requirement: 6.32
[2026-03-27 23:24:28] [WARNING] [Main] FPS dropped below requirement: 6.31
[2026-03-27 23:24:28] [WARNING] [Main] FPS dropped below requirement: 6.28
[2026-03-27 23:24:28] [WARNING] [Main] FPS dropped below requirement: 6.27
[2026-03-27 23:24:29] [WARNING] [Main] FPS dropped below requirement: 6.22
[2026-03-27 23:24:29] [WARNING] [Main] FPS dropped below requirement: 6.22
[2026-03-27 23:24:29] [WARNING] [Main] FPS dropped below requirement: 6.24
[2026-03-27 23:24:29] [WARNING] [Main] FPS dropped below requirement: 6.23
[2026-03-27 23:24:29] [WARNING] [Main] FPS dropped below requirement: 6.23
[2026-03-27 23:24:29] [WARNING] [Main] FPS dropped below requirement: 6.24
[2026-03-27 23:24:30] [WARNING] [Main] FPS dropped below requirement: 6.24
[2026-03-27 23:24:30] [WARNING] [Main] FPS dropped below requirement: 6.24
[2026-03-27 23:24:30] [WARNING] [Main] FPS dropped below requirement: 6.23
[2026-03-27 23:24:30] [WARNING] [Main] FPS dropped below requirement: 6.24
[2026-03-27 23:24:30] [WARNING] [Main] FPS dropped below requirement: 6.24
[2026-03-27 23:24:30] [WARNING] [Main] FPS dropped below requirement: 6.23
[2026-03-27 23:24:31] [WARNING] [Main] FPS dropped below requirement: 6.23
[2026-03-27 23:24:31] [WARNING] [Main] FPS dropped below requirement: 6.22
[2026-03-27 23:24:31] [WARNING] [Main] FPS dropped below requirement: 6.15
[2026-03-27 23:24:31] [WARNING] [Main] FPS dropped below requirement: 6.14
[2026-03-27 23:24:31] [WARNING] [Main] FPS dropped below requirement: 6.11
[2026-03-27 23:24:31] [WARNING] [Main] FPS dropped below requirement: 6.09
[2026-03-27 23:24:32] [WARNING] [Main] FPS dropped below requirement: 6.03
[2026-03-27 23:24:32] [WARNING] [Main] FPS dropped below requirement: 5.98
[2026-03-27 23:24:32] [WARNING] [Main] FPS dropped below requirement: 5.94
[2026-03-27 23:24:32] [WARNING] [Main] FPS dropped below requirement: 5.92
[2026-03-27 23:24:32] [WARNING] [Main] FPS dropped below requirement: 5.91
[2026-03-27 23:24:33] [WARNING] [Main] FPS dropped below requirement: 5.79
[2026-03-27 23:24:33] [WARNING] [Main] FPS dropped below requirement: 5.72
[2026-03-27 23:24:33] [WARNING] [Main] FPS dropped below requirement: 5.67
[2026-03-27 23:24:33] [WARNING] [Main] FPS dropped below requirement: 5.56
[2026-03-27 23:24:34] [WARNING] [Main] FPS dropped below requirement: 5.54
[2026-03-27 23:24:34] [WARNING] [Main] FPS dropped below requirement: 5.51
[2026-03-27 23:24:34] [WARNING] [Main] FPS dropped below requirement: 5.51
[2026-03-27 23:24:34] [WARNING] [Main] FPS dropped below requirement: 5.44
[2026-03-27 23:24:35] [WARNING] [Main] FPS dropped below requirement: 5.06
[2026-03-27 23:24:35] [WARNING] [Main] FPS dropped below requirement: 5.03
[2026-03-27 23:24:35] [WARNING] [Main] FPS dropped below requirement: 4.92
[2026-03-27 23:24:35] [WARNING] [Main] FPS dropped below requirement: 4.89
[2026-03-27 23:24:36] [WARNING] [Main] FPS dropped below requirement: 4.76
[2026-03-27 23:24:36] [WARNING] [Main] FPS dropped below requirement: 4.68
[2026-03-27 23:24:36] [WARNING] [Main] FPS dropped below requirement: 4.68
[2026-03-27 23:24:36] [WARNING] [Main] FPS dropped below requirement: 4.66
[2026-03-27 23:24:36] [WARNING] [Main] FPS dropped below requirement: 4.65
[2026-03-27 23:24:37] [WARNING] [Main] FPS dropped below requirement: 4.62
[2026-03-27 23:24:37] [WARNING] [Main] FPS dropped below requirement: 4.57
[2026-03-27 23:24:37] [WARNING] [Main] FPS dropped below requirement: 4.55
[2026-03-27 23:24:37] [WARNING] [Main] FPS dropped below requirement: 4.55
[2026-03-27 23:24:37] [WARNING] [Main] FPS dropped below requirement: 4.53
[2026-03-27 23:24:38] [WARNING] [Main] FPS dropped below requirement: 4.53
[2026-03-27 23:24:38] [WARNING] [Main] FPS dropped below requirement: 4.53
[2026-03-27 23:24:38] [WARNING] [Main] FPS dropped below requirement: 4.56
[2026-03-27 23:24:38] [WARNING] [Main] FPS dropped below requirement: 4.58
[2026-03-27 23:24:38] [WARNING] [Main] FPS dropped below requirement: 4.58
[2026-03-27 23:24:39] [WARNING] [Main] FPS dropped below requirement: 4.54
[2026-03-27 23:24:39] [WARNING] [Main] FPS dropped below requirement: 4.55
[2026-03-27 23:24:39] [WARNING] [Main] FPS dropped below requirement: 4.60
[2026-03-27 23:24:39] [WARNING] [Main] FPS dropped below requirement: 4.58
[2026-03-27 23:24:39] [WARNING] [Main] FPS dropped below requirement: 4.61
[2026-03-27 23:24:40] [WARNING] [Main] FPS dropped below requirement: 4.66
[2026-03-27 23:24:40] [WARNING] [Main] FPS dropped below requirement: 4.66
[2026-03-27 23:24:40] [WARNING] [Main] FPS dropped below requirement: 4.67
[2026-03-27 23:24:40] [WARNING] [Main] FPS dropped below requirement: 4.69
[2026-03-27 23:24:40] [WARNING] [Main] FPS dropped below requirement: 4.71
[2026-03-27 23:24:40] [WARNING] [Main] FPS dropped below requirement: 5.00
[2026-03-27 23:24:41] [WARNING] [Main] FPS dropped below requirement: 5.02
[2026-03-27 23:24:41] [WARNING] [Main] FPS dropped below requirement: 5.07
[2026-03-27 23:24:41] [WARNING] [Main] FPS dropped below requirement: 5.08
[2026-03-27 23:24:41] [WARNING] [Main] FPS dropped below requirement: 5.21
[2026-03-27 23:24:41] [WARNING] [Main] FPS dropped below requirement: 5.26
[2026-03-27 23:24:42] [WARNING] [Main] FPS dropped below requirement: 5.26
[2026-03-27 23:24:42] [WARNING] [Main] FPS dropped below requirement: 5.27
[2026-03-27 23:24:42] [WARNING] [Main] FPS dropped below requirement: 5.28
[2026-03-27 23:24:42] [WARNING] [Main] FPS dropped below requirement: 5.31
[2026-03-27 23:24:42] [WARNING] [Main] FPS dropped below requirement: 5.37
[2026-03-27 23:24:42] [WARNING] [Main] FPS dropped below requirement: 5.39
[2026-03-27 23:24:43] [WARNING] [Main] FPS dropped below requirement: 5.42
[2026-03-27 23:24:43] [WARNING] [Main] FPS dropped below requirement: 5.44
[2026-03-27 23:24:43] [WARNING] [Main] FPS dropped below requirement: 5.46
[2026-03-27 23:24:43] [WARNING] [Main] FPS dropped below requirement: 5.48
[2026-03-27 23:24:43] [WARNING] [Main] FPS dropped below requirement: 5.50
[2026-03-27 23:24:43] [WARNING] [Main] FPS dropped below requirement: 5.46
[2026-03-27 23:24:44] [WARNING] [Main] FPS dropped below requirement: 5.47
[2026-03-27 23:24:44] [WARNING] [Main] FPS dropped below requirement: 5.49
[2026-03-27 23:24:44] [WARNING] [Main] FPS dropped below requirement: 5.44
[2026-03-27 23:24:44] [WARNING] [Main] FPS dropped below requirement: 5.43
[2026-03-27 23:24:45] [WARNING] [Main] FPS dropped below requirement: 5.45
[2026-03-27 23:24:45] [WARNING] [Main] FPS dropped below requirement: 5.45
[2026-03-27 23:24:45] [WARNING] [Main] FPS dropped below requirement: 5.46
[2026-03-27 23:24:45] [WARNING] [Main] FPS dropped below requirement: 5.47
[2026-03-27 23:24:45] [WARNING] [Main] FPS dropped below requirement: 5.47
[2026-03-27 23:24:45] [WARNING] [Main] FPS dropped below requirement: 5.42
[2026-03-27 23:24:46] [WARNING] [Main] FPS dropped below requirement: 5.46
[2026-03-27 23:24:46] [WARNING] [Main] FPS dropped below requirement: 5.44
[2026-03-27 23:24:46] [WARNING] [Main] FPS dropped below requirement: 5.42
[2026-03-27 23:24:46] [WARNING] [Main] FPS dropped below requirement: 5.47
[2026-03-27 23:24:47] [WARNING] [Main] FPS dropped below requirement: 5.45
[2026-03-27 23:24:47] [WARNING] [Main] FPS dropped below requirement: 5.22
[2026-03-27 23:24:47] [WARNING] [Main] FPS dropped below requirement: 5.15
[2026-03-27 23:24:47] [WARNING] [Main] FPS dropped below requirement: 5.11
[2026-03-27 23:24:48] [WARNING] [Main] FPS dropped below requirement: 5.06
[2026-03-27 23:24:48] [WARNING] [Main] FPS dropped below requirement: 4.97
[2026-03-27 23:24:48] [WARNING] [Main] FPS dropped below requirement: 4.92
[2026-03-27 23:24:48] [WARNING] [Main] FPS dropped below requirement: 4.88
[2026-03-27 23:24:49] [WARNING] [Main] FPS dropped below requirement: 4.83
[2026-03-27 23:24:49] [WARNING] [Main] FPS dropped below requirement: 4.79
[2026-03-27 23:24:49] [WARNING] [Main] FPS dropped below requirement: 4.78
[2026-03-27 23:24:49] [WARNING] [Main] FPS dropped below requirement: 4.78
[2026-03-27 23:24:49] [WARNING] [Main] FPS dropped below requirement: 4.71
[2026-03-27 23:24:50] [WARNING] [Main] FPS dropped below requirement: 4.67
[2026-03-27 23:24:50] [WARNING] [Main] FPS dropped below requirement: 4.63
[2026-03-27 23:24:50] [WARNING] [Main] FPS dropped below requirement: 4.66
[2026-03-27 23:24:50] [WARNING] [Main] FPS dropped below requirement: 4.69
[2026-03-27 23:24:50] [WARNING] [Main] FPS dropped below requirement: 4.75
[2026-03-27 23:24:50] [WARNING] [Main] FPS dropped below requirement: 4.80
[2026-03-27 23:24:50] [WARNING] [Main] FPS dropped below requirement: 4.86
[2026-03-27 23:24:51] [WARNING] [Main] FPS dropped below requirement: 4.85
[2026-03-27 23:24:51] [WARNING] [Main] FPS dropped below requirement: 4.79
[2026-03-27 23:24:51] [WARNING] [Main] FPS dropped below requirement: 4.79
[2026-03-27 23:24:51] [WARNING] [Main] FPS dropped below requirement: 4.77
[2026-03-27 23:24:51] [WARNING] [Main] FPS dropped below requirement: 4.80
[2026-03-27 23:24:52] [WARNING] [Main] FPS dropped below requirement: 4.81
[2026-03-27 23:24:52] [WARNING] [Main] FPS dropped below requirement: 4.85
[2026-03-27 23:24:52] [WARNING] [Main] FPS dropped below requirement: 4.88
[2026-03-27 23:24:52] [WARNING] [Main] FPS dropped below requirement: 4.86
[2026-03-27 23:24:52] [WARNING] [Main] FPS dropped below requirement: 4.89
[2026-03-27 23:24:52] [WARNING] [Main] FPS dropped below requirement: 5.10
[2026-03-27 23:24:53] [WARNING] [Main] FPS dropped below requirement: 5.20
[2026-03-27 23:24:53] [WARNING] [Main] FPS dropped below requirement: 5.21
[2026-03-27 23:24:53] [WARNING] [Main] FPS dropped below requirement: 5.17
[2026-03-27 23:24:53] [WARNING] [Main] FPS dropped below requirement: 5.24
[2026-03-27 23:24:54] [WARNING] [Main] FPS dropped below requirement: 5.28
[2026-03-27 23:24:54] [WARNING] [Main] FPS dropped below requirement: 5.33
[2026-03-27 23:24:54] [WARNING] [Main] FPS dropped below requirement: 5.40
[2026-03-27 23:24:54] [WARNING] [Main] FPS dropped below requirement: 5.38
[2026-03-27 23:24:54] [WARNING] [Main] FPS dropped below requirement: 5.41
[2026-03-27 23:24:54] [WARNING] [Main] FPS dropped below requirement: 5.42
[2026-03-27 23:24:55] [WARNING] [Main] FPS dropped below requirement: 5.53
[2026-03-27 23:24:55] [WARNING] [Main] FPS dropped below requirement: 5.43
[2026-03-27 23:24:55] [WARNING] [Main] FPS dropped below requirement: 5.58
[2026-03-27 23:24:55] [WARNING] [Main] FPS dropped below requirement: 5.57
[2026-03-27 23:24:55] [WARNING] [Main] FPS dropped below requirement: 5.58
[2026-03-27 23:24:55] [WARNING] [Main] FPS dropped below requirement: 5.55
[2026-03-27 23:24:56] [WARNING] [Main] FPS dropped below requirement: 5.54
[2026-03-27 23:24:56] [WARNING] [Main] FPS dropped below requirement: 5.54
[2026-03-27 23:24:56] [WARNING] [Main] FPS dropped below requirement: 5.61
[2026-03-27 23:24:56] [WARNING] [Main] FPS dropped below requirement: 5.72
[2026-03-27 23:24:56] [WARNING] [Main] FPS dropped below requirement: 5.75
[2026-03-27 23:24:56] [WARNING] [Main] FPS dropped below requirement: 5.73
[2026-03-27 23:24:56] [WARNING] [Main] FPS dropped below requirement: 5.74
[2026-03-27 23:24:57] [WARNING] [Main] FPS dropped below requirement: 5.75
[2026-03-27 23:24:57] [WARNING] [Main] FPS dropped below requirement: 5.72
[2026-03-27 23:24:57] [WARNING] [Main] FPS dropped below requirement: 5.72
[2026-03-27 23:24:57] [WARNING] [Main] FPS dropped below requirement: 5.78
[2026-03-27 23:24:57] [WARNING] [Main] FPS dropped below requirement: 5.81
[2026-03-27 23:24:57] [WARNING] [Main] FPS dropped below requirement: 5.83
[2026-03-27 23:24:58] [WARNING] [Main] FPS dropped below requirement: 5.86
[2026-03-27 23:24:58] [WARNING] [Main] FPS dropped below requirement: 5.95
[2026-03-27 23:24:58] [WARNING] [Main] FPS dropped below requirement: 6.13
[2026-03-27 23:24:58] [WARNING] [Main] FPS dropped below requirement: 6.19
[2026-03-27 23:24:58] [WARNING] [Main] FPS dropped below requirement: 6.24
[2026-03-27 23:24:58] [WARNING] [Main] FPS dropped below requirement: 6.20
[2026-03-27 23:24:59] [WARNING] [Main] FPS dropped below requirement: 6.20
[2026-03-27 23:24:59] [WARNING] [Main] FPS dropped below requirement: 6.20
[2026-03-27 23:24:59] [WARNING] [Main] FPS dropped below requirement: 6.16
[2026-03-27 23:24:59] [WARNING] [Main] FPS dropped below requirement: 6.16
[2026-03-27 23:24:59] [WARNING] [Main] FPS dropped below requirement: 6.16
[2026-03-27 23:24:59] [WARNING] [Main] FPS dropped below requirement: 6.36
[2026-03-27 23:25:00] [WARNING] [Main] FPS dropped below requirement: 6.34
[2026-03-27 23:25:00] [WARNING] [Main] FPS dropped below requirement: 6.25
[2026-03-27 23:25:00] [WARNING] [Main] FPS dropped below requirement: 6.21
[2026-03-27 23:25:00] [WARNING] [Main] FPS dropped below requirement: 6.10
[2026-03-27 23:25:01] [WARNING] [Main] FPS dropped below requirement: 5.68
[2026-03-27 23:25:01] [WARNING] [Main] FPS dropped below requirement: 5.50
[2026-03-27 23:25:01] [WARNING] [Main] FPS dropped below requirement: 5.35
[2026-03-27 23:25:01] [WARNING] [Main] FPS dropped below requirement: 5.25
[2026-03-27 23:25:02] [WARNING] [Main] FPS dropped below requirement: 5.22
[2026-03-27 23:25:02] [WARNING] [Main] FPS dropped below requirement: 5.29
[2026-03-27 23:25:02] [WARNING] [Main] FPS dropped below requirement: 5.26
[2026-03-27 23:25:02] [WARNING] [Main] FPS dropped below requirement: 5.23
[2026-03-27 23:25:02] [WARNING] [Main] FPS dropped below requirement: 5.27
[2026-03-27 23:25:03] [WARNING] [Main] FPS dropped below requirement: 5.27
[2026-03-27 23:25:03] [WARNING] [Main] FPS dropped below requirement: 5.24
[2026-03-27 23:25:03] [WARNING] [Main] FPS dropped below requirement: 5.22
[2026-03-27 23:25:03] [WARNING] [Main] FPS dropped below requirement: 5.21
[2026-03-27 23:25:03] [WARNING] [Main] FPS dropped below requirement: 5.19
[2026-03-27 23:25:03] [WARNING] [Main] FPS dropped below requirement: 5.18
[2026-03-27 23:25:03] [WARNING] [Main] FPS dropped below requirement: 5.15
[2026-03-27 23:25:04] [WARNING] [Main] FPS dropped below requirement: 5.14
[2026-03-27 23:25:04] [WARNING] [Main] FPS dropped below requirement: 5.13
[2026-03-27 23:25:04] [WARNING] [Main] FPS dropped below requirement: 5.16
[2026-03-27 23:25:04] [WARNING] [Main] FPS dropped below requirement: 5.16
[2026-03-27 23:25:04] [WARNING] [Main] FPS dropped below requirement: 5.22
[2026-03-27 23:25:04] [WARNING] [Main] FPS dropped below requirement: 5.25
[2026-03-27 23:25:05] [WARNING] [Main] FPS dropped below requirement: 5.24
[2026-03-27 23:25:05] [WARNING] [Main] FPS dropped below requirement: 5.21
[2026-03-27 23:25:05] [WARNING] [Main] FPS dropped below requirement: 5.20
[2026-03-27 23:25:05] [WARNING] [Main] FPS dropped below requirement: 5.19
[2026-03-27 23:25:05] [WARNING] [Main] FPS dropped below requirement: 5.24
[2026-03-27 23:25:05] [WARNING] [Main] FPS dropped below requirement: 5.25
[2026-03-27 23:25:06] [WARNING] [Main] FPS dropped below requirement: 5.27
[2026-03-27 23:25:06] [WARNING] [Main] FPS dropped below requirement: 5.54
[2026-03-27 23:25:06] [WARNING] [Main] FPS dropped below requirement: 5.62
[2026-03-27 23:25:06] [WARNING] [Main] FPS dropped below requirement: 5.69
[2026-03-27 23:25:07] [WARNING] [Main] FPS dropped below requirement: 5.70
[2026-03-27 23:25:07] [WARNING] [Main] FPS dropped below requirement: 5.65
[2026-03-27 23:25:07] [WARNING] [Main] FPS dropped below requirement: 5.57
[2026-03-27 23:25:07] [WARNING] [Main] FPS dropped below requirement: 5.52
[2026-03-27 23:25:08] [WARNING] [Main] FPS dropped below requirement: 5.48
[2026-03-27 23:25:08] [WARNING] [Main] FPS dropped below requirement: 5.40
[2026-03-27 23:25:08] [WARNING] [Main] FPS dropped below requirement: 5.33
[2026-03-27 23:25:08] [WARNING] [Main] FPS dropped below requirement: 5.27
[2026-03-27 23:25:08] [WARNING] [Main] FPS dropped below requirement: 5.23
[2026-03-27 23:25:09] [WARNING] [Main] FPS dropped below requirement: 5.18
[2026-03-27 23:25:09] [WARNING] [Main] FPS dropped below requirement: 5.11
[2026-03-27 23:25:09] [WARNING] [Main] FPS dropped below requirement: 5.04
[2026-03-27 23:25:09] [WARNING] [Main] FPS dropped below requirement: 4.98
[2026-03-27 23:25:10] [WARNING] [Main] FPS dropped below requirement: 4.92
[2026-03-27 23:25:10] [WARNING] [Main] FPS dropped below requirement: 4.85
[2026-03-27 23:25:10] [WARNING] [Main] FPS dropped below requirement: 4.63
[2026-03-27 23:25:11] [WARNING] [Main] FPS dropped below requirement: 4.57
[2026-03-27 23:25:11] [WARNING] [Main] FPS dropped below requirement: 4.52
[2026-03-27 23:25:11] [WARNING] [Main] FPS dropped below requirement: 4.46
[2026-03-27 23:25:11] [WARNING] [Main] FPS dropped below requirement: 4.41
[2026-03-27 23:25:11] [WARNING] [Main] FPS dropped below requirement: 4.37
[2026-03-27 23:25:12] [WARNING] [Main] FPS dropped below requirement: 4.32
[2026-03-27 23:25:12] [INFO] [Main] Output saved to output.mp4
[2026-03-27 23:25:12] [INFO] [VideoCapture] Camera released.
[2026-03-27 23:25:12] [INFO] [Main] System shutdown
[2026-03-27 23:37:40] [INFO] [Main] Driver Monitoring System starting
[2026-03-27 23:37:40] [INFO] [Main] FaceMap 3DMM landmark detector loaded
[2026-03-27 23:37:40] [INFO] [VideoCapture] Opening video source: data/in_video.mp4 ...
[2026-03-27 23:37:40] [INFO] [VideoCapture] Source opened successfully: data/in_video.mp4
[2026-03-27 23:37:40] [INFO] [Main] Capture loop started. Press 'q' to quit.
[2026-03-27 23:37:40] [INFO] [Main] Saving output to output.mp4
[2026-03-27 23:37:40] [WARNING] [Main] FPS dropped below requirement: 0.00
[2026-03-27 23:37:41] [WARNING] [Main] FPS dropped below requirement: 4.43
[2026-03-27 23:37:41] [WARNING] [Main] FPS dropped below requirement: 5.00
[2026-03-27 23:37:41] [WARNING] [Main] FPS dropped below requirement: 5.34
[2026-03-27 23:37:41] [WARNING] [Main] FPS dropped below requirement: 5.46
[2026-03-27 23:37:41] [WARNING] [Main] FPS dropped below requirement: 5.55
[2026-03-27 23:37:41] [WARNING] [Main] FPS dropped below requirement: 5.58
[2026-03-27 23:37:42] [WARNING] [Main] FPS dropped below requirement: 5.63
[2026-03-27 23:37:42] [WARNING] [Main] FPS dropped below requirement: 5.67
[2026-03-27 23:37:42] [WARNING] [Main] FPS dropped below requirement: 5.74
[2026-03-27 23:37:42] [WARNING] [Main] FPS dropped below requirement: 5.76
[2026-03-27 23:37:42] [WARNING] [Main] FPS dropped below requirement: 5.81
[2026-03-27 23:37:42] [WARNING] [Main] FPS dropped below requirement: 5.79
[2026-03-27 23:37:43] [WARNING] [Main] FPS dropped below requirement: 5.81
[2026-03-27 23:37:43] [WARNING] [Main] FPS dropped below requirement: 5.81
[2026-03-27 23:37:43] [WARNING] [Main] FPS dropped below requirement: 5.84
[2026-03-27 23:37:43] [WARNING] [Main] FPS dropped below requirement: 5.85
[2026-03-27 23:37:43] [WARNING] [Main] FPS dropped below requirement: 5.86
[2026-03-27 23:37:43] [WARNING] [Main] FPS dropped below requirement: 5.88
[2026-03-27 23:37:44] [WARNING] [Main] FPS dropped below requirement: 5.89
[2026-03-27 23:37:44] [WARNING] [Main] FPS dropped below requirement: 5.90
[2026-03-27 23:37:44] [WARNING] [Main] FPS dropped below requirement: 5.93
[2026-03-27 23:37:44] [WARNING] [Main] FPS dropped below requirement: 5.93
[2026-03-27 23:37:44] [WARNING] [Main] FPS dropped below requirement: 5.95
[2026-03-27 23:37:44] [WARNING] [Main] FPS dropped below requirement: 5.96
[2026-03-27 23:37:45] [WARNING] [Main] FPS dropped below requirement: 5.99
[2026-03-27 23:37:45] [WARNING] [Main] FPS dropped below requirement: 5.99
[2026-03-27 23:37:45] [WARNING] [Main] FPS dropped below requirement: 6.00
[2026-03-27 23:37:45] [WARNING] [Main] FPS dropped below requirement: 5.99
[2026-03-27 23:37:45] [WARNING] [Main] FPS dropped below requirement: 5.99
[2026-03-27 23:37:45] [WARNING] [Main] FPS dropped below requirement: 6.07
[2026-03-27 23:37:46] [WARNING] [Main] FPS dropped below requirement: 6.08
[2026-03-27 23:37:46] [WARNING] [Main] FPS dropped below requirement: 6.08
[2026-03-27 23:37:46] [WARNING] [Main] FPS dropped below requirement: 6.13
[2026-03-27 23:37:46] [WARNING] [Main] FPS dropped below requirement: 6.14
[2026-03-27 23:37:46] [WARNING] [Main] FPS dropped below requirement: 6.15
[2026-03-27 23:37:46] [WARNING] [Main] FPS dropped below requirement: 6.16
[2026-03-27 23:37:46] [WARNING] [Main] FPS dropped below requirement: 6.17
[2026-03-27 23:37:47] [WARNING] [Main] FPS dropped below requirement: 6.16
[2026-03-27 23:37:47] [WARNING] [Main] FPS dropped below requirement: 6.17
[2026-03-27 23:37:47] [WARNING] [Main] FPS dropped below requirement: 6.16
[2026-03-27 23:37:47] [WARNING] [Main] FPS dropped below requirement: 6.18
[2026-03-27 23:37:47] [WARNING] [Main] FPS dropped below requirement: 6.17
[2026-03-27 23:37:47] [WARNING] [Main] FPS dropped below requirement: 6.18
[2026-03-27 23:37:48] [WARNING] [Main] FPS dropped below requirement: 6.20
[2026-03-27 23:37:48] [WARNING] [Main] FPS dropped below requirement: 6.19
[2026-03-27 23:37:48] [WARNING] [Main] FPS dropped below requirement: 6.18
[2026-03-27 23:37:48] [WARNING] [Main] FPS dropped below requirement: 6.18
[2026-03-27 23:37:48] [WARNING] [Main] FPS dropped below requirement: 6.17
[2026-03-27 23:37:48] [WARNING] [Main] FPS dropped below requirement: 6.18
[2026-03-27 23:37:49] [WARNING] [Main] FPS dropped below requirement: 6.17
[2026-03-27 23:37:49] [WARNING] [Main] FPS dropped below requirement: 6.17
[2026-03-27 23:37:49] [WARNING] [Main] FPS dropped below requirement: 6.15
[2026-03-27 23:37:49] [WARNING] [Main] FPS dropped below requirement: 6.14
[2026-03-27 23:37:49] [WARNING] [Main] FPS dropped below requirement: 6.12
[2026-03-27 23:37:49] [WARNING] [Main] FPS dropped below requirement: 6.12
[2026-03-27 23:37:50] [WARNING] [Main] FPS dropped below requirement: 6.12
[2026-03-27 23:37:50] [WARNING] [Main] FPS dropped below requirement: 6.12
[2026-03-27 23:37:50] [WARNING] [Main] FPS dropped below requirement: 6.13
[2026-03-27 23:37:50] [WARNING] [Main] FPS dropped below requirement: 6.13
[2026-03-27 23:37:50] [WARNING] [Main] FPS dropped below requirement: 6.13
[2026-03-27 23:37:50] [WARNING] [Main] FPS dropped below requirement: 6.12
[2026-03-27 23:37:51] [WARNING] [Main] FPS dropped below requirement: 6.08
[2026-03-27 23:37:51] [WARNING] [Main] FPS dropped below requirement: 6.07
[2026-03-27 23:37:51] [WARNING] [Main] FPS dropped below requirement: 6.09
[2026-03-27 23:37:51] [WARNING] [Main] FPS dropped below requirement: 6.07
[2026-03-27 23:37:51] [WARNING] [Main] FPS dropped below requirement: 6.06
[2026-03-27 23:37:51] [WARNING] [Main] FPS dropped below requirement: 6.07
[2026-03-27 23:37:52] [WARNING] [Main] FPS dropped below requirement: 6.06
[2026-03-27 23:37:52] [WARNING] [Main] FPS dropped below requirement: 6.08
[2026-03-27 23:37:52] [WARNING] [Main] FPS dropped below requirement: 6.08
[2026-03-27 23:37:52] [WARNING] [Main] FPS dropped below requirement: 6.07
[2026-03-27 23:37:52] [INFO] [Main] Output saved to output.mp4
[2026-03-27 23:37:52] [INFO] [VideoCapture] Camera released.
[2026-03-27 23:37:52] [INFO] [Main] System shutdown
[2026-03-27 23:39:17] [INFO] [Main] Driver Monitoring System starting
[2026-03-27 23:39:18] [INFO] [Main] FaceMap 3DMM landmark detector loaded
[2026-03-27 23:39:18] [INFO] [VideoCapture] Opening video source: data/in_video.mp4 ...
[2026-03-27 23:39:18] [INFO] [VideoCapture] Source opened successfully: data/in_video.mp4
[2026-03-27 23:39:18] [INFO] [Main] Capture loop started. Press 'q' to quit.
[2026-03-27 23:39:18] [INFO] [Main] Saving output to output.mp4
[2026-03-27 23:39:18] [WARNING] [Main] FPS dropped below requirement: 0.00
[2026-03-27 23:39:18] [WARNING] [Main] FPS dropped below requirement: 5.43
[2026-03-27 23:39:18] [WARNING] [Main] FPS dropped below requirement: 5.55
[2026-03-27 23:39:18] [WARNING] [Main] FPS dropped below requirement: 5.67
[2026-03-27 23:39:18] [WARNING] [Main] FPS dropped below requirement: 5.74
[2026-03-27 23:39:19] [WARNING] [Main] FPS dropped below requirement: 5.81
[2026-03-27 23:39:19] [WARNING] [Main] FPS dropped below requirement: 5.83
[2026-03-27 23:39:19] [WARNING] [Main] FPS dropped below requirement: 5.87
[2026-03-27 23:39:19] [WARNING] [Main] FPS dropped below requirement: 5.91
[2026-03-27 23:39:19] [WARNING] [Main] FPS dropped below requirement: 5.94
[2026-03-27 23:39:19] [WARNING] [Main] FPS dropped below requirement: 5.95
[2026-03-27 23:39:20] [WARNING] [Main] FPS dropped below requirement: 5.95
[2026-03-27 23:39:20] [WARNING] [Main] FPS dropped below requirement: 6.00
[2026-03-27 23:39:20] [WARNING] [Main] FPS dropped below requirement: 6.00
[2026-03-27 23:39:20] [WARNING] [Main] FPS dropped below requirement: 6.03
[2026-03-27 23:39:20] [WARNING] [Main] FPS dropped below requirement: 6.05
[2026-03-27 23:39:20] [WARNING] [Main] FPS dropped below requirement: 6.05
[2026-03-27 23:39:21] [WARNING] [Main] FPS dropped below requirement: 6.08
[2026-03-27 23:39:21] [WARNING] [Main] FPS dropped below requirement: 6.08
[2026-03-27 23:39:21] [WARNING] [Main] FPS dropped below requirement: 6.09
[2026-03-27 23:39:21] [WARNING] [Main] FPS dropped below requirement: 6.09
[2026-03-27 23:39:21] [WARNING] [Main] FPS dropped below requirement: 6.10
[2026-03-27 23:39:21] [WARNING] [Main] FPS dropped below requirement: 6.08
[2026-03-27 23:39:21] [WARNING] [Main] FPS dropped below requirement: 6.10
[2026-03-27 23:39:22] [WARNING] [Main] FPS dropped below requirement: 6.09
[2026-03-27 23:39:22] [WARNING] [Main] FPS dropped below requirement: 6.10
[2026-03-27 23:39:22] [WARNING] [Main] FPS dropped below requirement: 6.14
[2026-03-27 23:39:22] [WARNING] [Main] FPS dropped below requirement: 6.13
[2026-03-27 23:39:22] [WARNING] [Main] FPS dropped below requirement: 6.14
[2026-03-27 23:39:22] [WARNING] [Main] FPS dropped below requirement: 6.13
[2026-03-27 23:39:23] [WARNING] [Main] FPS dropped below requirement: 6.16
[2026-03-27 23:39:23] [WARNING] [Main] FPS dropped below requirement: 6.18
[2026-03-27 23:39:23] [WARNING] [Main] FPS dropped below requirement: 6.18
[2026-03-27 23:39:23] [WARNING] [Main] FPS dropped below requirement: 6.19
[2026-03-27 23:39:23] [WARNING] [Main] FPS dropped below requirement: 6.20
[2026-03-27 23:39:23] [WARNING] [Main] FPS dropped below requirement: 6.21
[2026-03-27 23:39:24] [WARNING] [Main] FPS dropped below requirement: 6.20
[2026-03-27 23:39:24] [WARNING] [Main] FPS dropped below requirement: 6.19
[2026-03-27 23:39:24] [WARNING] [Main] FPS dropped below requirement: 6.20
[2026-03-27 23:39:24] [WARNING] [Main] FPS dropped below requirement: 6.20
[2026-03-27 23:39:24] [WARNING] [Main] FPS dropped below requirement: 6.20
[2026-03-27 23:39:24] [WARNING] [Main] FPS dropped below requirement: 6.19
[2026-03-27 23:39:25] [WARNING] [Main] FPS dropped below requirement: 6.18
[2026-03-27 23:39:25] [WARNING] [Main] FPS dropped below requirement: 6.18
[2026-03-27 23:39:25] [WARNING] [Main] FPS dropped below requirement: 6.16
[2026-03-27 23:39:25] [WARNING] [Main] FPS dropped below requirement: 6.17
[2026-03-27 23:39:25] [WARNING] [Main] FPS dropped below requirement: 6.19
[2026-03-27 23:39:25] [WARNING] [Main] FPS dropped below requirement: 6.23
[2026-03-27 23:39:26] [WARNING] [Main] FPS dropped below requirement: 6.22
[2026-03-27 23:39:26] [WARNING] [Main] FPS dropped below requirement: 6.20
[2026-03-27 23:39:26] [INFO] [Main] Output saved to output.mp4
[2026-03-27 23:39:26] [INFO] [VideoCapture] Camera released.
[2026-03-27 23:39:26] [INFO] [Main] System shutdown
[2026-03-27 23:39:48] [INFO] [Main] Driver Monitoring System starting
[2026-03-27 23:39:48] [INFO] [Main] FaceMap 3DMM landmark detector loaded
[2026-03-27 23:39:48] [INFO] [VideoCapture] Opening video source: data/in_video.mp4 ...
[2026-03-27 23:39:48] [INFO] [VideoCapture] Source opened successfully: data/in_video.mp4
[2026-03-27 23:39:48] [INFO] [Main] Capture loop started. Press 'q' to quit.
[2026-03-27 23:39:48] [INFO] [Main] Saving output to output.mp4
[2026-03-27 23:39:48] [WARNING] [Main] FPS dropped below requirement: 0.00
[2026-03-27 23:39:48] [WARNING] [Main] FPS dropped below requirement: 4.99
[2026-03-27 23:39:48] [WARNING] [Main] FPS dropped below requirement: 5.29
[2026-03-27 23:39:49] [WARNING] [Main] FPS dropped below requirement: 5.48
[2026-03-27 23:39:49] [WARNING] [Main] FPS dropped below requirement: 5.55
[2026-03-27 23:39:49] [WARNING] [Main] FPS dropped below requirement: 5.61
[2026-03-27 23:39:49] [WARNING] [Main] FPS dropped below requirement: 5.67
[2026-03-27 23:39:49] [WARNING] [Main] FPS dropped below requirement: 5.71
[2026-03-27 23:39:49] [WARNING] [Main] FPS dropped below requirement: 5.78
[2026-03-27 23:39:50] [WARNING] [Main] FPS dropped below requirement: 5.81
[2026-03-27 23:39:50] [WARNING] [Main] FPS dropped below requirement: 5.79
[2026-03-27 23:39:50] [WARNING] [Main] FPS dropped below requirement: 5.82
[2026-03-27 23:39:50] [WARNING] [Main] FPS dropped below requirement: 5.93
[2026-03-27 23:39:50] [WARNING] [Main] FPS dropped below requirement: 5.92
[2026-03-27 23:39:50] [WARNING] [Main] FPS dropped below requirement: 5.92
[2026-03-27 23:39:50] [WARNING] [Main] FPS dropped below requirement: 5.94
[2026-03-27 23:39:51] [WARNING] [Main] FPS dropped below requirement: 5.94
[2026-03-27 23:39:51] [WARNING] [Main] FPS dropped below requirement: 5.93
[2026-03-27 23:39:51] [WARNING] [Main] FPS dropped below requirement: 5.93
[2026-03-27 23:39:51] [WARNING] [Main] FPS dropped below requirement: 5.91
[2026-03-27 23:39:51] [WARNING] [Main] FPS dropped below requirement: 5.98
[2026-03-27 23:39:52] [WARNING] [Main] FPS dropped below requirement: 5.96
[2026-03-27 23:39:52] [WARNING] [Main] FPS dropped below requirement: 5.92
[2026-03-27 23:39:52] [WARNING] [Main] FPS dropped below requirement: 5.92
[2026-03-27 23:39:52] [WARNING] [Main] FPS dropped below requirement: 5.89
[2026-03-27 23:39:52] [WARNING] [Main] FPS dropped below requirement: 5.90
[2026-03-27 23:39:52] [WARNING] [Main] FPS dropped below requirement: 5.90
[2026-03-27 23:39:53] [WARNING] [Main] FPS dropped below requirement: 5.91
[2026-03-27 23:39:53] [WARNING] [Main] FPS dropped below requirement: 5.89
[2026-03-27 23:39:53] [WARNING] [Main] FPS dropped below requirement: 5.90
[2026-03-27 23:39:53] [WARNING] [Main] FPS dropped below requirement: 5.94
[2026-03-27 23:39:53] [WARNING] [Main] FPS dropped below requirement: 5.98
[2026-03-27 23:39:53] [WARNING] [Main] FPS dropped below requirement: 5.96
[2026-03-27 23:39:54] [WARNING] [Main] FPS dropped below requirement: 5.97
[2026-03-27 23:39:54] [WARNING] [Main] FPS dropped below requirement: 5.96
[2026-03-27 23:39:54] [WARNING] [Main] FPS dropped below requirement: 5.97
[2026-03-27 23:39:54] [WARNING] [Main] FPS dropped below requirement: 5.98
[2026-03-27 23:39:54] [WARNING] [Main] FPS dropped below requirement: 5.97
[2026-03-27 23:39:54] [WARNING] [Main] FPS dropped below requirement: 5.96
[2026-03-27 23:39:55] [WARNING] [Main] FPS dropped below requirement: 5.97
[2026-03-27 23:39:55] [WARNING] [Main] FPS dropped below requirement: 5.97
[2026-03-27 23:39:55] [WARNING] [Main] FPS dropped below requirement: 5.93
[2026-03-27 23:39:55] [WARNING] [Main] FPS dropped below requirement: 5.92
[2026-03-27 23:39:55] [WARNING] [Main] FPS dropped below requirement: 5.92
[2026-03-27 23:39:55] [WARNING] [Main] FPS dropped below requirement: 5.91
[2026-03-27 23:39:56] [WARNING] [Main] FPS dropped below requirement: 5.90
[2026-03-27 23:39:56] [WARNING] [Main] FPS dropped below requirement: 5.90
[2026-03-27 23:39:56] [WARNING] [Main] FPS dropped below requirement: 5.91
[2026-03-27 23:39:56] [WARNING] [Main] FPS dropped below requirement: 5.90
[2026-03-27 23:39:56] [WARNING] [Main] FPS dropped below requirement: 5.84
[2026-03-27 23:39:56] [WARNING] [Main] FPS dropped below requirement: 5.86
[2026-03-27 23:39:57] [WARNING] [Main] FPS dropped below requirement: 5.88
[2026-03-27 23:39:57] [WARNING] [Main] FPS dropped below requirement: 5.89
[2026-03-27 23:39:57] [WARNING] [Main] FPS dropped below requirement: 5.92
[2026-03-27 23:39:57] [WARNING] [Main] FPS dropped below requirement: 5.92
[2026-03-27 23:39:57] [WARNING] [Main] FPS dropped below requirement: 5.92
[2026-03-27 23:39:57] [WARNING] [Main] FPS dropped below requirement: 5.93
[2026-03-27 23:39:58] [WARNING] [Main] FPS dropped below requirement: 5.95
[2026-03-27 23:39:58] [WARNING] [Main] FPS dropped below requirement: 5.96
[2026-03-27 23:39:58] [WARNING] [Main] FPS dropped below requirement: 5.95
[2026-03-27 23:39:58] [WARNING] [Main] FPS dropped below requirement: 5.94
[2026-03-27 23:39:58] [WARNING] [Main] FPS dropped below requirement: 5.95
[2026-03-27 23:39:58] [WARNING] [Main] FPS dropped below requirement: 5.96
[2026-03-27 23:39:59] [WARNING] [Main] FPS dropped below requirement: 5.96
[2026-03-27 23:39:59] [WARNING] [Main] FPS dropped below requirement: 5.98
[2026-03-27 23:39:59] [WARNING] [Main] FPS dropped below requirement: 5.98
[2026-03-27 23:39:59] [WARNING] [Main] FPS dropped below requirement: 5.99
[2026-03-27 23:39:59] [WARNING] [Main] FPS dropped below requirement: 6.00
[2026-03-27 23:39:59] [WARNING] [Main] FPS dropped below requirement: 6.00
[2026-03-27 23:40:00] [WARNING] [Main] FPS dropped below requirement: 6.00
[2026-03-27 23:40:00] [WARNING] [Main] FPS dropped below requirement: 5.99
[2026-03-27 23:40:00] [WARNING] [Main] FPS dropped below requirement: 6.03
[2026-03-27 23:40:00] [WARNING] [Main] FPS dropped below requirement: 6.02
[2026-03-27 23:40:00] [WARNING] [Main] FPS dropped below requirement: 6.02
[2026-03-27 23:40:00] [WARNING] [Main] FPS dropped below requirement: 6.03
[2026-03-27 23:40:01] [WARNING] [Main] FPS dropped below requirement: 6.03
[2026-03-27 23:40:01] [WARNING] [Main] FPS dropped below requirement: 6.04
[2026-03-27 23:40:01] [WARNING] [Main] FPS dropped below requirement: 6.06
[2026-03-27 23:40:01] [WARNING] [Main] FPS dropped below requirement: 6.07
[2026-03-27 23:40:01] [WARNING] [Main] FPS dropped below requirement: 6.09
[2026-03-27 23:40:01] [WARNING] [Main] FPS dropped below requirement: 6.10
[2026-03-27 23:40:02] [WARNING] [Main] FPS dropped below requirement: 6.08
[2026-03-27 23:40:02] [WARNING] [Main] FPS dropped below requirement: 6.08
[2026-03-27 23:40:02] [WARNING] [Main] FPS dropped below requirement: 6.06
[2026-03-27 23:40:02] [WARNING] [Main] FPS dropped below requirement: 6.07
[2026-03-27 23:40:02] [WARNING] [Main] FPS dropped below requirement: 6.05
[2026-03-27 23:40:02] [WARNING] [Main] FPS dropped below requirement: 6.05
[2026-03-27 23:40:03] [WARNING] [Main] FPS dropped below requirement: 6.05
[2026-03-27 23:40:03] [WARNING] [Main] FPS dropped below requirement: 6.05
[2026-03-27 23:40:03] [WARNING] [Main] FPS dropped below requirement: 6.05
[2026-03-27 23:40:03] [WARNING] [Main] FPS dropped below requirement: 6.06
[2026-03-27 23:40:03] [WARNING] [Main] FPS dropped below requirement: 6.06
[2026-03-27 23:40:03] [WARNING] [Main] FPS dropped below requirement: 6.07
[2026-03-27 23:40:04] [WARNING] [Main] FPS dropped below requirement: 6.05
[2026-03-27 23:40:04] [WARNING] [Main] FPS dropped below requirement: 6.06
[2026-03-27 23:40:04] [WARNING] [Main] FPS dropped below requirement: 6.05
[2026-03-27 23:40:04] [WARNING] [Main] FPS dropped below requirement: 6.05
[2026-03-27 23:40:04] [WARNING] [Main] FPS dropped below requirement: 6.05
[2026-03-27 23:40:04] [WARNING] [Main] FPS dropped below requirement: 6.08
[2026-03-27 23:40:04] [WARNING] [Main] FPS dropped below requirement: 6.10
[2026-03-27 23:40:05] [WARNING] [Main] FPS dropped below requirement: 6.07
[2026-03-27 23:40:05] [WARNING] [Main] FPS dropped below requirement: 6.06
[2026-03-27 23:40:05] [WARNING] [Main] FPS dropped below requirement: 6.05
[2026-03-27 23:40:05] [WARNING] [Main] FPS dropped below requirement: 6.03
[2026-03-27 23:40:05] [WARNING] [Main] FPS dropped below requirement: 6.04
[2026-03-27 23:40:06] [WARNING] [Main] FPS dropped below requirement: 6.03
[2026-03-27 23:40:06] [WARNING] [Main] FPS dropped below requirement: 6.03
[2026-03-27 23:40:06] [WARNING] [Main] FPS dropped below requirement: 6.05
[2026-03-27 23:40:06] [WARNING] [Main] FPS dropped below requirement: 6.03
[2026-03-27 23:40:06] [WARNING] [Main] FPS dropped below requirement: 6.03
[2026-03-27 23:40:06] [WARNING] [Main] FPS dropped below requirement: 6.06
[2026-03-27 23:40:07] [WARNING] [Main] FPS dropped below requirement: 6.05
[2026-03-27 23:40:07] [WARNING] [Main] FPS dropped below requirement: 6.06
[2026-03-27 23:40:07] [WARNING] [Main] FPS dropped below requirement: 6.05
[2026-03-27 23:40:07] [WARNING] [Main] FPS dropped below requirement: 6.05
[2026-03-27 23:40:07] [WARNING] [Main] FPS dropped below requirement: 6.06
[2026-03-27 23:40:07] [WARNING] [Main] FPS dropped below requirement: 6.05
[2026-03-27 23:40:08] [WARNING] [Main] FPS dropped below requirement: 6.05
[2026-03-27 23:40:08] [WARNING] [Main] FPS dropped below requirement: 6.03
[2026-03-27 23:40:08] [WARNING] [Main] FPS dropped below requirement: 6.03
[2026-03-27 23:40:08] [WARNING] [Main] FPS dropped below requirement: 6.03
[2026-03-27 23:40:08] [WARNING] [Main] FPS dropped below requirement: 6.03
[2026-03-27 23:40:08] [WARNING] [Main] FPS dropped below requirement: 6.02
[2026-03-27 23:40:09] [WARNING] [Main] FPS dropped below requirement: 6.02
[2026-03-27 23:40:09] [WARNING] [Main] FPS dropped below requirement: 6.02
[2026-03-27 23:40:09] [WARNING] [Main] FPS dropped below requirement: 6.01
[2026-03-27 23:40:09] [WARNING] [Main] FPS dropped below requirement: 6.02
[2026-03-27 23:40:09] [WARNING] [Main] FPS dropped below requirement: 6.07
[2026-03-27 23:40:09] [WARNING] [Main] FPS dropped below requirement: 6.17
[2026-03-27 23:40:09] [WARNING] [Main] FPS dropped below requirement: 6.22
[2026-03-27 23:40:09] [WARNING] [Main] FPS dropped below requirement: 6.24
[2026-03-27 23:40:10] [WARNING] [Main] FPS dropped below requirement: 6.25
[2026-03-27 23:40:10] [WARNING] [Main] FPS dropped below requirement: 6.29
[2026-03-27 23:40:10] [WARNING] [Main] FPS dropped below requirement: 6.28
[2026-03-27 23:40:10] [WARNING] [Main] FPS dropped below requirement: 6.30
[2026-03-27 23:40:10] [WARNING] [Main] FPS dropped below requirement: 6.32
[2026-03-27 23:40:10] [WARNING] [Main] FPS dropped below requirement: 6.31
[2026-03-27 23:40:11] [WARNING] [Main] FPS dropped below requirement: 6.31
[2026-03-27 23:40:11] [WARNING] [Main] FPS dropped below requirement: 6.31
[2026-03-27 23:40:11] [WARNING] [Main] FPS dropped below requirement: 6.32
[2026-03-27 23:40:11] [WARNING] [Main] FPS dropped below requirement: 6.32
[2026-03-27 23:40:11] [WARNING] [Main] FPS dropped below requirement: 6.33
[2026-03-27 23:40:11] [WARNING] [Main] FPS dropped below requirement: 6.34
[2026-03-27 23:40:12] [WARNING] [Main] FPS dropped below requirement: 6.34
[2026-03-27 23:40:12] [WARNING] [Main] FPS dropped below requirement: 6.34
[2026-03-27 23:40:12] [WARNING] [Main] FPS dropped below requirement: 6.36
[2026-03-27 23:40:12] [WARNING] [Main] FPS dropped below requirement: 6.36
[2026-03-27 23:40:12] [WARNING] [Main] FPS dropped below requirement: 6.36
[2026-03-27 23:40:12] [WARNING] [Main] FPS dropped below requirement: 6.37
[2026-03-27 23:40:13] [WARNING] [Main] FPS dropped below requirement: 6.36
[2026-03-27 23:40:13] [WARNING] [Main] FPS dropped below requirement: 6.35
[2026-03-27 23:40:13] [WARNING] [Main] FPS dropped below requirement: 6.35
[2026-03-27 23:40:13] [WARNING] [Main] FPS dropped below requirement: 6.35
[2026-03-27 23:40:13] [WARNING] [Main] FPS dropped below requirement: 6.36
[2026-03-27 23:40:13] [WARNING] [Main] FPS dropped below requirement: 6.37
[2026-03-27 23:40:14] [WARNING] [Main] FPS dropped below requirement: 6.37
[2026-03-27 23:40:14] [WARNING] [Main] FPS dropped below requirement: 6.29
[2026-03-27 23:40:14] [WARNING] [Main] FPS dropped below requirement: 6.17
[2026-03-27 23:40:14] [WARNING] [Main] FPS dropped below requirement: 6.14
[2026-03-27 23:40:14] [WARNING] [Main] FPS dropped below requirement: 6.15
[2026-03-27 23:40:14] [WARNING] [Main] FPS dropped below requirement: 6.16
[2026-03-27 23:40:15] [WARNING] [Main] FPS dropped below requirement: 6.15
[2026-03-27 23:40:15] [WARNING] [Main] FPS dropped below requirement: 6.15
[2026-03-27 23:40:15] [WARNING] [Main] FPS dropped below requirement: 6.15
[2026-03-27 23:40:15] [WARNING] [Main] FPS dropped below requirement: 6.14
[2026-03-27 23:40:15] [WARNING] [Main] FPS dropped below requirement: 6.14
[2026-03-27 23:40:15] [WARNING] [Main] FPS dropped below requirement: 6.14
[2026-03-27 23:40:15] [WARNING] [Main] FPS dropped below requirement: 6.13
[2026-03-27 23:40:16] [WARNING] [Main] FPS dropped below requirement: 6.13
[2026-03-27 23:40:16] [WARNING] [Main] FPS dropped below requirement: 6.12
[2026-03-27 23:40:16] [WARNING] [Main] FPS dropped below requirement: 6.11
[2026-03-27 23:40:16] [WARNING] [Main] FPS dropped below requirement: 6.13
[2026-03-27 23:40:16] [WARNING] [Main] FPS dropped below requirement: 6.13
[2026-03-27 23:40:16] [WARNING] [Main] FPS dropped below requirement: 6.12
[2026-03-27 23:40:17] [WARNING] [Main] FPS dropped below requirement: 6.13
[2026-03-27 23:40:17] [WARNING] [Main] FPS dropped below requirement: 6.12
[2026-03-27 23:40:17] [WARNING] [Main] FPS dropped below requirement: 6.13
[2026-03-27 23:40:17] [WARNING] [Main] FPS dropped below requirement: 6.13
[2026-03-27 23:40:17] [WARNING] [Main] FPS dropped below requirement: 6.13
[2026-03-27 23:40:17] [WARNING] [Main] FPS dropped below requirement: 6.22
[2026-03-27 23:40:17] [WARNING] [Main] FPS dropped below requirement: 6.32
[2026-03-27 23:40:18] [WARNING] [Main] FPS dropped below requirement: 6.40
[2026-03-27 23:40:18] [WARNING] [Main] FPS dropped below requirement: 6.47
[2026-03-27 23:40:18] [WARNING] [Main] FPS dropped below requirement: 6.46
[2026-03-27 23:40:18] [WARNING] [Main] FPS dropped below requirement: 6.47
[2026-03-27 23:40:18] [WARNING] [Main] FPS dropped below requirement: 6.47
[2026-03-27 23:40:18] [WARNING] [Main] FPS dropped below requirement: 6.47
[2026-03-27 23:40:19] [WARNING] [Main] FPS dropped below requirement: 6.46
[2026-03-27 23:40:19] [WARNING] [Main] FPS dropped below requirement: 6.45
[2026-03-27 23:40:19] [WARNING] [Main] FPS dropped below requirement: 6.53
[2026-03-27 23:40:19] [WARNING] [Main] FPS dropped below requirement: 6.62
[2026-03-27 23:40:19] [WARNING] [Main] FPS dropped below requirement: 6.72
[2026-03-27 23:40:19] [WARNING] [Main] FPS dropped below requirement: 6.76
[2026-03-27 23:40:19] [WARNING] [Main] FPS dropped below requirement: 6.74
[2026-03-27 23:40:19] [WARNING] [Main] FPS dropped below requirement: 6.72
[2026-03-27 23:40:20] [WARNING] [Main] FPS dropped below requirement: 6.73
[2026-03-27 23:40:20] [WARNING] [Main] FPS dropped below requirement: 6.72
[2026-03-27 23:40:20] [WARNING] [Main] FPS dropped below requirement: 6.66
[2026-03-27 23:40:20] [WARNING] [Main] FPS dropped below requirement: 6.67
[2026-03-27 23:40:20] [WARNING] [Main] FPS dropped below requirement: 6.67
[2026-03-27 23:40:21] [WARNING] [Main] FPS dropped below requirement: 6.63
[2026-03-27 23:40:21] [WARNING] [Main] FPS dropped below requirement: 6.63
[2026-03-27 23:40:21] [WARNING] [Main] FPS dropped below requirement: 6.64
[2026-03-27 23:40:21] [WARNING] [Main] FPS dropped below requirement: 6.62
[2026-03-27 23:40:21] [WARNING] [Main] FPS dropped below requirement: 6.62
[2026-03-27 23:40:21] [WARNING] [Main] FPS dropped below requirement: 6.62
[2026-03-27 23:40:22] [WARNING] [Main] FPS dropped below requirement: 6.62
[2026-03-27 23:40:22] [WARNING] [Main] FPS dropped below requirement: 6.63
[2026-03-27 23:40:22] [WARNING] [Main] FPS dropped below requirement: 6.53
[2026-03-27 23:40:22] [WARNING] [Main] FPS dropped below requirement: 6.41
[2026-03-27 23:40:22] [WARNING] [Main] FPS dropped below requirement: 6.33
[2026-03-27 23:40:22] [WARNING] [Main] FPS dropped below requirement: 6.25
[2026-03-27 23:40:23] [WARNING] [Main] FPS dropped below requirement: 6.26
[2026-03-27 23:40:23] [WARNING] [Main] FPS dropped below requirement: 6.26
[2026-03-27 23:40:23] [WARNING] [Main] FPS dropped below requirement: 6.24
[2026-03-27 23:40:23] [WARNING] [Main] FPS dropped below requirement: 6.25
[2026-03-27 23:40:23] [WARNING] [Main] FPS dropped below requirement: 6.24
[2026-03-27 23:40:23] [WARNING] [Main] FPS dropped below requirement: 6.23
[2026-03-27 23:40:24] [WARNING] [Main] FPS dropped below requirement: 6.16
[2026-03-27 23:40:24] [WARNING] [Main] FPS dropped below requirement: 6.09
[2026-03-27 23:40:24] [WARNING] [Main] FPS dropped below requirement: 6.00
[2026-03-27 23:40:24] [WARNING] [Main] FPS dropped below requirement: 5.97
[2026-03-27 23:40:24] [WARNING] [Main] FPS dropped below requirement: 5.98
[2026-03-27 23:40:24] [WARNING] [Main] FPS dropped below requirement: 5.98
[2026-03-27 23:40:25] [WARNING] [Main] FPS dropped below requirement: 5.97
[2026-03-27 23:40:25] [WARNING] [Main] FPS dropped below requirement: 5.97
[2026-03-27 23:40:25] [WARNING] [Main] FPS dropped below requirement: 6.03
[2026-03-27 23:40:25] [WARNING] [Main] FPS dropped below requirement: 6.01
[2026-03-27 23:40:25] [WARNING] [Main] FPS dropped below requirement: 6.02
[2026-03-27 23:40:25] [WARNING] [Main] FPS dropped below requirement: 6.04
[2026-03-27 23:40:25] [WARNING] [Main] FPS dropped below requirement: 6.05
[2026-03-27 23:40:26] [WARNING] [Main] FPS dropped below requirement: 6.04
[2026-03-27 23:40:26] [WARNING] [Main] FPS dropped below requirement: 6.05
[2026-03-27 23:40:26] [WARNING] [Main] FPS dropped below requirement: 6.06
[2026-03-27 23:40:26] [WARNING] [Main] FPS dropped below requirement: 6.05
[2026-03-27 23:40:26] [WARNING] [Main] FPS dropped below requirement: 6.05
[2026-03-27 23:40:26] [WARNING] [Main] FPS dropped below requirement: 6.05
[2026-03-27 23:40:27] [WARNING] [Main] FPS dropped below requirement: 6.05
[2026-03-27 23:40:27] [WARNING] [Main] FPS dropped below requirement: 6.06
[2026-03-27 23:40:27] [WARNING] [Main] FPS dropped below requirement: 6.06
[2026-03-27 23:40:27] [WARNING] [Main] FPS dropped below requirement: 6.06
[2026-03-27 23:40:27] [WARNING] [Main] FPS dropped below requirement: 6.06
[2026-03-27 23:40:27] [WARNING] [Main] FPS dropped below requirement: 6.06
[2026-03-27 23:40:28] [WARNING] [Main] FPS dropped below requirement: 6.05
[2026-03-27 23:40:28] [WARNING] [Main] FPS dropped below requirement: 6.02
[2026-03-27 23:40:28] [WARNING] [Main] FPS dropped below requirement: 6.02
[2026-03-27 23:40:28] [WARNING] [Main] FPS dropped below requirement: 6.04
[2026-03-27 23:40:28] [WARNING] [Main] FPS dropped below requirement: 6.03
[2026-03-27 23:40:28] [WARNING] [Main] FPS dropped below requirement: 6.03
[2026-03-27 23:40:29] [WARNING] [Main] FPS dropped below requirement: 6.04
[2026-03-27 23:40:29] [WARNING] [Main] FPS dropped below requirement: 6.03
[2026-03-27 23:40:29] [WARNING] [Main] FPS dropped below requirement: 6.08
[2026-03-27 23:40:29] [WARNING] [Main] FPS dropped below requirement: 6.09
[2026-03-27 23:40:29] [WARNING] [Main] FPS dropped below requirement: 6.10
[2026-03-27 23:40:29] [WARNING] [Main] FPS dropped below requirement: 6.12
[2026-03-27 23:40:30] [WARNING] [Main] FPS dropped below requirement: 6.10
[2026-03-27 23:40:30] [WARNING] [Main] FPS dropped below requirement: 6.11
[2026-03-27 23:40:30] [WARNING] [Main] FPS dropped below requirement: 6.11
[2026-03-27 23:40:30] [WARNING] [Main] FPS dropped below requirement: 6.11
[2026-03-27 23:40:30] [WARNING] [Main] FPS dropped below requirement: 6.11
[2026-03-27 23:40:30] [WARNING] [Main] FPS dropped below requirement: 6.11
[2026-03-27 23:40:31] [WARNING] [Main] FPS dropped below requirement: 6.12
[2026-03-27 23:40:31] [WARNING] [Main] FPS dropped below requirement: 6.11
[2026-03-27 23:40:31] [WARNING] [Main] FPS dropped below requirement: 6.11
[2026-03-27 23:40:31] [WARNING] [Main] FPS dropped below requirement: 6.11
[2026-03-27 23:40:31] [WARNING] [Main] FPS dropped below requirement: 6.12
[2026-03-27 23:40:31] [WARNING] [Main] FPS dropped below requirement: 6.16
[2026-03-27 23:40:32] [WARNING] [Main] FPS dropped below requirement: 6.16
[2026-03-27 23:40:32] [WARNING] [Main] FPS dropped below requirement: 6.17
[2026-03-27 23:40:32] [WARNING] [Main] FPS dropped below requirement: 6.19
[2026-03-27 23:40:32] [WARNING] [Main] FPS dropped below requirement: 6.18
[2026-03-27 23:40:32] [WARNING] [Main] FPS dropped below requirement: 6.08
[2026-03-27 23:40:33] [WARNING] [Main] FPS dropped below requirement: 6.02
[2026-03-27 23:40:33] [WARNING] [Main] FPS dropped below requirement: 5.96
[2026-03-27 23:40:33] [WARNING] [Main] FPS dropped below requirement: 5.89
[2026-03-27 23:40:33] [WARNING] [Main] FPS dropped below requirement: 5.81
[2026-03-27 23:40:33] [WARNING] [Main] FPS dropped below requirement: 5.74
[2026-03-27 23:40:34] [WARNING] [Main] FPS dropped below requirement: 5.67
[2026-03-27 23:40:34] [WARNING] [Main] FPS dropped below requirement: 5.59
[2026-03-27 23:40:34] [WARNING] [Main] FPS dropped below requirement: 5.53
[2026-03-27 23:40:34] [WARNING] [Main] FPS dropped below requirement: 5.43
[2026-03-27 23:40:35] [WARNING] [Main] FPS dropped below requirement: 5.39
[2026-03-27 23:40:35] [WARNING] [Main] FPS dropped below requirement: 5.32
[2026-03-27 23:40:35] [WARNING] [Main] FPS dropped below requirement: 5.27
[2026-03-27 23:40:35] [WARNING] [Main] FPS dropped below requirement: 5.25
[2026-03-27 23:40:35] [WARNING] [Main] FPS dropped below requirement: 5.20
[2026-03-27 23:40:36] [WARNING] [Main] FPS dropped below requirement: 5.20
[2026-03-27 23:40:36] [WARNING] [Main] FPS dropped below requirement: 5.14
[2026-03-27 23:40:36] [WARNING] [Main] FPS dropped below requirement: 5.08
[2026-03-27 23:40:36] [WARNING] [Main] FPS dropped below requirement: 5.03
[2026-03-27 23:40:36] [WARNING] [Main] FPS dropped below requirement: 4.98
[2026-03-27 23:40:37] [WARNING] [Main] FPS dropped below requirement: 4.93
[2026-03-27 23:40:37] [WARNING] [Main] FPS dropped below requirement: 4.88
[2026-03-27 23:40:37] [WARNING] [Main] FPS dropped below requirement: 4.82
[2026-03-27 23:40:37] [WARNING] [Main] FPS dropped below requirement: 4.82
[2026-03-27 23:40:37] [WARNING] [Main] FPS dropped below requirement: 4.79
[2026-03-27 23:40:38] [WARNING] [Main] FPS dropped below requirement: 4.80
[2026-03-27 23:40:38] [WARNING] [Main] FPS dropped below requirement: 4.75
[2026-03-27 23:40:38] [WARNING] [Main] FPS dropped below requirement: 4.70
[2026-03-27 23:40:38] [WARNING] [Main] FPS dropped below requirement: 4.70
[2026-03-27 23:40:38] [WARNING] [Main] FPS dropped below requirement: 4.76
[2026-03-27 23:40:38] [WARNING] [Main] FPS dropped below requirement: 4.81
[2026-03-27 23:40:39] [WARNING] [Main] FPS dropped below requirement: 4.86
[2026-03-27 23:40:39] [WARNING] [Main] FPS dropped below requirement: 4.91
[2026-03-27 23:40:39] [WARNING] [Main] FPS dropped below requirement: 4.96
[2026-03-27 23:40:39] [WARNING] [Main] FPS dropped below requirement: 5.01
[2026-03-27 23:40:39] [WARNING] [Main] FPS dropped below requirement: 5.06
[2026-03-27 23:40:39] [WARNING] [Main] FPS dropped below requirement: 5.11
[2026-03-27 23:40:40] [WARNING] [Main] FPS dropped below requirement: 5.18
[2026-03-27 23:40:40] [WARNING] [Main] FPS dropped below requirement: 5.24
[2026-03-27 23:40:40] [WARNING] [Main] FPS dropped below requirement: 5.27
[2026-03-27 23:40:40] [WARNING] [Main] FPS dropped below requirement: 5.33
[2026-03-27 23:40:40] [WARNING] [Main] FPS dropped below requirement: 5.40
[2026-03-27 23:40:40] [WARNING] [Main] FPS dropped below requirement: 5.43
[2026-03-27 23:40:41] [WARNING] [Main] FPS dropped below requirement: 5.48
[2026-03-27 23:40:41] [WARNING] [Main] FPS dropped below requirement: 5.47
[2026-03-27 23:40:41] [WARNING] [Main] FPS dropped below requirement: 5.53
[2026-03-27 23:40:41] [WARNING] [Main] FPS dropped below requirement: 5.61
[2026-03-27 23:40:41] [WARNING] [Main] FPS dropped below requirement: 5.67
[2026-03-27 23:40:41] [WARNING] [Main] FPS dropped below requirement: 5.72
[2026-03-27 23:40:42] [WARNING] [Main] FPS dropped below requirement: 5.79
[2026-03-27 23:40:42] [WARNING] [Main] FPS dropped below requirement: 5.87
[2026-03-27 23:40:42] [WARNING] [Main] FPS dropped below requirement: 5.96
[2026-03-27 23:40:42] [WARNING] [Main] FPS dropped below requirement: 5.94
[2026-03-27 23:40:42] [WARNING] [Main] FPS dropped below requirement: 5.95
[2026-03-27 23:40:42] [WARNING] [Main] FPS dropped below requirement: 5.94
[2026-03-27 23:40:43] [WARNING] [Main] FPS dropped below requirement: 6.01
[2026-03-27 23:40:43] [WARNING] [Main] FPS dropped below requirement: 6.08
[2026-03-27 23:40:43] [WARNING] [Main] FPS dropped below requirement: 6.09
[2026-03-27 23:40:43] [WARNING] [Main] FPS dropped below requirement: 6.09
[2026-03-27 23:40:43] [WARNING] [Main] FPS dropped below requirement: 6.08
[2026-03-27 23:40:43] [WARNING] [Main] FPS dropped below requirement: 6.10
[2026-03-27 23:40:44] [WARNING] [Main] FPS dropped below requirement: 6.10
[2026-03-27 23:40:44] [WARNING] [Main] FPS dropped below requirement: 6.10
[2026-03-27 23:40:44] [WARNING] [Main] FPS dropped below requirement: 6.11
[2026-03-27 23:40:44] [WARNING] [Main] FPS dropped below requirement: 6.12
[2026-03-27 23:40:44] [WARNING] [Main] FPS dropped below requirement: 6.11
[2026-03-27 23:40:44] [WARNING] [Main] FPS dropped below requirement: 6.10
[2026-03-27 23:40:45] [WARNING] [Main] FPS dropped below requirement: 6.09
[2026-03-27 23:40:45] [WARNING] [Main] FPS dropped below requirement: 6.09
[2026-03-27 23:40:45] [WARNING] [Main] FPS dropped below requirement: 6.10
[2026-03-27 23:40:45] [WARNING] [Main] FPS dropped below requirement: 6.09
[2026-03-27 23:40:45] [WARNING] [Main] FPS dropped below requirement: 6.08
[2026-03-27 23:40:45] [WARNING] [Main] FPS dropped below requirement: 6.10
[2026-03-27 23:40:46] [WARNING] [Main] FPS dropped below requirement: 6.09
[2026-03-27 23:40:46] [WARNING] [Main] FPS dropped below requirement: 6.09
[2026-03-27 23:40:46] [WARNING] [Main] FPS dropped below requirement: 6.05
[2026-03-27 23:40:46] [WARNING] [Main] FPS dropped below requirement: 6.05
[2026-03-27 23:40:46] [WARNING] [Main] FPS dropped below requirement: 6.05
[2026-03-27 23:40:46] [WARNING] [Main] FPS dropped below requirement: 6.04
[2026-03-27 23:40:47] [WARNING] [Main] FPS dropped below requirement: 6.03
[2026-03-27 23:40:47] [WARNING] [Main] FPS dropped below requirement: 6.04
[2026-03-27 23:40:47] [WARNING] [Main] FPS dropped below requirement: 6.04
[2026-03-27 23:40:47] [WARNING] [Main] FPS dropped below requirement: 6.03
[2026-03-27 23:40:47] [WARNING] [Main] FPS dropped below requirement: 6.02
[2026-03-27 23:40:47] [WARNING] [Main] FPS dropped below requirement: 6.04
[2026-03-27 23:40:48] [WARNING] [Main] FPS dropped below requirement: 6.05
[2026-03-27 23:40:48] [WARNING] [Main] FPS dropped below requirement: 6.03
[2026-03-27 23:40:48] [WARNING] [Main] FPS dropped below requirement: 6.03
[2026-03-27 23:40:48] [WARNING] [Main] FPS dropped below requirement: 6.03
[2026-03-27 23:40:48] [WARNING] [Main] FPS dropped below requirement: 6.05
[2026-03-27 23:40:48] [WARNING] [Main] FPS dropped below requirement: 6.06
[2026-03-27 23:40:49] [WARNING] [Main] FPS dropped below requirement: 6.06
[2026-03-27 23:40:49] [WARNING] [Main] FPS dropped below requirement: 6.07
[2026-03-27 23:40:49] [WARNING] [Main] FPS dropped below requirement: 6.07
[2026-03-27 23:40:49] [WARNING] [Main] FPS dropped below requirement: 6.08
[2026-03-27 23:40:49] [WARNING] [Main] FPS dropped below requirement: 6.13
[2026-03-27 23:40:49] [WARNING] [Main] FPS dropped below requirement: 6.13
[2026-03-27 23:40:49] [WARNING] [Main] FPS dropped below requirement: 6.13
[2026-03-27 23:40:50] [WARNING] [Main] FPS dropped below requirement: 6.12
[2026-03-27 23:40:50] [WARNING] [Main] FPS dropped below requirement: 6.12
[2026-03-27 23:40:50] [WARNING] [Main] FPS dropped below requirement: 6.13
[2026-03-27 23:40:50] [WARNING] [Main] FPS dropped below requirement: 6.11
[2026-03-27 23:40:50] [WARNING] [Main] FPS dropped below requirement: 6.12
[2026-03-27 23:40:50] [WARNING] [Main] FPS dropped below requirement: 6.14
[2026-03-27 23:40:51] [WARNING] [Main] FPS dropped below requirement: 6.16
[2026-03-27 23:40:51] [WARNING] [Main] FPS dropped below requirement: 6.16
[2026-03-27 23:40:51] [WARNING] [Main] FPS dropped below requirement: 6.16
[2026-03-27 23:40:51] [WARNING] [Main] FPS dropped below requirement: 6.18
[2026-03-27 23:40:51] [WARNING] [Main] FPS dropped below requirement: 6.18
[2026-03-27 23:40:51] [WARNING] [Main] FPS dropped below requirement: 6.18
[2026-03-27 23:40:52] [WARNING] [Main] FPS dropped below requirement: 6.19
[2026-03-27 23:40:52] [WARNING] [Main] FPS dropped below requirement: 6.19
[2026-03-27 23:40:52] [WARNING] [Main] FPS dropped below requirement: 6.21
[2026-03-27 23:40:52] [WARNING] [Main] FPS dropped below requirement: 6.21
[2026-03-27 23:40:52] [WARNING] [Main] FPS dropped below requirement: 6.19
[2026-03-27 23:40:52] [WARNING] [Main] FPS dropped below requirement: 6.19
[2026-03-27 23:40:53] [WARNING] [Main] FPS dropped below requirement: 6.20
[2026-03-27 23:40:53] [WARNING] [Main] FPS dropped below requirement: 6.20
[2026-03-27 23:40:53] [WARNING] [Main] FPS dropped below requirement: 6.16
[2026-03-27 23:40:53] [WARNING] [Main] FPS dropped below requirement: 6.14
[2026-03-27 23:40:53] [WARNING] [Main] FPS dropped below requirement: 6.14
[2026-03-27 23:40:53] [WARNING] [Main] FPS dropped below requirement: 6.13
[2026-03-27 23:40:54] [WARNING] [Main] FPS dropped below requirement: 6.12
[2026-03-27 23:40:54] [WARNING] [Main] FPS dropped below requirement: 6.12
[2026-03-27 23:40:54] [WARNING] [Main] FPS dropped below requirement: 6.09
[2026-03-27 23:40:54] [WARNING] [Main] FPS dropped below requirement: 6.10
[2026-03-27 23:40:54] [WARNING] [Main] FPS dropped below requirement: 6.10
[2026-03-27 23:40:54] [WARNING] [Main] FPS dropped below requirement: 6.10
[2026-03-27 23:40:55] [WARNING] [Main] FPS dropped below requirement: 6.11
[2026-03-27 23:40:55] [WARNING] [Main] FPS dropped below requirement: 6.09
[2026-03-27 23:40:55] [WARNING] [Main] FPS dropped below requirement: 6.12
[2026-03-27 23:40:55] [WARNING] [Main] FPS dropped below requirement: 6.10
[2026-03-27 23:40:55] [WARNING] [Main] FPS dropped below requirement: 6.10
[2026-03-27 23:40:55] [WARNING] [Main] FPS dropped below requirement: 6.11
[2026-03-27 23:40:56] [WARNING] [Main] FPS dropped below requirement: 6.12
[2026-03-27 23:40:56] [WARNING] [Main] FPS dropped below requirement: 6.11
[2026-03-27 23:40:56] [WARNING] [Main] FPS dropped below requirement: 6.11
[2026-03-27 23:40:56] [WARNING] [Main] FPS dropped below requirement: 6.11
[2026-03-27 23:40:56] [WARNING] [Main] FPS dropped below requirement: 6.12
[2026-03-27 23:40:56] [WARNING] [Main] FPS dropped below requirement: 6.11
[2026-03-27 23:40:56] [WARNING] [Main] FPS dropped below requirement: 6.12
[2026-03-27 23:40:57] [WARNING] [Main] FPS dropped below requirement: 6.12
[2026-03-27 23:40:57] [WARNING] [Main] FPS dropped below requirement: 6.12
[2026-03-27 23:40:57] [WARNING] [Main] FPS dropped below requirement: 6.12
[2026-03-27 23:40:57] [WARNING] [Main] FPS dropped below requirement: 6.15
[2026-03-27 23:40:57] [WARNING] [Main] FPS dropped below requirement: 6.15
[2026-03-27 23:40:57] [WARNING] [Main] FPS dropped below requirement: 6.16
[2026-03-27 23:40:58] [WARNING] [Main] FPS dropped below requirement: 6.16
[2026-03-27 23:40:58] [WARNING] [Main] FPS dropped below requirement: 6.16
[2026-03-27 23:40:58] [WARNING] [Main] FPS dropped below requirement: 6.16
[2026-03-27 23:40:58] [WARNING] [Main] FPS dropped below requirement: 6.16
[2026-03-27 23:40:58] [WARNING] [Main] FPS dropped below requirement: 6.15
[2026-03-27 23:40:58] [WARNING] [Main] FPS dropped below requirement: 6.15
[2026-03-27 23:40:59] [WARNING] [Main] FPS dropped below requirement: 6.14
[2026-03-27 23:40:59] [WARNING] [Main] FPS dropped below requirement: 6.16
[2026-03-27 23:40:59] [WARNING] [Main] FPS dropped below requirement: 6.15
[2026-03-27 23:40:59] [WARNING] [Main] FPS dropped below requirement: 6.15
[2026-03-27 23:40:59] [WARNING] [Main] FPS dropped below requirement: 6.13
[2026-03-27 23:40:59] [WARNING] [Main] FPS dropped below requirement: 6.16
[2026-03-27 23:41:00] [WARNING] [Main] FPS dropped below requirement: 6.14
[2026-03-27 23:41:00] [WARNING] [Main] FPS dropped below requirement: 6.16
[2026-03-27 23:41:00] [WARNING] [Main] FPS dropped below requirement: 6.15
[2026-03-27 23:41:00] [WARNING] [Main] FPS dropped below requirement: 6.14
[2026-03-27 23:41:00] [WARNING] [Main] FPS dropped below requirement: 6.14
[2026-03-27 23:41:00] [WARNING] [Main] FPS dropped below requirement: 6.13
[2026-03-27 23:41:01] [WARNING] [Main] FPS dropped below requirement: 6.14
[2026-03-27 23:41:01] [WARNING] [Main] FPS dropped below requirement: 6.13
[2026-03-27 23:41:01] [WARNING] [Main] FPS dropped below requirement: 6.13
[2026-03-27 23:41:01] [WARNING] [Main] FPS dropped below requirement: 6.15
[2026-03-27 23:41:01] [WARNING] [Main] FPS dropped below requirement: 6.14
[2026-03-27 23:41:01] [WARNING] [Main] FPS dropped below requirement: 6.15
[2026-03-27 23:41:02] [WARNING] [Main] FPS dropped below requirement: 6.14
[2026-03-27 23:41:02] [WARNING] [Main] FPS dropped below requirement: 6.18
[2026-03-27 23:41:02] [WARNING] [Main] FPS dropped below requirement: 6.16
[2026-03-27 23:41:02] [WARNING] [Main] FPS dropped below requirement: 6.16
[2026-03-27 23:41:02] [WARNING] [Main] FPS dropped below requirement: 6.15
[2026-03-27 23:41:02] [WARNING] [Main] FPS dropped below requirement: 6.15
[2026-03-27 23:41:03] [WARNING] [Main] FPS dropped below requirement: 6.16
[2026-03-27 23:41:03] [WARNING] [Main] FPS dropped below requirement: 6.15
[2026-03-27 23:41:03] [WARNING] [Main] FPS dropped below requirement: 6.17
[2026-03-27 23:41:03] [WARNING] [Main] FPS dropped below requirement: 6.17
[2026-03-27 23:41:03] [WARNING] [Main] FPS dropped below requirement: 6.15
[2026-03-27 23:41:03] [WARNING] [Main] FPS dropped below requirement: 6.05
[2026-03-27 23:41:04] [WARNING] [Main] FPS dropped below requirement: 5.95
[2026-03-27 23:41:04] [WARNING] [Main] FPS dropped below requirement: 5.88
[2026-03-27 23:41:04] [WARNING] [Main] FPS dropped below requirement: 5.82
[2026-03-27 23:41:04] [WARNING] [Main] FPS dropped below requirement: 5.75
[2026-03-27 23:41:05] [WARNING] [Main] FPS dropped below requirement: 5.66
[2026-03-27 23:41:05] [WARNING] [Main] FPS dropped below requirement: 5.59
[2026-03-27 23:41:05] [WARNING] [Main] FPS dropped below requirement: 5.54
[2026-03-27 23:41:05] [WARNING] [Main] FPS dropped below requirement: 5.48
[2026-03-27 23:41:05] [WARNING] [Main] FPS dropped below requirement: 5.42
[2026-03-27 23:41:06] [WARNING] [Main] FPS dropped below requirement: 5.36
[2026-03-27 23:41:06] [WARNING] [Main] FPS dropped below requirement: 5.30
[2026-03-27 23:41:06] [WARNING] [Main] FPS dropped below requirement: 5.25
[2026-03-27 23:41:06] [WARNING] [Main] FPS dropped below requirement: 5.20
[2026-03-27 23:41:07] [WARNING] [Main] FPS dropped below requirement: 5.15
[2026-03-27 23:41:07] [WARNING] [Main] FPS dropped below requirement: 5.08
[2026-03-27 23:41:07] [WARNING] [Main] FPS dropped below requirement: 5.03
[2026-03-27 23:41:07] [WARNING] [Main] FPS dropped below requirement: 4.97
[2026-03-27 23:41:08] [WARNING] [Main] FPS dropped below requirement: 4.91
[2026-03-27 23:41:08] [WARNING] [Main] FPS dropped below requirement: 4.84
[2026-03-27 23:41:08] [WARNING] [Main] FPS dropped below requirement: 4.78
[2026-03-27 23:41:08] [WARNING] [Main] FPS dropped below requirement: 4.74
[2026-03-27 23:41:09] [WARNING] [Main] FPS dropped below requirement: 4.69
[2026-03-27 23:41:09] [INFO] [Main] Output saved to output.mp4
[2026-03-27 23:41:09] [INFO] [VideoCapture] Camera released.
[2026-03-27 23:41:09] [INFO] [Main] System shutdown
[2026-03-28 18:13:33] [INFO] [Main] Driver Monitoring System starting
[2026-03-28 18:13:34] [INFO] [Main] FaceMap 3DMM landmark detector loaded
[2026-03-28 18:13:34] [INFO] [VideoCapture] Opening video source: data/in_video.mp4 ...
[2026-03-28 18:13:34] [INFO] [VideoCapture] Source opened successfully: data/in_video.mp4
[2026-03-28 18:13:34] [INFO] [Main] Capture loop started. Press 'q' to quit.
[2026-03-28 18:13:34] [INFO] [Main] Saving output to output.mp4
[2026-03-28 18:13:34] [WARNING] [Main] FPS dropped below requirement: 0.00
[2026-03-28 18:13:34] [WARNING] [Main] FPS dropped below requirement: 4.95
[2026-03-28 18:13:34] [WARNING] [Main] FPS dropped below requirement: 8.53
[2026-03-28 18:13:34] [WARNING] [Main] FPS dropped below requirement: 11.38
[2026-03-28 18:13:34] [WARNING] [Main] FPS dropped below requirement: 13.86
[2026-03-28 18:13:51] [INFO] [Main] Output saved to output.mp4
[2026-03-28 18:13:51] [INFO] [VideoCapture] Camera released.
[2026-03-28 18:13:51] [INFO] [Main] System shutdown
[2026-03-28 18:20:23] [INFO] [Main] Driver Monitoring System starting
[2026-03-28 18:20:23] [INFO] [Main] FaceMap 3DMM landmark detector loaded
[2026-03-28 18:21:49] [INFO] [Main] Driver Monitoring System starting
[2026-03-28 18:21:49] [INFO] [Main] FaceMap 3DMM landmark detector loaded
[2026-03-28 18:21:49] [INFO] [Main] MobileNetV2 head pose model loaded
[2026-03-28 18:21:49] [INFO] [VideoCapture] Opening video source: data/in_video.mp4 ...
[2026-03-28 18:21:49] [INFO] [VideoCapture] Source opened successfully: data/in_video.mp4
[2026-03-28 18:21:49] [INFO] [Main] Capture loop started. Press 'q' to quit.
[2026-03-28 18:21:49] [INFO] [Main] Saving output to output.mp4
[2026-03-28 18:21:49] [WARNING] [Main] FPS dropped below requirement: 0.00
[2026-03-28 18:21:50] [WARNING] [Main] FPS dropped below requirement: 5.06
[2026-03-28 18:21:50] [WARNING] [Main] FPS dropped below requirement: 7.39
[2026-03-28 18:21:50] [WARNING] [Main] FPS dropped below requirement: 8.91
[2026-03-28 18:21:50] [WARNING] [Main] FPS dropped below requirement: 9.87
[2026-03-28 18:21:50] [WARNING] [Main] FPS dropped below requirement: 10.58
[2026-03-28 18:21:50] [WARNING] [Main] FPS dropped below requirement: 11.18
[2026-03-28 18:21:50] [WARNING] [Main] FPS dropped below requirement: 11.57
[2026-03-28 18:21:50] [WARNING] [Main] FPS dropped below requirement: 11.96
[2026-03-28 18:21:50] [WARNING] [Main] FPS dropped below requirement: 12.28
[2026-03-28 18:21:50] [WARNING] [Main] FPS dropped below requirement: 12.54
[2026-03-28 18:21:50] [WARNING] [Main] FPS dropped below requirement: 12.79
[2026-03-28 18:21:50] [WARNING] [Main] FPS dropped below requirement: 12.99
[2026-03-28 18:21:50] [WARNING] [Main] FPS dropped below requirement: 13.18
[2026-03-28 18:21:50] [WARNING] [Main] FPS dropped below requirement: 13.34
[2026-03-28 18:21:50] [WARNING] [Main] FPS dropped below requirement: 13.47
[2026-03-28 18:21:51] [WARNING] [Main] FPS dropped below requirement: 13.59
[2026-03-28 18:21:51] [WARNING] [Main] FPS dropped below requirement: 13.70
[2026-03-28 18:21:51] [WARNING] [Main] FPS dropped below requirement: 13.79
[2026-03-28 18:21:51] [WARNING] [Main] FPS dropped below requirement: 13.86
[2026-03-28 18:21:51] [WARNING] [Main] FPS dropped below requirement: 13.92
[2026-03-28 18:21:51] [WARNING] [Main] FPS dropped below requirement: 14.00
[2026-03-28 18:21:51] [WARNING] [Main] FPS dropped below requirement: 14.07
[2026-03-28 18:21:51] [WARNING] [Main] FPS dropped below requirement: 14.12
[2026-03-28 18:21:51] [WARNING] [Main] FPS dropped below requirement: 14.09
[2026-03-28 18:21:51] [WARNING] [Main] FPS dropped below requirement: 14.12
[2026-03-28 18:21:51] [WARNING] [Main] FPS dropped below requirement: 14.18
[2026-03-28 18:21:51] [WARNING] [Main] FPS dropped below requirement: 14.22
[2026-03-28 18:21:51] [WARNING] [Main] FPS dropped below requirement: 14.26
[2026-03-28 18:21:51] [WARNING] [Main] FPS dropped below requirement: 14.30
[2026-03-28 18:22:00] [WARNING] [Main] FPS dropped below requirement: 14.94
[2026-03-28 18:22:00] [WARNING] [Main] FPS dropped below requirement: 14.95
[2026-03-28 18:22:00] [WARNING] [Main] FPS dropped below requirement: 14.92
[2026-03-28 18:22:00] [WARNING] [Main] FPS dropped below requirement: 14.90
[2026-03-28 18:22:00] [WARNING] [Main] FPS dropped below requirement: 14.90
[2026-03-28 18:22:00] [WARNING] [Main] FPS dropped below requirement: 14.89
[2026-03-28 18:22:00] [WARNING] [Main] FPS dropped below requirement: 14.86
[2026-03-28 18:22:00] [WARNING] [Main] FPS dropped below requirement: 14.84
[2026-03-28 18:22:00] [WARNING] [Main] FPS dropped below requirement: 14.84
[2026-03-28 18:22:00] [WARNING] [Main] FPS dropped below requirement: 14.83
[2026-03-28 18:22:00] [WARNING] [Main] FPS dropped below requirement: 14.81
[2026-03-28 18:22:00] [WARNING] [Main] FPS dropped below requirement: 14.82
[2026-03-28 18:22:00] [WARNING] [Main] FPS dropped below requirement: 14.84
[2026-03-28 18:22:00] [WARNING] [Main] FPS dropped below requirement: 14.86
[2026-03-28 18:22:04] [WARNING] [Main] FPS dropped below requirement: 14.94
[2026-03-28 18:22:04] [WARNING] [Main] FPS dropped below requirement: 14.93
[2026-03-28 18:22:04] [WARNING] [Main] FPS dropped below requirement: 14.77
[2026-03-28 18:22:04] [WARNING] [Main] FPS dropped below requirement: 14.77
[2026-03-28 18:22:04] [WARNING] [Main] FPS dropped below requirement: 14.72
[2026-03-28 18:22:04] [WARNING] [Main] FPS dropped below requirement: 14.70
[2026-03-28 18:22:04] [WARNING] [Main] FPS dropped below requirement: 14.68
[2026-03-28 18:22:05] [WARNING] [Main] FPS dropped below requirement: 14.67
[2026-03-28 18:22:05] [WARNING] [Main] FPS dropped below requirement: 14.64
[2026-03-28 18:22:05] [INFO] [Main] Output saved to output.mp4
[2026-03-28 18:22:05] [INFO] [VideoCapture] Camera released.
[2026-03-28 18:22:05] [INFO] [Main] System shutdown
[2026-04-12 08:35:33] [INFO] [Main] Driver Monitoring System starting
[2026-04-12 08:36:52] [INFO] [Main] Driver Monitoring System starting
[2026-04-12 08:36:53] [INFO] [Main] FaceMap 3DMM landmark detector loaded
[2026-04-12 08:36:53] [INFO] [Main] MobileNetV2 head pose model loaded
[2026-04-12 08:36:53] [INFO] [VideoCapture] Opening video source: data/in_video.mp4 ...
[2026-04-12 08:36:53] [INFO] [VideoCapture] Source opened successfully: data/in_video.mp4
[2026-04-12 08:36:53] [INFO] [Main] Capture loop started. Press 'q' to quit.
[2026-04-12 08:36:53] [INFO] [Main] Saving output to output.mp4
[2026-04-12 08:36:53] [WARNING] [Main] FPS dropped below requirement: 0.00
[2026-04-12 08:36:53] [WARNING] [Main] FPS dropped below requirement: 4.44
[2026-04-12 08:36:53] [WARNING] [Main] FPS dropped below requirement: 6.68
[2026-04-12 08:36:53] [WARNING] [Main] FPS dropped below requirement: 8.16
[2026-04-12 08:36:53] [WARNING] [Main] FPS dropped below requirement: 9.17
[2026-04-12 08:36:53] [WARNING] [Main] FPS dropped below requirement: 9.93
[2026-04-12 08:36:53] [WARNING] [Main] FPS dropped below requirement: 10.55
[2026-04-12 08:36:53] [WARNING] [Main] FPS dropped below requirement: 10.95
[2026-04-12 08:36:53] [WARNING] [Main] FPS dropped below requirement: 11.33
[2026-04-12 08:36:54] [WARNING] [Main] FPS dropped below requirement: 11.68
[2026-04-12 08:36:54] [WARNING] [Main] FPS dropped below requirement: 11.97
[2026-04-12 08:36:54] [WARNING] [Main] FPS dropped below requirement: 12.20
[2026-04-12 08:36:54] [WARNING] [Main] FPS dropped below requirement: 12.43
[2026-04-12 08:36:54] [WARNING] [Main] FPS dropped below requirement: 12.62
[2026-04-12 08:36:54] [WARNING] [Main] FPS dropped below requirement: 12.81
[2026-04-12 08:36:54] [WARNING] [Main] FPS dropped below requirement: 12.96
[2026-04-12 08:36:54] [WARNING] [Main] FPS dropped below requirement: 13.10
[2026-04-12 08:36:54] [WARNING] [Main] FPS dropped below requirement: 13.23
[2026-04-12 08:36:54] [WARNING] [Main] FPS dropped below requirement: 13.35
[2026-04-12 08:36:54] [WARNING] [Main] FPS dropped below requirement: 13.44
[2026-04-12 08:36:54] [WARNING] [Main] FPS dropped below requirement: 13.49
[2026-04-12 08:36:54] [WARNING] [Main] FPS dropped below requirement: 13.59
[2026-04-12 08:36:54] [WARNING] [Main] FPS dropped below requirement: 13.67
[2026-04-12 08:36:54] [WARNING] [Main] FPS dropped below requirement: 13.72
[2026-04-12 08:36:54] [WARNING] [Main] FPS dropped below requirement: 13.78
[2026-04-12 08:36:55] [WARNING] [Main] FPS dropped below requirement: 13.79
[2026-04-12 08:36:55] [WARNING] [Main] FPS dropped below requirement: 13.82
[2026-04-12 08:36:55] [WARNING] [Main] FPS dropped below requirement: 13.86
[2026-04-12 08:36:55] [WARNING] [Main] FPS dropped below requirement: 13.91
[2026-04-12 08:36:55] [WARNING] [Main] FPS dropped below requirement: 13.94
[2026-04-12 08:36:56] [INFO] [Main] Output saved to output.mp4
[2026-04-12 08:36:56] [INFO] [VideoCapture] Camera released.
[2026-04-12 08:36:56] [INFO] [Main] System shutdown
[2026-04-12 08:48:12] [INFO] [Main] Driver Monitoring System starting
[2026-04-12 08:48:12] [INFO] [Main] FaceMap 3DMM landmark detector loaded
[2026-04-12 08:48:12] [INFO] [Main] MobileNetV2 head pose model loaded
[2026-04-12 08:48:12] [INFO] [VideoCapture] Opening video source: data/in_video.mp4 ...
[2026-04-12 08:48:12] [INFO] [VideoCapture] Source opened successfully: data/in_video.mp4
[2026-04-12 08:48:12] [INFO] [Main] Capture loop started. Press 'q' to quit.
[2026-04-12 08:48:12] [INFO] [Main] Saving output to dataset.mp4
[2026-04-12 08:48:12] [WARNING] [Main] FPS dropped below requirement: 0.00
[2026-04-12 08:48:13] [WARNING] [Main] FPS dropped below requirement: 4.42
[2026-04-12 08:48:13] [WARNING] [Main] FPS dropped below requirement: 6.65
[2026-04-12 08:48:13] [WARNING] [Main] FPS dropped below requirement: 8.05
[2026-04-12 08:48:13] [WARNING] [Main] FPS dropped below requirement: 9.00
[2026-04-12 08:48:13] [WARNING] [Main] FPS dropped below requirement: 9.76
[2026-04-12 08:48:13] [WARNING] [Main] FPS dropped below requirement: 10.23
[2026-04-12 08:48:13] [WARNING] [Main] FPS dropped below requirement: 10.47
[2026-04-12 08:48:13] [WARNING] [Main] FPS dropped below requirement: 10.91
[2026-04-12 08:48:13] [WARNING] [Main] FPS dropped below requirement: 11.29
[2026-04-12 08:48:13] [WARNING] [Main] FPS dropped below requirement: 11.60
[2026-04-12 08:48:13] [WARNING] [Main] FPS dropped below requirement: 11.84
[2026-04-12 08:48:13] [WARNING] [Main] FPS dropped below requirement: 12.06
[2026-04-12 08:48:13] [WARNING] [Main] FPS dropped below requirement: 12.24
[2026-04-12 08:48:13] [WARNING] [Main] FPS dropped below requirement: 12.40
[2026-04-12 08:48:14] [WARNING] [Main] FPS dropped below requirement: 12.56
[2026-04-12 08:48:14] [WARNING] [Main] FPS dropped below requirement: 12.70
[2026-04-12 08:48:14] [WARNING] [Main] FPS dropped below requirement: 12.63
[2026-04-12 08:48:14] [WARNING] [Main] FPS dropped below requirement: 12.74
[2026-04-12 08:48:14] [WARNING] [Main] FPS dropped below requirement: 12.84
[2026-04-12 08:48:14] [WARNING] [Main] FPS dropped below requirement: 12.93
[2026-04-12 08:48:14] [WARNING] [Main] FPS dropped below requirement: 13.03
[2026-04-12 08:48:14] [WARNING] [Main] FPS dropped below requirement: 13.11
[2026-04-12 08:48:14] [WARNING] [Main] FPS dropped below requirement: 13.19
[2026-04-12 08:48:14] [WARNING] [Main] FPS dropped below requirement: 13.27
[2026-04-12 08:48:14] [WARNING] [Main] FPS dropped below requirement: 13.34
[2026-04-12 08:48:14] [WARNING] [Main] FPS dropped below requirement: 13.40
[2026-04-12 08:48:14] [WARNING] [Main] FPS dropped below requirement: 13.47
[2026-04-12 08:48:14] [WARNING] [Main] FPS dropped below requirement: 13.52
[2026-04-12 08:48:14] [WARNING] [Main] FPS dropped below requirement: 13.57
[2026-04-12 08:48:15] [WARNING] [Main] FPS dropped below requirement: 14.67
[2026-04-12 08:48:15] [WARNING] [Main] FPS dropped below requirement: 14.73
[2026-04-12 08:48:15] [WARNING] [Main] FPS dropped below requirement: 14.78
[2026-04-12 08:48:15] [WARNING] [Main] FPS dropped below requirement: 14.81
[2026-04-12 08:48:15] [WARNING] [Main] FPS dropped below requirement: 14.82
[2026-04-12 08:48:15] [WARNING] [Main] FPS dropped below requirement: 14.89
[2026-04-12 08:48:15] [WARNING] [Main] FPS dropped below requirement: 14.94
[2026-04-12 08:48:15] [WARNING] [Main] FPS dropped below requirement: 14.88
[2026-04-12 08:48:15] [WARNING] [Main] FPS dropped below requirement: 14.67
[2026-04-12 08:48:15] [WARNING] [Main] FPS dropped below requirement: 14.66
[2026-04-12 08:48:15] [WARNING] [Main] FPS dropped below requirement: 14.64
[2026-04-12 08:48:15] [WARNING] [Main] FPS dropped below requirement: 14.64
[2026-04-12 08:48:15] [WARNING] [Main] FPS dropped below requirement: 14.64
[2026-04-12 08:48:15] [INFO] [Main] Output saved to dataset.mp4
[2026-04-12 08:48:15] [INFO] [VideoCapture] Camera released.
[2026-04-12 08:48:15] [INFO] [Main] System shutdown
[2026-04-12 08:49:41] [INFO] [Main] Driver Monitoring System starting
[2026-04-12 08:49:42] [INFO] [Main] FaceMap 3DMM landmark detector loaded
[2026-04-12 08:49:42] [INFO] [Main] MobileNetV2 head pose model loaded
[2026-04-12 08:49:42] [INFO] [VideoCapture] Opening video source: data/in_video.mp4 ...
[2026-04-12 08:49:42] [INFO] [VideoCapture] Source opened successfully: data/in_video.mp4
[2026-04-12 08:49:42] [INFO] [Main] Capture loop started. Press 'q' to quit.
[2026-04-12 08:49:42] [INFO] [Main] Saving output to dataset.mp4
[2026-04-12 08:49:42] [WARNING] [Main] FPS dropped below requirement: 0.00
[2026-04-12 08:49:42] [WARNING] [Main] FPS dropped below requirement: 4.60
[2026-04-12 08:49:42] [WARNING] [Main] FPS dropped below requirement: 6.87
[2026-04-12 08:49:42] [WARNING] [Main] FPS dropped below requirement: 8.35
[2026-04-12 08:49:42] [WARNING] [Main] FPS dropped below requirement: 9.44
[2026-04-12 08:49:42] [WARNING] [Main] FPS dropped below requirement: 10.25
[2026-04-12 08:49:42] [WARNING] [Main] FPS dropped below requirement: 10.86
[2026-04-12 08:49:42] [WARNING] [Main] FPS dropped below requirement: 11.21
[2026-04-12 08:49:42] [WARNING] [Main] FPS dropped below requirement: 11.61
[2026-04-12 08:49:42] [WARNING] [Main] FPS dropped below requirement: 11.94
[2026-04-12 08:49:43] [WARNING] [Main] FPS dropped below requirement: 12.23
[2026-04-12 08:49:43] [WARNING] [Main] FPS dropped below requirement: 12.49
[2026-04-12 08:49:43] [WARNING] [Main] FPS dropped below requirement: 12.70
[2026-04-12 08:49:43] [WARNING] [Main] FPS dropped below requirement: 12.88
[2026-04-12 08:49:43] [WARNING] [Main] FPS dropped below requirement: 13.04
[2026-04-12 08:49:43] [WARNING] [Main] FPS dropped below requirement: 13.19
[2026-04-12 08:49:43] [WARNING] [Main] FPS dropped below requirement: 13.33
[2026-04-12 08:49:43] [WARNING] [Main] FPS dropped below requirement: 13.44
[2026-04-12 08:49:43] [WARNING] [Main] FPS dropped below requirement: 13.54
[2026-04-12 08:49:43] [WARNING] [Main] FPS dropped below requirement: 13.64
[2026-04-12 08:49:43] [WARNING] [Main] FPS dropped below requirement: 13.74
[2026-04-12 08:49:43] [WARNING] [Main] FPS dropped below requirement: 13.81
[2026-04-12 08:49:43] [WARNING] [Main] FPS dropped below requirement: 13.88
[2026-04-12 08:49:43] [WARNING] [Main] FPS dropped below requirement: 13.94
[2026-04-12 08:49:43] [WARNING] [Main] FPS dropped below requirement: 13.99
[2026-04-12 08:49:44] [WARNING] [Main] FPS dropped below requirement: 14.04
[2026-04-12 08:49:44] [WARNING] [Main] FPS dropped below requirement: 14.05
[2026-04-12 08:49:44] [WARNING] [Main] FPS dropped below requirement: 14.03
[2026-04-12 08:49:44] [WARNING] [Main] FPS dropped below requirement: 14.04
[2026-04-12 08:49:44] [INFO] [Main] Output saved to dataset.mp4
[2026-04-12 08:49:44] [INFO] [VideoCapture] Camera released.
[2026-04-12 08:49:44] [INFO] [Main] System shutdown
[2026-04-12 08:52:30] [INFO] [Main] Driver Monitoring System starting
[2026-04-12 08:52:31] [INFO] [Main] FaceMap 3DMM landmark detector loaded
[2026-04-12 08:52:31] [INFO] [Main] MobileNetV2 head pose model loaded
[2026-04-12 08:52:31] [INFO] [VideoCapture] Opening video source: data/dataset.mp4 ...
[2026-04-12 08:52:31] [INFO] [VideoCapture] Source opened successfully: data/dataset.mp4
[2026-04-12 08:52:31] [INFO] [Main] Capture loop started. Press 'q' to quit.
[2026-04-12 08:52:31] [INFO] [Main] Saving output to dataset.mp4
[2026-04-12 08:52:31] [WARNING] [Main] FPS dropped below requirement: 0.00
[2026-04-12 08:52:31] [WARNING] [Main] FPS dropped below requirement: 4.06
[2026-04-12 08:52:31] [WARNING] [Main] FPS dropped below requirement: 6.10
[2026-04-12 08:52:31] [WARNING] [Main] FPS dropped below requirement: 8.04
[2026-04-12 08:52:32] [WARNING] [Main] FPS dropped below requirement: 9.48
[2026-04-12 08:52:32] [WARNING] [Main] FPS dropped below requirement: 10.76
[2026-04-12 08:52:32] [WARNING] [Main] FPS dropped below requirement: 11.82
[2026-04-12 08:52:32] [WARNING] [Main] FPS dropped below requirement: 12.68
[2026-04-12 08:52:32] [WARNING] [Main] FPS dropped below requirement: 13.28
[2026-04-12 08:52:32] [WARNING] [Main] FPS dropped below requirement: 13.96
[2026-04-12 08:52:32] [WARNING] [Main] FPS dropped below requirement: 14.56
[2026-04-12 08:52:51] [INFO] [Main] Output saved to dataset.mp4
[2026-04-12 08:52:51] [INFO] [VideoCapture] Camera released.
[2026-04-12 08:52:51] [INFO] [Main] System shutdown
>>>>>>> develop
[2026-04-25 22:49:59] [INFO] [Main] Driver Monitoring System starting
[2026-04-25 22:49:59] [INFO] [Main] Drowsiness analyzer initialized
[2026-04-25 22:50:00] [INFO] [Main] FaceMap 3DMM landmark detector loaded
[2026-04-25 22:50:01] [INFO] [Main] Facial Attribute detector loaded
[2026-04-25 22:50:01] [INFO] [Main] MobileNetV2 head pose model loaded
[2026-04-25 22:50:01] [INFO] [VideoCapture] Opening video source: data/dataset.mp4 ...
[2026-04-25 22:50:01] [INFO] [VideoCapture] Source opened successfully: data/dataset.mp4
[2026-04-25 22:50:01] [INFO] [Main] Capture loop started. Press 'q' to quit.
[2026-04-25 22:50:02] [INFO] [VideoCapture] Camera released.
[2026-04-25 22:50:02] [INFO] [Main] System shutdown
[2026-04-25 22:52:31] [INFO] [Main] Driver Monitoring System starting
[2026-04-25 22:52:31] [INFO] [Main] Drowsiness analyzer initialized
[2026-04-25 22:52:31] [INFO] [Main] FaceMap 3DMM landmark detector loaded
[2026-04-25 22:52:31] [INFO] [Main] Facial Attribute detector loaded
[2026-04-25 22:52:31] [INFO] [Main] MobileNetV2 head pose model loaded
[2026-04-25 22:52:31] [INFO] [VideoCapture] Opening video source: data/dataset.mp4 ...
[2026-04-25 22:52:31] [INFO] [VideoCapture] Source opened successfully: data/dataset.mp4
[2026-04-25 22:52:31] [INFO] [Main] Capture loop started. Press 'q' to quit.
[2026-04-25 22:52:32] [INFO] [VideoCapture] Camera released.
[2026-04-25 22:52:32] [INFO] [Main] System shutdown
[2026-04-25 22:52:58] [INFO] [Main] Driver Monitoring System starting
[2026-04-25 22:52:58] [INFO] [Main] Drowsiness analyzer initialized
[2026-04-25 22:52:59] [INFO] [Main] FaceMap 3DMM landmark detector loaded
[2026-04-25 22:52:59] [INFO] [Main] Facial Attribute detector loaded
[2026-04-25 22:52:59] [INFO] [Main] MobileNetV2 head pose model loaded
[2026-04-25 22:52:59] [INFO] [VideoCapture] Opening video source: data/dataset.mp4 ...
[2026-04-25 22:52:59] [INFO] [VideoCapture] Source opened successfully: data/dataset.mp4
[2026-04-25 22:52:59] [INFO] [Main] Capture loop started. Press 'q' to quit.
[2026-04-25 22:52:59] [INFO] [VideoCapture] Camera released.
[2026-04-25 22:52:59] [INFO] [Main] System shutdown
[2026-04-25 22:53:12] [INFO] [Main] Driver Monitoring System starting
[2026-04-25 22:53:12] [INFO] [Main] Drowsiness analyzer initialized
[2026-04-25 22:53:12] [INFO] [Main] FaceMap 3DMM landmark detector loaded
[2026-04-25 22:53:13] [INFO] [Main] Facial Attribute detector loaded
[2026-04-25 22:53:13] [INFO] [Main] MobileNetV2 head pose model loaded
[2026-04-25 22:53:13] [INFO] [VideoCapture] Opening video source: data/dataset.mp4 ...
[2026-04-25 22:53:13] [INFO] [VideoCapture] Source opened successfully: data/dataset.mp4
[2026-04-25 22:53:13] [INFO] [Main] Capture loop started. Press 'q' to quit.
[2026-04-25 22:53:13] [WARNING] [Main] FPS dropped below requirement: 0.00
[2026-04-25 22:53:13] [WARNING] [Main] FPS dropped below requirement: 5.25
[2026-04-25 22:53:13] [WARNING] [Main] FPS dropped below requirement: 5.46
[2026-04-25 22:53:13] [WARNING] [Main] FPS dropped below requirement: 5.42
[2026-04-25 22:53:14] [WARNING] [Main] FPS dropped below requirement: 5.82
[2026-04-25 22:53:14] [WARNING] [Main] FPS dropped below requirement: 6.14
[2026-04-25 22:53:14] [WARNING] [Main] FPS dropped below requirement: 6.32
[2026-04-25 22:53:14] [WARNING] [Main] FPS dropped below requirement: 6.40
[2026-04-25 22:53:14] [WARNING] [Main] FPS dropped below requirement: 6.54
[2026-04-25 22:53:14] [WARNING] [Main] FPS dropped below requirement: 6.55
[2026-04-25 22:53:14] [WARNING] [Main] FPS dropped below requirement: 6.62
[2026-04-25 22:53:15] [WARNING] [Main] FPS dropped below requirement: 6.70
[2026-04-25 22:53:15] [WARNING] [Main] FPS dropped below requirement: 6.71
[2026-04-25 22:53:15] [WARNING] [Main] FPS dropped below requirement: 6.68
[2026-04-25 22:53:15] [WARNING] [Main] FPS dropped below requirement: 6.73
[2026-04-25 22:53:15] [WARNING] [Main] FPS dropped below requirement: 6.79
[2026-04-25 22:53:15] [WARNING] [Main] FPS dropped below requirement: 6.79
[2026-04-25 22:53:15] [WARNING] [Main] FPS dropped below requirement: 6.76
[2026-04-25 22:53:16] [WARNING] [Main] FPS dropped below requirement: 6.79
[2026-04-25 22:53:16] [WARNING] [Main] FPS dropped below requirement: 6.73
[2026-04-25 22:53:16] [WARNING] [Main] FPS dropped below requirement: 6.78
[2026-04-25 22:53:16] [WARNING] [Main] FPS dropped below requirement: 6.75
[2026-04-25 22:53:16] [WARNING] [Main] FPS dropped below requirement: 6.78
[2026-04-25 22:53:16] [WARNING] [Main] FPS dropped below requirement: 6.82
[2026-04-25 22:53:16] [WARNING] [Main] FPS dropped below requirement: 6.84
[2026-04-25 22:53:17] [WARNING] [Main] FPS dropped below requirement: 6.87
[2026-04-25 22:53:17] [WARNING] [Main] FPS dropped below requirement: 6.87
[2026-04-25 22:53:17] [WARNING] [Main] FPS dropped below requirement: 6.88
[2026-04-25 22:53:17] [WARNING] [Main] FPS dropped below requirement: 6.87
[2026-04-25 22:53:17] [WARNING] [Main] FPS dropped below requirement: 6.91
[2026-04-25 22:53:17] [WARNING] [Main] FPS dropped below requirement: 7.00
[2026-04-25 22:53:17] [WARNING] [Main] FPS dropped below requirement: 7.08
[2026-04-25 22:53:18] [WARNING] [Main] FPS dropped below requirement: 7.18
[2026-04-25 22:53:18] [WARNING] [Main] FPS dropped below requirement: 7.18
[2026-04-25 22:53:18] [WARNING] [Main] FPS dropped below requirement: 7.17
[2026-04-25 22:53:18] [WARNING] [Main] FPS dropped below requirement: 7.15
[2026-04-25 22:53:18] [WARNING] [Main] FPS dropped below requirement: 7.18
[2026-04-25 22:53:18] [WARNING] [Main] FPS dropped below requirement: 7.16
[2026-04-25 22:53:18] [WARNING] [Main] FPS dropped below requirement: 7.19
[2026-04-25 22:53:19] [WARNING] [Main] FPS dropped below requirement: 7.19
[2026-04-25 22:53:19] [WARNING] [Main] FPS dropped below requirement: 7.11
[2026-04-25 22:53:19] [WARNING] [Main] FPS dropped below requirement: 7.10
[2026-04-25 22:53:19] [WARNING] [Main] FPS dropped below requirement: 7.14
[2026-04-25 22:53:19] [WARNING] [Main] FPS dropped below requirement: 7.13
[2026-04-25 22:53:19] [WARNING] [Main] FPS dropped below requirement: 7.11
[2026-04-25 22:53:19] [WARNING] [Main] FPS dropped below requirement: 7.09
[2026-04-25 22:53:20] [WARNING] [Main] FPS dropped below requirement: 7.10
[2026-04-25 22:53:20] [WARNING] [Main] FPS dropped below requirement: 7.06
[2026-04-25 22:53:20] [WARNING] [Main] FPS dropped below requirement: 7.12
[2026-04-25 22:53:20] [WARNING] [Main] FPS dropped below requirement: 7.09
[2026-04-25 22:53:20] [WARNING] [Main] FPS dropped below requirement: 7.14
[2026-04-25 22:53:20] [WARNING] [Main] FPS dropped below requirement: 7.10
[2026-04-25 22:53:20] [WARNING] [Main] FPS dropped below requirement: 7.11
[2026-04-25 22:53:21] [WARNING] [Main] FPS dropped below requirement: 7.06
[2026-04-25 22:53:21] [WARNING] [Main] FPS dropped below requirement: 7.03
[2026-04-25 22:53:21] [WARNING] [Main] FPS dropped below requirement: 7.01
[2026-04-25 22:53:21] [WARNING] [Main] FPS dropped below requirement: 7.01
[2026-04-25 22:53:21] [WARNING] [Main] FPS dropped below requirement: 7.03
[2026-04-25 22:53:21] [WARNING] [Main] FPS dropped below requirement: 7.02
[2026-04-25 22:53:21] [WARNING] [Main] FPS dropped below requirement: 6.99
[2026-04-25 22:53:22] [WARNING] [Main] FPS dropped below requirement: 6.99
[2026-04-25 22:53:22] [WARNING] [Main] FPS dropped below requirement: 6.97
[2026-04-25 22:53:22] [WARNING] [Main] FPS dropped below requirement: 6.93
[2026-04-25 22:53:22] [WARNING] [Main] FPS dropped below requirement: 6.94
[2026-04-25 22:53:22] [WARNING] [Main] FPS dropped below requirement: 6.93
[2026-04-25 22:53:22] [WARNING] [Main] FPS dropped below requirement: 6.93
[2026-04-25 22:53:22] [WARNING] [Main] FPS dropped below requirement: 6.94
[2026-04-25 22:53:23] [WARNING] [Main] FPS dropped below requirement: 6.94
[2026-04-25 22:53:23] [WARNING] [Main] FPS dropped below requirement: 6.94
[2026-04-25 22:53:23] [WARNING] [Main] FPS dropped below requirement: 6.99
[2026-04-25 22:53:23] [WARNING] [Main] FPS dropped below requirement: 7.00
[2026-04-25 22:53:23] [WARNING] [Main] FPS dropped below requirement: 7.00
[2026-04-25 22:53:23] [WARNING] [Main] FPS dropped below requirement: 7.00
[2026-04-25 22:53:23] [WARNING] [Main] FPS dropped below requirement: 7.01
[2026-04-25 22:53:23] [WARNING] [Main] FPS dropped below requirement: 7.04
[2026-04-25 22:53:24] [WARNING] [Main] FPS dropped below requirement: 7.06
[2026-04-25 22:53:24] [WARNING] [Main] FPS dropped below requirement: 7.11
[2026-04-25 22:53:24] [WARNING] [Main] FPS dropped below requirement: 7.04
[2026-04-25 22:53:24] [WARNING] [Main] FPS dropped below requirement: 7.05
[2026-04-25 22:53:24] [WARNING] [Main] FPS dropped below requirement: 7.05
[2026-04-25 22:53:24] [WARNING] [Main] FPS dropped below requirement: 7.08
[2026-04-25 22:53:25] [WARNING] [Main] FPS dropped below requirement: 7.04
[2026-04-25 22:53:25] [WARNING] [Main] FPS dropped below requirement: 7.05
[2026-04-25 22:53:25] [WARNING] [Main] FPS dropped below requirement: 7.05
[2026-04-25 22:53:25] [WARNING] [Main] FPS dropped below requirement: 7.11
[2026-04-25 22:53:25] [WARNING] [Main] FPS dropped below requirement: 7.08
[2026-04-25 22:53:25] [WARNING] [Main] FPS dropped below requirement: 7.09
[2026-04-25 22:53:25] [WARNING] [Main] FPS dropped below requirement: 7.07
[2026-04-25 22:53:26] [INFO] [VideoCapture] Camera released.
[2026-04-25 22:53:26] [INFO] [Main] System shutdown
[2026-04-25 22:55:39] [INFO] [Main] Driver Monitoring System starting
[2026-04-25 22:55:40] [INFO] [Main] Drowsiness analyzer initialized
[2026-04-25 22:55:40] [INFO] [Main] FaceMap 3DMM landmark detector loaded
[2026-04-25 22:55:40] [INFO] [Main] Facial Attribute detector loaded
[2026-04-25 22:55:40] [INFO] [Main] MobileNetV2 head pose model loaded
[2026-04-25 22:55:40] [INFO] [VideoCapture] Opening video source: data/dataset.mp4 ...
[2026-04-25 22:55:40] [INFO] [VideoCapture] Source opened successfully: data/dataset.mp4
[2026-04-25 22:55:40] [INFO] [Main] Capture loop started. Press 'q' to quit.
[2026-04-25 22:55:40] [INFO] [VideoCapture] Camera released.
[2026-04-25 22:55:40] [INFO] [Main] System shutdown
[2026-04-25 22:55:53] [INFO] [Main] Driver Monitoring System starting
[2026-04-25 22:55:53] [INFO] [Main] Drowsiness analyzer initialized
[2026-04-25 22:55:53] [INFO] [Main] FaceMap 3DMM landmark detector loaded
[2026-04-25 22:55:53] [INFO] [Main] Facial Attribute detector loaded
[2026-04-25 22:55:53] [INFO] [Main] MobileNetV2 head pose model loaded
[2026-04-25 22:55:53] [INFO] [VideoCapture] Opening video source: data/dataset.mp4 ...
[2026-04-25 22:55:53] [INFO] [VideoCapture] Source opened successfully: data/dataset.mp4
[2026-04-25 22:55:53] [INFO] [Main] Capture loop started. Press 'q' to quit.
[2026-04-25 22:55:54] [WARNING] [Main] FPS dropped below requirement: 0.00
[2026-04-25 22:55:54] [WARNING] [Main] FPS dropped below requirement: 5.36
[2026-04-25 22:55:54] [WARNING] [Main] FPS dropped below requirement: 6.05
[2026-04-25 22:55:54] [WARNING] [Main] FPS dropped below requirement: 6.42
[2026-04-25 22:55:54] [WARNING] [Main] FPS dropped below requirement: 6.37
[2026-04-25 22:55:54] [WARNING] [Main] FPS dropped below requirement: 6.50
[2026-04-25 22:55:54] [WARNING] [Main] FPS dropped below requirement: 6.55
[2026-04-25 22:55:55] [WARNING] [Main] FPS dropped below requirement: 6.65
[2026-04-25 22:55:55] [WARNING] [Main] FPS dropped below requirement: 6.77
[2026-04-25 22:55:55] [WARNING] [Main] FPS dropped below requirement: 6.87
[2026-04-25 22:55:55] [WARNING] [Main] FPS dropped below requirement: 6.85
[2026-04-25 22:55:55] [WARNING] [Main] FPS dropped below requirement: 6.82
[2026-04-25 22:55:55] [WARNING] [Main] FPS dropped below requirement: 6.75
[2026-04-25 22:55:55] [WARNING] [Main] FPS dropped below requirement: 6.74
[2026-04-25 22:55:56] [WARNING] [Main] FPS dropped below requirement: 6.79
[2026-04-25 22:55:56] [WARNING] [Main] FPS dropped below requirement: 6.79
[2026-04-25 22:55:56] [WARNING] [Main] FPS dropped below requirement: 6.80
[2026-04-25 22:55:56] [WARNING] [Main] FPS dropped below requirement: 6.84
[2026-04-25 22:55:56] [WARNING] [Main] FPS dropped below requirement: 6.88
[2026-04-25 22:55:56] [WARNING] [Main] FPS dropped below requirement: 6.85
[2026-04-25 22:55:56] [WARNING] [Main] FPS dropped below requirement: 6.82
[2026-04-25 22:55:57] [WARNING] [Main] FPS dropped below requirement: 6.84
[2026-04-25 22:55:57] [WARNING] [Main] FPS dropped below requirement: 6.84
[2026-04-25 22:55:57] [WARNING] [Main] FPS dropped below requirement: 6.88
[2026-04-25 22:55:57] [WARNING] [Main] FPS dropped below requirement: 6.85
[2026-04-25 22:55:57] [WARNING] [Main] FPS dropped below requirement: 6.86
[2026-04-25 22:55:57] [WARNING] [Main] FPS dropped below requirement: 6.79
[2026-04-25 22:55:57] [WARNING] [Main] FPS dropped below requirement: 6.78
[2026-04-25 22:55:58] [WARNING] [Main] FPS dropped below requirement: 6.79
[2026-04-25 22:55:58] [WARNING] [Main] FPS dropped below requirement: 6.77
[2026-04-25 22:55:58] [WARNING] [Main] FPS dropped below requirement: 6.86
[2026-04-25 22:55:58] [WARNING] [Main] FPS dropped below requirement: 6.87
[2026-04-25 22:55:58] [WARNING] [Main] FPS dropped below requirement: 6.86
[2026-04-25 22:55:58] [WARNING] [Main] FPS dropped below requirement: 6.90
[2026-04-25 22:55:59] [WARNING] [Main] FPS dropped below requirement: 6.86
[2026-04-25 22:55:59] [WARNING] [Main] FPS dropped below requirement: 6.88
[2026-04-25 22:55:59] [WARNING] [Main] FPS dropped below requirement: 6.86
[2026-04-25 22:55:59] [WARNING] [Main] FPS dropped below requirement: 6.87
[2026-04-25 22:55:59] [WARNING] [Main] FPS dropped below requirement: 6.85
[2026-04-25 22:55:59] [WARNING] [Main] FPS dropped below requirement: 6.87
[2026-04-25 22:55:59] [WARNING] [Main] FPS dropped below requirement: 6.85
[2026-04-25 22:56:00] [WARNING] [Main] FPS dropped below requirement: 6.88
[2026-04-25 22:56:00] [WARNING] [Main] FPS dropped below requirement: 6.91
[2026-04-25 22:56:00] [WARNING] [Main] FPS dropped below requirement: 6.92
[2026-04-25 22:56:00] [WARNING] [Main] FPS dropped below requirement: 6.89
[2026-04-25 22:56:00] [WARNING] [Main] FPS dropped below requirement: 6.87
[2026-04-25 22:56:00] [WARNING] [Main] FPS dropped below requirement: 6.88
[2026-04-25 22:56:00] [WARNING] [Main] FPS dropped below requirement: 6.88
[2026-04-25 22:56:01] [WARNING] [Main] FPS dropped below requirement: 6.91
[2026-04-25 22:56:01] [WARNING] [Main] FPS dropped below requirement: 6.89
[2026-04-25 22:56:01] [WARNING] [Main] FPS dropped below requirement: 6.87
[2026-04-25 22:56:01] [WARNING] [Main] FPS dropped below requirement: 6.88
[2026-04-25 22:56:01] [WARNING] [Main] FPS dropped below requirement: 6.87
[2026-04-25 22:56:01] [WARNING] [Main] FPS dropped below requirement: 6.85
[2026-04-25 22:56:01] [WARNING] [Main] FPS dropped below requirement: 6.83
[2026-04-25 22:56:02] [WARNING] [Main] FPS dropped below requirement: 6.85
[2026-04-25 22:56:02] [WARNING] [Main] FPS dropped below requirement: 6.91
[2026-04-25 22:56:02] [WARNING] [Main] FPS dropped below requirement: 6.92
[2026-04-25 22:56:02] [WARNING] [Main] FPS dropped below requirement: 6.97
[2026-04-25 22:56:02] [WARNING] [Main] FPS dropped below requirement: 6.94
[2026-04-25 22:56:02] [WARNING] [Main] FPS dropped below requirement: 6.94
[2026-04-25 22:56:02] [WARNING] [Main] FPS dropped below requirement: 6.95
[2026-04-25 22:56:03] [WARNING] [Main] FPS dropped below requirement: 6.97
[2026-04-25 22:56:03] [WARNING] [Main] FPS dropped below requirement: 7.03
[2026-04-25 22:56:03] [WARNING] [Main] FPS dropped below requirement: 7.02
[2026-04-25 22:56:03] [WARNING] [Main] FPS dropped below requirement: 7.07
[2026-04-25 22:56:03] [INFO] [VideoCapture] Camera released.
[2026-04-25 22:56:03] [INFO] [Main] System shutdown
[2026-04-25 22:56:20] [INFO] [Main] Driver Monitoring System starting
[2026-04-25 22:56:20] [INFO] [Main] Drowsiness analyzer initialized
[2026-04-25 22:56:21] [INFO] [Main] FaceMap 3DMM landmark detector loaded
[2026-04-25 22:56:21] [INFO] [Main] Facial Attribute detector loaded
[2026-04-25 22:56:21] [INFO] [Main] MobileNetV2 head pose model loaded
[2026-04-25 22:56:21] [INFO] [VideoCapture] Opening video source: data/dataset.mp4 ...
[2026-04-25 22:56:21] [INFO] [VideoCapture] Source opened successfully: data/dataset.mp4
[2026-04-25 22:56:21] [INFO] [Main] Capture loop started. Press 'q' to quit.
[2026-04-25 22:56:21] [WARNING] [Main] FPS dropped below requirement: 0.00
[2026-04-25 22:56:21] [WARNING] [Main] FPS dropped below requirement: 5.59
[2026-04-25 22:56:21] [WARNING] [Main] FPS dropped below requirement: 6.48
[2026-04-25 22:56:22] [WARNING] [Main] FPS dropped below requirement: 6.55
[2026-04-25 22:56:22] [WARNING] [Main] FPS dropped below requirement: 6.86
[2026-04-25 22:56:22] [WARNING] [Main] FPS dropped below requirement: 7.03
[2026-04-25 22:56:22] [WARNING] [Main] FPS dropped below requirement: 6.95
[2026-04-25 22:56:22] [WARNING] [Main] FPS dropped below requirement: 7.04
[2026-04-25 22:56:22] [WARNING] [Main] FPS dropped below requirement: 7.04
[2026-04-25 22:56:22] [WARNING] [Main] FPS dropped below requirement: 7.00
[2026-04-25 22:56:23] [WARNING] [Main] FPS dropped below requirement: 7.01
[2026-04-25 22:56:23] [WARNING] [Main] FPS dropped below requirement: 7.11
[2026-04-25 22:56:23] [WARNING] [Main] FPS dropped below requirement: 7.02
[2026-04-25 22:56:23] [WARNING] [Main] FPS dropped below requirement: 7.04
[2026-04-25 22:56:23] [WARNING] [Main] FPS dropped below requirement: 7.02
[2026-04-25 22:56:23] [WARNING] [Main] FPS dropped below requirement: 6.99
[2026-04-25 22:56:23] [WARNING] [Main] FPS dropped below requirement: 7.04
[2026-04-25 22:56:24] [WARNING] [Main] FPS dropped below requirement: 7.09
[2026-04-25 22:56:24] [WARNING] [Main] FPS dropped below requirement: 7.01
[2026-04-25 22:56:24] [WARNING] [Main] FPS dropped below requirement: 7.01
[2026-04-25 22:56:24] [WARNING] [Main] FPS dropped below requirement: 6.91
[2026-04-25 22:56:24] [WARNING] [Main] FPS dropped below requirement: 6.95
[2026-04-25 22:56:24] [WARNING] [Main] FPS dropped below requirement: 6.94
[2026-04-25 22:56:24] [WARNING] [Main] FPS dropped below requirement: 6.91
[2026-04-25 22:56:25] [WARNING] [Main] FPS dropped below requirement: 6.93
[2026-04-25 22:56:25] [WARNING] [Main] FPS dropped below requirement: 6.91
[2026-04-25 22:56:25] [WARNING] [Main] FPS dropped below requirement: 6.91
[2026-04-25 22:56:25] [WARNING] [Main] FPS dropped below requirement: 6.83
[2026-04-25 22:56:25] [WARNING] [Main] FPS dropped below requirement: 6.71
[2026-04-25 22:56:26] [INFO] [VideoCapture] Camera released.
[2026-04-25 22:56:26] [INFO] [Main] System shutdown
[2026-04-26 00:09:23] [INFO] [Main] Initializing Driver Monitoring System...
[2026-04-26 00:09:23] [INFO] [VideoCapture] Opening video source: data/dataset.mp4 ...
[2026-04-26 00:09:23] [INFO] [VideoCapture] Source opened successfully: data/dataset.mp4
[2026-04-26 00:09:23] [INFO] [DMSPipeline] Capture loop started. Press 'q' to quit.
[2026-04-26 00:09:23] [WARNING] [DMSPipeline] FPS dropped below requirement: 0.00
[2026-04-26 00:09:24] [WARNING] [DMSPipeline] FPS dropped below requirement: 6.59
[2026-04-26 00:09:24] [WARNING] [DMSPipeline] FPS dropped below requirement: 7.27
[2026-04-26 00:09:24] [WARNING] [DMSPipeline] FPS dropped below requirement: 7.60
[2026-04-26 00:09:24] [WARNING] [DMSPipeline] FPS dropped below requirement: 7.69
[2026-04-26 00:09:24] [WARNING] [DMSPipeline] FPS dropped below requirement: 7.76
[2026-04-26 00:09:24] [WARNING] [DMSPipeline] FPS dropped below requirement: 7.72
[2026-04-26 00:09:24] [WARNING] [DMSPipeline] FPS dropped below requirement: 7.33
[2026-04-26 00:09:24] [WARNING] [DMSPipeline] FPS dropped below requirement: 7.43
[2026-04-26 00:09:25] [WARNING] [DMSPipeline] FPS dropped below requirement: 8.03
[2026-04-26 00:09:25] [WARNING] [DMSPipeline] FPS dropped below requirement: 8.31
[2026-04-26 00:09:25] [WARNING] [DMSPipeline] FPS dropped below requirement: 8.38
[2026-04-26 00:09:25] [WARNING] [DMSPipeline] FPS dropped below requirement: 8.34
[2026-04-26 00:09:25] [WARNING] [DMSPipeline] FPS dropped below requirement: 8.34
[2026-04-26 00:09:25] [WARNING] [DMSPipeline] FPS dropped below requirement: 8.34
[2026-04-26 00:09:25] [WARNING] [DMSPipeline] FPS dropped below requirement: 8.35
[2026-04-26 00:09:25] [WARNING] [DMSPipeline] FPS dropped below requirement: 8.35
[2026-04-26 00:09:25] [WARNING] [DMSPipeline] FPS dropped below requirement: 8.36
[2026-04-26 00:09:26] [WARNING] [DMSPipeline] FPS dropped below requirement: 8.37
[2026-04-26 00:09:26] [WARNING] [DMSPipeline] FPS dropped below requirement: 8.45
[2026-04-26 00:09:26] [WARNING] [DMSPipeline] FPS dropped below requirement: 8.45
[2026-04-26 00:09:26] [WARNING] [DMSPipeline] FPS dropped below requirement: 8.68
[2026-04-26 00:09:26] [WARNING] [DMSPipeline] FPS dropped below requirement: 8.92
[2026-04-26 00:09:26] [WARNING] [DMSPipeline] FPS dropped below requirement: 9.14
[2026-04-26 00:09:26] [WARNING] [DMSPipeline] FPS dropped below requirement: 9.17
[2026-04-26 00:09:26] [WARNING] [DMSPipeline] FPS dropped below requirement: 9.15
[2026-04-26 00:09:26] [WARNING] [DMSPipeline] FPS dropped below requirement: 9.10
[2026-04-26 00:09:26] [WARNING] [DMSPipeline] FPS dropped below requirement: 9.05
[2026-04-26 00:09:26] [WARNING] [DMSPipeline] FPS dropped below requirement: 9.10
[2026-04-26 00:09:27] [WARNING] [DMSPipeline] FPS dropped below requirement: 9.18
[2026-04-26 00:09:27] [WARNING] [DMSPipeline] FPS dropped below requirement: 9.28
[2026-04-26 00:09:27] [WARNING] [DMSPipeline] FPS dropped below requirement: 9.30
[2026-04-26 00:09:27] [WARNING] [DMSPipeline] FPS dropped below requirement: 9.45
[2026-04-26 00:09:27] [WARNING] [DMSPipeline] FPS dropped below requirement: 9.46
[2026-04-26 00:09:27] [WARNING] [DMSPipeline] FPS dropped below requirement: 9.50
[2026-04-26 00:09:27] [WARNING] [DMSPipeline] FPS dropped below requirement: 9.56
[2026-04-26 00:09:27] [WARNING] [DMSPipeline] FPS dropped below requirement: 9.77
[2026-04-26 00:09:27] [WARNING] [DMSPipeline] FPS dropped below requirement: 9.75
[2026-04-26 00:09:28] [WARNING] [DMSPipeline] FPS dropped below requirement: 9.52
[2026-04-26 00:09:28] [WARNING] [DMSPipeline] FPS dropped below requirement: 9.40
[2026-04-26 00:09:28] [WARNING] [DMSPipeline] FPS dropped below requirement: 9.36
[2026-04-26 00:09:28] [WARNING] [DMSPipeline] FPS dropped below requirement: 9.35
[2026-04-26 00:09:28] [WARNING] [DMSPipeline] FPS dropped below requirement: 9.34
[2026-04-26 00:09:28] [WARNING] [DMSPipeline] FPS dropped below requirement: 9.35
[2026-04-26 00:09:28] [WARNING] [DMSPipeline] FPS dropped below requirement: 9.33
[2026-04-26 00:09:28] [WARNING] [DMSPipeline] FPS dropped below requirement: 9.31
[2026-04-26 00:09:29] [WARNING] [DMSPipeline] FPS dropped below requirement: 9.31
[2026-04-26 00:09:29] [WARNING] [DMSPipeline] FPS dropped below requirement: 9.30
[2026-04-26 00:09:29] [WARNING] [DMSPipeline] FPS dropped below requirement: 9.22
[2026-04-26 00:09:29] [WARNING] [DMSPipeline] FPS dropped below requirement: 9.20
[2026-04-26 00:09:29] [WARNING] [DMSPipeline] FPS dropped below requirement: 9.13
[2026-04-26 00:09:29] [WARNING] [DMSPipeline] FPS dropped below requirement: 8.92
[2026-04-26 00:09:29] [WARNING] [DMSPipeline] FPS dropped below requirement: 8.72
[2026-04-26 00:09:29] [WARNING] [DMSPipeline] FPS dropped below requirement: 8.65
[2026-04-26 00:09:29] [WARNING] [DMSPipeline] FPS dropped below requirement: 8.63
[2026-04-26 00:09:30] [WARNING] [DMSPipeline] FPS dropped below requirement: 8.66
[2026-04-26 00:09:30] [WARNING] [DMSPipeline] FPS dropped below requirement: 8.65
[2026-04-26 00:09:30] [WARNING] [DMSPipeline] FPS dropped below requirement: 8.61
[2026-04-26 00:09:30] [WARNING] [DMSPipeline] FPS dropped below requirement: 8.51
[2026-04-26 00:09:30] [WARNING] [DMSPipeline] FPS dropped below requirement: 8.51
[2026-04-26 00:09:30] [WARNING] [DMSPipeline] FPS dropped below requirement: 8.49
[2026-04-26 00:09:30] [WARNING] [DMSPipeline] FPS dropped below requirement: 8.37
[2026-04-26 00:09:30] [WARNING] [DMSPipeline] FPS dropped below requirement: 8.36
[2026-04-26 00:09:31] [WARNING] [DMSPipeline] FPS dropped below requirement: 8.34
[2026-04-26 00:09:31] [WARNING] [DMSPipeline] FPS dropped below requirement: 8.38
[2026-04-26 00:09:31] [WARNING] [DMSPipeline] FPS dropped below requirement: 8.37
[2026-04-26 00:09:31] [WARNING] [DMSPipeline] FPS dropped below requirement: 8.35
[2026-04-26 00:09:31] [WARNING] [DMSPipeline] FPS dropped below requirement: 8.35
[2026-04-26 00:09:31] [WARNING] [DMSPipeline] FPS dropped below requirement: 8.35
[2026-04-26 00:09:31] [WARNING] [DMSPipeline] FPS dropped below requirement: 8.35
[2026-04-26 00:09:31] [WARNING] [DMSPipeline] FPS dropped below requirement: 8.38
[2026-04-26 00:09:32] [WARNING] [DMSPipeline] FPS dropped below requirement: 8.38
[2026-04-26 00:09:32] [WARNING] [DMSPipeline] FPS dropped below requirement: 8.36
[2026-04-26 00:09:32] [WARNING] [DMSPipeline] FPS dropped below requirement: 8.38
[2026-04-26 00:09:32] [WARNING] [DMSPipeline] FPS dropped below requirement: 8.38
[2026-04-26 00:09:32] [WARNING] [DMSPipeline] FPS dropped below requirement: 8.37
[2026-04-26 00:09:32] [WARNING] [DMSPipeline] FPS dropped below requirement: 8.38
[2026-04-26 00:09:32] [WARNING] [DMSPipeline] FPS dropped below requirement: 8.49
[2026-04-26 00:09:32] [WARNING] [DMSPipeline] FPS dropped below requirement: 8.51
[2026-04-26 00:09:32] [WARNING] [DMSPipeline] FPS dropped below requirement: 8.38
[2026-04-26 00:09:33] [WARNING] [DMSPipeline] FPS dropped below requirement: 8.38
[2026-04-26 00:09:33] [WARNING] [DMSPipeline] FPS dropped below requirement: 8.36
[2026-04-26 00:09:33] [WARNING] [DMSPipeline] FPS dropped below requirement: 8.42
[2026-04-26 00:09:33] [WARNING] [DMSPipeline] FPS dropped below requirement: 8.40
[2026-04-26 00:09:33] [WARNING] [DMSPipeline] FPS dropped below requirement: 8.38
[2026-04-26 00:09:33] [INFO] [VideoCapture] Camera released.
[2026-04-26 00:09:33] [INFO] [DMSPipeline] System shutdown
[2026-04-26 00:09:33] [INFO] [DMSPipeline] System shutdown
[2026-04-26 00:10:54] [INFO] [Main] Initializing Driver Monitoring System...
[2026-04-26 00:10:54] [INFO] [VideoCapture] Opening video source: data/dataset.mp4 ...
[2026-04-26 00:10:54] [INFO] [VideoCapture] Source opened successfully: data/dataset.mp4
[2026-04-26 00:10:54] [INFO] [DMSPipeline] Capture loop started. Press 'q' to quit.
[2026-04-26 00:10:55] [WARNING] [DMSPipeline] FPS dropped below requirement: 0.00
[2026-04-26 00:10:55] [WARNING] [DMSPipeline] FPS dropped below requirement: 3.24
[2026-04-26 00:10:55] [WARNING] [DMSPipeline] FPS dropped below requirement: 4.72
[2026-04-26 00:10:55] [WARNING] [DMSPipeline] FPS dropped below requirement: 5.14
[2026-04-26 00:10:55] [WARNING] [DMSPipeline] FPS dropped below requirement: 5.43
[2026-04-26 00:10:55] [WARNING] [DMSPipeline] FPS dropped below requirement: 5.75
[2026-04-26 00:10:55] [WARNING] [DMSPipeline] FPS dropped below requirement: 6.01
[2026-04-26 00:10:56] [WARNING] [DMSPipeline] FPS dropped below requirement: 6.23
[2026-04-26 00:10:56] [WARNING] [DMSPipeline] FPS dropped below requirement: 6.15
[2026-04-26 00:10:56] [WARNING] [DMSPipeline] FPS dropped below requirement: 6.29
[2026-04-26 00:10:56] [WARNING] [DMSPipeline] FPS dropped below requirement: 6.39
[2026-04-26 00:10:56] [WARNING] [DMSPipeline] FPS dropped below requirement: 6.48
[2026-04-26 00:10:56] [WARNING] [DMSPipeline] FPS dropped below requirement: 6.40
[2026-04-26 00:10:57] [WARNING] [DMSPipeline] FPS dropped below requirement: 6.42
[2026-04-26 00:10:57] [WARNING] [DMSPipeline] FPS dropped below requirement: 6.46
[2026-04-26 00:10:57] [WARNING] [DMSPipeline] FPS dropped below requirement: 6.55
[2026-04-26 00:10:57] [WARNING] [DMSPipeline] FPS dropped below requirement: 6.49
[2026-04-26 00:10:57] [WARNING] [DMSPipeline] FPS dropped below requirement: 6.55
[2026-04-26 00:10:57] [WARNING] [DMSPipeline] FPS dropped below requirement: 6.56
[2026-04-26 00:10:57] [WARNING] [DMSPipeline] FPS dropped below requirement: 6.57
[2026-04-26 00:10:58] [WARNING] [DMSPipeline] FPS dropped below requirement: 6.60
[2026-04-26 00:10:58] [WARNING] [DMSPipeline] FPS dropped below requirement: 6.62
[2026-04-26 00:10:58] [WARNING] [DMSPipeline] FPS dropped below requirement: 6.62
[2026-04-26 00:10:58] [WARNING] [DMSPipeline] FPS dropped below requirement: 6.67
[2026-04-26 00:10:58] [WARNING] [DMSPipeline] FPS dropped below requirement: 6.73
[2026-04-26 00:10:58] [WARNING] [DMSPipeline] FPS dropped below requirement: 6.76
[2026-04-26 00:10:58] [WARNING] [DMSPipeline] FPS dropped below requirement: 6.71
[2026-04-26 00:10:59] [WARNING] [DMSPipeline] FPS dropped below requirement: 6.69
[2026-04-26 00:10:59] [WARNING] [DMSPipeline] FPS dropped below requirement: 6.63
[2026-04-26 00:10:59] [WARNING] [DMSPipeline] FPS dropped below requirement: 6.64
[2026-04-26 00:10:59] [WARNING] [DMSPipeline] FPS dropped below requirement: 6.89
[2026-04-26 00:10:59] [WARNING] [DMSPipeline] FPS dropped below requirement: 6.85
[2026-04-26 00:10:59] [WARNING] [DMSPipeline] FPS dropped below requirement: 6.86
[2026-04-26 00:10:59] [WARNING] [DMSPipeline] FPS dropped below requirement: 6.87
[2026-04-26 00:11:00] [WARNING] [DMSPipeline] FPS dropped below requirement: 6.88
[2026-04-26 00:11:00] [WARNING] [DMSPipeline] FPS dropped below requirement: 6.84
[2026-04-26 00:11:00] [WARNING] [DMSPipeline] FPS dropped below requirement: 6.84
[2026-04-26 00:11:00] [WARNING] [DMSPipeline] FPS dropped below requirement: 6.91
[2026-04-26 00:11:00] [WARNING] [DMSPipeline] FPS dropped below requirement: 6.90
[2026-04-26 00:11:00] [WARNING] [DMSPipeline] FPS dropped below requirement: 6.91
[2026-04-26 00:11:00] [WARNING] [DMSPipeline] FPS dropped below requirement: 6.91
[2026-04-26 00:11:01] [WARNING] [DMSPipeline] FPS dropped below requirement: 6.96
[2026-04-26 00:11:01] [WARNING] [DMSPipeline] FPS dropped below requirement: 6.98
[2026-04-26 00:11:01] [WARNING] [DMSPipeline] FPS dropped below requirement: 6.98
[2026-04-26 00:11:01] [WARNING] [DMSPipeline] FPS dropped below requirement: 6.93
[2026-04-26 00:11:01] [WARNING] [DMSPipeline] FPS dropped below requirement: 6.99
[2026-04-26 00:11:01] [WARNING] [DMSPipeline] FPS dropped below requirement: 6.98
[2026-04-26 00:11:01] [WARNING] [DMSPipeline] FPS dropped below requirement: 6.93
[2026-04-26 00:11:02] [WARNING] [DMSPipeline] FPS dropped below requirement: 6.91
[2026-04-26 00:11:02] [WARNING] [DMSPipeline] FPS dropped below requirement: 6.92
[2026-04-26 00:11:02] [WARNING] [DMSPipeline] FPS dropped below requirement: 6.88
[2026-04-26 00:11:02] [WARNING] [DMSPipeline] FPS dropped below requirement: 6.92
[2026-04-26 00:11:02] [WARNING] [DMSPipeline] FPS dropped below requirement: 6.90
[2026-04-26 00:11:02] [WARNING] [DMSPipeline] FPS dropped below requirement: 6.90
[2026-04-26 00:11:02] [WARNING] [DMSPipeline] FPS dropped below requirement: 6.87
[2026-04-26 00:11:03] [WARNING] [DMSPipeline] FPS dropped below requirement: 6.93
[2026-04-26 00:11:03] [WARNING] [DMSPipeline] FPS dropped below requirement: 6.91
[2026-04-26 00:11:03] [WARNING] [DMSPipeline] FPS dropped below requirement: 6.96
[2026-04-26 00:11:03] [WARNING] [DMSPipeline] FPS dropped below requirement: 6.92
[2026-04-26 00:11:03] [WARNING] [DMSPipeline] FPS dropped below requirement: 6.92
[2026-04-26 00:11:03] [WARNING] [DMSPipeline] FPS dropped below requirement: 6.87
[2026-04-26 00:11:04] [WARNING] [DMSPipeline] FPS dropped below requirement: 6.87
[2026-04-26 00:11:04] [WARNING] [DMSPipeline] FPS dropped below requirement: 6.88
[2026-04-26 00:11:04] [WARNING] [DMSPipeline] FPS dropped below requirement: 6.87
[2026-04-26 00:11:04] [WARNING] [DMSPipeline] FPS dropped below requirement: 6.87
[2026-04-26 00:11:04] [WARNING] [DMSPipeline] FPS dropped below requirement: 6.79
[2026-04-26 00:11:04] [WARNING] [DMSPipeline] FPS dropped below requirement: 6.81
[2026-04-26 00:11:04] [WARNING] [DMSPipeline] FPS dropped below requirement: 6.82
[2026-04-26 00:11:05] [WARNING] [DMSPipeline] FPS dropped below requirement: 6.79
[2026-04-26 00:11:05] [WARNING] [DMSPipeline] FPS dropped below requirement: 6.76
[2026-04-26 00:11:05] [WARNING] [DMSPipeline] FPS dropped below requirement: 6.75
[2026-04-26 00:11:05] [WARNING] [DMSPipeline] FPS dropped below requirement: 6.76
[2026-04-26 00:11:05] [WARNING] [DMSPipeline] FPS dropped below requirement: 6.76
[2026-04-26 00:11:05] [WARNING] [DMSPipeline] FPS dropped below requirement: 6.80
[2026-04-26 00:11:05] [WARNING] [DMSPipeline] FPS dropped below requirement: 6.76
[2026-04-26 00:11:06] [WARNING] [DMSPipeline] FPS dropped below requirement: 6.75
[2026-04-26 00:11:06] [WARNING] [DMSPipeline] FPS dropped below requirement: 6.82
[2026-04-26 00:11:06] [WARNING] [DMSPipeline] FPS dropped below requirement: 6.84
[2026-04-26 00:11:06] [WARNING] [DMSPipeline] FPS dropped below requirement: 6.79
[2026-04-26 00:11:06] [WARNING] [DMSPipeline] FPS dropped below requirement: 6.84
[2026-04-26 00:11:06] [WARNING] [DMSPipeline] FPS dropped below requirement: 6.76
[2026-04-26 00:11:06] [WARNING] [DMSPipeline] FPS dropped below requirement: 6.77
[2026-04-26 00:11:07] [WARNING] [DMSPipeline] FPS dropped below requirement: 6.78
[2026-04-26 00:11:07] [WARNING] [DMSPipeline] FPS dropped below requirement: 6.79
[2026-04-26 00:11:07] [WARNING] [DMSPipeline] FPS dropped below requirement: 6.76
[2026-04-26 00:11:07] [WARNING] [DMSPipeline] FPS dropped below requirement: 6.83
[2026-04-26 00:11:07] [WARNING] [DMSPipeline] FPS dropped below requirement: 6.78
[2026-04-26 00:11:07] [WARNING] [DMSPipeline] FPS dropped below requirement: 6.85
[2026-04-26 00:11:07] [WARNING] [DMSPipeline] FPS dropped below requirement: 6.89
[2026-04-26 00:11:08] [WARNING] [DMSPipeline] FPS dropped below requirement: 6.90
[2026-04-26 00:11:08] [WARNING] [DMSPipeline] FPS dropped below requirement: 6.92
[2026-04-26 00:11:08] [WARNING] [DMSPipeline] FPS dropped below requirement: 6.94
[2026-04-26 00:11:08] [WARNING] [DMSPipeline] FPS dropped below requirement: 6.86
[2026-04-26 00:11:08] [WARNING] [DMSPipeline] FPS dropped below requirement: 6.84
[2026-04-26 00:11:08] [WARNING] [DMSPipeline] FPS dropped below requirement: 6.92
[2026-04-26 00:11:08] [WARNING] [DMSPipeline] FPS dropped below requirement: 6.86
[2026-04-26 00:11:09] [WARNING] [DMSPipeline] FPS dropped below requirement: 6.83
[2026-04-26 00:11:09] [WARNING] [DMSPipeline] FPS dropped below requirement: 6.85
[2026-04-26 00:11:09] [WARNING] [DMSPipeline] FPS dropped below requirement: 6.88
[2026-04-26 00:11:09] [WARNING] [DMSPipeline] FPS dropped below requirement: 6.89
[2026-04-26 00:11:09] [WARNING] [DMSPipeline] FPS dropped below requirement: 6.84
[2026-04-26 00:11:09] [WARNING] [DMSPipeline] FPS dropped below requirement: 6.86
[2026-04-26 00:11:09] [WARNING] [DMSPipeline] FPS dropped below requirement: 6.86
[2026-04-26 00:11:10] [WARNING] [DMSPipeline] FPS dropped below requirement: 6.90
[2026-04-26 00:11:10] [WARNING] [DMSPipeline] FPS dropped below requirement: 6.89
[2026-04-26 00:11:10] [WARNING] [DMSPipeline] FPS dropped below requirement: 6.86
[2026-04-26 00:11:10] [WARNING] [DMSPipeline] FPS dropped below requirement: 6.81
[2026-04-26 00:11:10] [WARNING] [DMSPipeline] FPS dropped below requirement: 6.81
[2026-04-26 00:11:10] [WARNING] [DMSPipeline] FPS dropped below requirement: 6.79
[2026-04-26 00:11:11] [WARNING] [DMSPipeline] FPS dropped below requirement: 6.87
[2026-04-26 00:11:11] [WARNING] [DMSPipeline] FPS dropped below requirement: 6.78
[2026-04-26 00:11:11] [WARNING] [DMSPipeline] FPS dropped below requirement: 6.71
[2026-04-26 00:11:11] [WARNING] [DMSPipeline] FPS dropped below requirement: 6.67
[2026-04-26 00:11:11] [WARNING] [DMSPipeline] FPS dropped below requirement: 6.73
[2026-04-26 00:11:11] [WARNING] [DMSPipeline] FPS dropped below requirement: 6.66
[2026-04-26 00:11:11] [WARNING] [DMSPipeline] FPS dropped below requirement: 6.74
[2026-04-26 00:11:12] [WARNING] [DMSPipeline] FPS dropped below requirement: 6.73
[2026-04-26 00:11:12] [WARNING] [DMSPipeline] FPS dropped below requirement: 6.70
[2026-04-26 00:11:12] [WARNING] [DMSPipeline] FPS dropped below requirement: 6.73
[2026-04-26 00:11:12] [WARNING] [DMSPipeline] FPS dropped below requirement: 6.73
[2026-04-26 00:11:12] [WARNING] [DMSPipeline] FPS dropped below requirement: 6.71
[2026-04-26 00:11:12] [WARNING] [DMSPipeline] FPS dropped below requirement: 6.77
[2026-04-26 00:11:12] [WARNING] [DMSPipeline] FPS dropped below requirement: 6.80
[2026-04-26 00:11:13] [WARNING] [DMSPipeline] FPS dropped below requirement: 6.78
[2026-04-26 00:11:13] [WARNING] [DMSPipeline] FPS dropped below requirement: 6.82
[2026-04-26 00:11:13] [WARNING] [DMSPipeline] FPS dropped below requirement: 6.84
[2026-04-26 00:11:13] [WARNING] [DMSPipeline] FPS dropped below requirement: 6.81
[2026-04-26 00:11:13] [WARNING] [DMSPipeline] FPS dropped below requirement: 6.82
[2026-04-26 00:11:13] [WARNING] [DMSPipeline] FPS dropped below requirement: 6.77
[2026-04-26 00:11:14] [WARNING] [DMSPipeline] FPS dropped below requirement: 6.72
[2026-04-26 00:11:14] [WARNING] [DMSPipeline] FPS dropped below requirement: 6.68
[2026-04-26 00:11:14] [WARNING] [DMSPipeline] FPS dropped below requirement: 6.64
[2026-04-26 00:11:14] [WARNING] [DMSPipeline] FPS dropped below requirement: 6.67
[2026-04-26 00:11:14] [WARNING] [DMSPipeline] FPS dropped below requirement: 6.70
[2026-04-26 00:11:14] [WARNING] [DMSPipeline] FPS dropped below requirement: 6.70
[2026-04-26 00:11:14] [WARNING] [DMSPipeline] FPS dropped below requirement: 6.75
[2026-04-26 00:11:15] [WARNING] [DMSPipeline] FPS dropped below requirement: 6.80
[2026-04-26 00:11:15] [WARNING] [DMSPipeline] FPS dropped below requirement: 6.81
[2026-04-26 00:11:15] [WARNING] [DMSPipeline] FPS dropped below requirement: 6.80
[2026-04-26 00:11:15] [WARNING] [DMSPipeline] FPS dropped below requirement: 6.88
[2026-04-26 00:11:15] [WARNING] [DMSPipeline] FPS dropped below requirement: 6.94
[2026-04-26 00:11:15] [WARNING] [DMSPipeline] FPS dropped below requirement: 6.95
[2026-04-26 00:11:15] [WARNING] [DMSPipeline] FPS dropped below requirement: 6.96
[2026-04-26 00:11:15] [WARNING] [DMSPipeline] FPS dropped below requirement: 6.98
[2026-04-26 00:11:16] [WARNING] [DMSPipeline] FPS dropped below requirement: 6.98
[2026-04-26 00:11:16] [WARNING] [DMSPipeline] FPS dropped below requirement: 6.96
[2026-04-26 00:11:16] [WARNING] [DMSPipeline] FPS dropped below requirement: 7.00
[2026-04-26 00:11:16] [WARNING] [DMSPipeline] FPS dropped below requirement: 7.03
[2026-04-26 00:11:16] [WARNING] [DMSPipeline] FPS dropped below requirement: 7.00
[2026-04-26 00:11:16] [WARNING] [DMSPipeline] FPS dropped below requirement: 6.99
[2026-04-26 00:11:16] [WARNING] [DMSPipeline] FPS dropped below requirement: 7.02
[2026-04-26 00:11:17] [WARNING] [DMSPipeline] FPS dropped below requirement: 7.03
[2026-04-26 00:11:17] [WARNING] [DMSPipeline] FPS dropped below requirement: 7.05
[2026-04-26 00:11:17] [WARNING] [DMSPipeline] FPS dropped below requirement: 7.05
[2026-04-26 00:11:17] [WARNING] [DMSPipeline] FPS dropped below requirement: 7.06
[2026-04-26 00:11:17] [WARNING] [DMSPipeline] FPS dropped below requirement: 7.09
[2026-04-26 00:11:17] [WARNING] [DMSPipeline] FPS dropped below requirement: 7.05
[2026-04-26 00:11:17] [WARNING] [DMSPipeline] FPS dropped below requirement: 7.13
[2026-04-26 00:11:18] [WARNING] [DMSPipeline] FPS dropped below requirement: 7.12
[2026-04-26 00:11:18] [WARNING] [DMSPipeline] FPS dropped below requirement: 7.09
[2026-04-26 00:11:18] [WARNING] [DMSPipeline] FPS dropped below requirement: 7.11
[2026-04-26 00:11:18] [WARNING] [DMSPipeline] FPS dropped below requirement: 7.08
[2026-04-26 00:11:18] [WARNING] [DMSPipeline] FPS dropped below requirement: 7.08
[2026-04-26 00:11:18] [WARNING] [DMSPipeline] FPS dropped below requirement: 7.08
[2026-04-26 00:11:18] [WARNING] [DMSPipeline] FPS dropped below requirement: 7.11
[2026-04-26 00:11:19] [WARNING] [DMSPipeline] FPS dropped below requirement: 7.10
[2026-04-26 00:11:19] [WARNING] [DMSPipeline] FPS dropped below requirement: 7.09
[2026-04-26 00:11:19] [WARNING] [DMSPipeline] FPS dropped below requirement: 7.08
[2026-04-26 00:11:19] [WARNING] [DMSPipeline] FPS dropped below requirement: 7.02
[2026-04-26 00:11:19] [WARNING] [DMSPipeline] FPS dropped below requirement: 6.99
[2026-04-26 00:11:19] [WARNING] [DMSPipeline] FPS dropped below requirement: 7.03
[2026-04-26 00:11:19] [WARNING] [DMSPipeline] FPS dropped below requirement: 6.99
[2026-04-26 00:11:20] [WARNING] [DMSPipeline] FPS dropped below requirement: 7.01
[2026-04-26 00:11:20] [WARNING] [DMSPipeline] FPS dropped below requirement: 7.02
[2026-04-26 00:11:20] [WARNING] [DMSPipeline] FPS dropped below requirement: 7.05
[2026-04-26 00:11:20] [WARNING] [DMSPipeline] FPS dropped below requirement: 7.02
[2026-04-26 00:11:20] [WARNING] [DMSPipeline] FPS dropped below requirement: 7.00
[2026-04-26 00:11:20] [WARNING] [DMSPipeline] FPS dropped below requirement: 6.98
[2026-04-26 00:11:20] [WARNING] [DMSPipeline] FPS dropped below requirement: 6.97
[2026-04-26 00:11:21] [WARNING] [DMSPipeline] FPS dropped below requirement: 6.95
[2026-04-26 00:11:21] [WARNING] [DMSPipeline] FPS dropped below requirement: 6.95
[2026-04-26 00:11:21] [WARNING] [DMSPipeline] FPS dropped below requirement: 6.96
[2026-04-26 00:11:21] [WARNING] [DMSPipeline] FPS dropped below requirement: 6.97
[2026-04-26 00:11:21] [INFO] [VideoCapture] Camera released.
[2026-04-26 00:11:21] [INFO] [DMSPipeline] System shutdown
[2026-04-26 00:11:21] [INFO] [DMSPipeline] System shutdown
[2026-04-26 00:12:53] [INFO] [Main] Initializing Driver Monitoring System...
[2026-04-26 00:12:53] [INFO] [VideoCapture] Opening video source: data/dataset.mp4 ...
[2026-04-26 00:12:53] [INFO] [VideoCapture] Source opened successfully: data/dataset.mp4
[2026-04-26 00:12:53] [INFO] [DMSPipeline] Capture loop started. Press 'q' to quit.
[2026-04-26 00:12:54] [WARNING] [DMSPipeline] FPS dropped below requirement: 0.00
[2026-04-26 00:12:54] [WARNING] [DMSPipeline] FPS dropped below requirement: 4.71
[2026-04-26 00:12:54] [WARNING] [DMSPipeline] FPS dropped below requirement: 5.46
[2026-04-26 00:12:54] [WARNING] [DMSPipeline] FPS dropped below requirement: 6.12
[2026-04-26 00:12:54] [WARNING] [DMSPipeline] FPS dropped below requirement: 6.37
[2026-04-26 00:12:54] [WARNING] [DMSPipeline] FPS dropped below requirement: 6.52
[2026-04-26 00:12:55] [WARNING] [DMSPipeline] FPS dropped below requirement: 6.67
[2026-04-26 00:12:55] [WARNING] [DMSPipeline] FPS dropped below requirement: 6.62
[2026-04-26 00:12:55] [WARNING] [DMSPipeline] FPS dropped below requirement: 6.67
[2026-04-26 00:12:55] [WARNING] [DMSPipeline] FPS dropped below requirement: 6.73
[2026-04-26 00:12:55] [WARNING] [DMSPipeline] FPS dropped below requirement: 6.54
[2026-04-26 00:12:55] [WARNING] [DMSPipeline] FPS dropped below requirement: 6.54
[2026-04-26 00:12:55] [WARNING] [DMSPipeline] FPS dropped below requirement: 6.61
[2026-04-26 00:12:56] [WARNING] [DMSPipeline] FPS dropped below requirement: 6.69
[2026-04-26 00:12:56] [WARNING] [DMSPipeline] FPS dropped below requirement: 6.75
[2026-04-26 00:12:56] [WARNING] [DMSPipeline] FPS dropped below requirement: 6.84
[2026-04-26 00:12:56] [WARNING] [DMSPipeline] FPS dropped below requirement: 6.87
[2026-04-26 00:12:56] [WARNING] [DMSPipeline] FPS dropped below requirement: 6.93
[2026-04-26 00:12:56] [WARNING] [DMSPipeline] FPS dropped below requirement: 6.89
[2026-04-26 00:12:56] [WARNING] [DMSPipeline] FPS dropped below requirement: 6.92
[2026-04-26 00:12:56] [WARNING] [DMSPipeline] FPS dropped below requirement: 6.92
[2026-04-26 00:12:57] [WARNING] [DMSPipeline] FPS dropped below requirement: 6.92
[2026-04-26 00:12:57] [WARNING] [DMSPipeline] FPS dropped below requirement: 6.96
[2026-04-26 00:12:57] [WARNING] [DMSPipeline] FPS dropped below requirement: 6.98
[2026-04-26 00:12:57] [WARNING] [DMSPipeline] FPS dropped below requirement: 7.00
[2026-04-26 00:12:57] [WARNING] [DMSPipeline] FPS dropped below requirement: 7.02
[2026-04-26 00:12:57] [WARNING] [DMSPipeline] FPS dropped below requirement: 7.03
[2026-04-26 00:12:57] [WARNING] [DMSPipeline] FPS dropped below requirement: 7.05
[2026-04-26 00:12:58] [WARNING] [DMSPipeline] FPS dropped below requirement: 7.07
[2026-04-26 00:12:58] [WARNING] [DMSPipeline] FPS dropped below requirement: 7.07
[2026-04-26 00:12:58] [WARNING] [DMSPipeline] FPS dropped below requirement: 7.24
[2026-04-26 00:12:58] [WARNING] [DMSPipeline] FPS dropped below requirement: 7.30
[2026-04-26 00:12:58] [WARNING] [DMSPipeline] FPS dropped below requirement: 7.25
[2026-04-26 00:12:58] [WARNING] [DMSPipeline] FPS dropped below requirement: 7.26
[2026-04-26 00:12:58] [WARNING] [DMSPipeline] FPS dropped below requirement: 7.25
[2026-04-26 00:12:59] [WARNING] [DMSPipeline] FPS dropped below requirement: 7.24
[2026-04-26 00:12:59] [WARNING] [DMSPipeline] FPS dropped below requirement: 7.29
[2026-04-26 00:12:59] [WARNING] [DMSPipeline] FPS dropped below requirement: 7.29
[2026-04-26 00:12:59] [WARNING] [DMSPipeline] FPS dropped below requirement: 7.28
[2026-04-26 00:12:59] [WARNING] [DMSPipeline] FPS dropped below requirement: 7.39
[2026-04-26 00:12:59] [WARNING] [DMSPipeline] FPS dropped below requirement: 7.43
[2026-04-26 00:12:59] [WARNING] [DMSPipeline] FPS dropped below requirement: 7.42
[2026-04-26 00:12:59] [WARNING] [DMSPipeline] FPS dropped below requirement: 7.41
[2026-04-26 00:13:00] [WARNING] [DMSPipeline] FPS dropped below requirement: 7.40
[2026-04-26 00:13:00] [WARNING] [DMSPipeline] FPS dropped below requirement: 7.36
[2026-04-26 00:13:00] [WARNING] [DMSPipeline] FPS dropped below requirement: 7.35
[2026-04-26 00:13:00] [WARNING] [DMSPipeline] FPS dropped below requirement: 7.29
[2026-04-26 00:13:00] [WARNING] [DMSPipeline] FPS dropped below requirement: 7.32
[2026-04-26 00:13:00] [WARNING] [DMSPipeline] FPS dropped below requirement: 7.30
[2026-04-26 00:13:00] [WARNING] [DMSPipeline] FPS dropped below requirement: 7.31
[2026-04-26 00:13:01] [WARNING] [DMSPipeline] FPS dropped below requirement: 7.31
[2026-04-26 00:13:01] [WARNING] [DMSPipeline] FPS dropped below requirement: 7.31
[2026-04-26 00:13:01] [WARNING] [DMSPipeline] FPS dropped below requirement: 7.23
[2026-04-26 00:13:01] [WARNING] [DMSPipeline] FPS dropped below requirement: 7.24
[2026-04-26 00:13:01] [WARNING] [DMSPipeline] FPS dropped below requirement: 7.24
[2026-04-26 00:13:01] [WARNING] [DMSPipeline] FPS dropped below requirement: 7.24
[2026-04-26 00:13:01] [WARNING] [DMSPipeline] FPS dropped below requirement: 7.24
[2026-04-26 00:13:02] [WARNING] [DMSPipeline] FPS dropped below requirement: 7.24
[2026-04-26 00:13:02] [WARNING] [DMSPipeline] FPS dropped below requirement: 7.22
[2026-04-26 00:13:02] [WARNING] [DMSPipeline] FPS dropped below requirement: 7.18
[2026-04-26 00:13:02] [WARNING] [DMSPipeline] FPS dropped below requirement: 7.16
[2026-04-26 00:13:02] [WARNING] [DMSPipeline] FPS dropped below requirement: 7.16
[2026-04-26 00:13:02] [WARNING] [DMSPipeline] FPS dropped below requirement: 7.15
[2026-04-26 00:13:02] [WARNING] [DMSPipeline] FPS dropped below requirement: 7.17
[2026-04-26 00:13:03] [WARNING] [DMSPipeline] FPS dropped below requirement: 7.19
[2026-04-26 00:13:03] [WARNING] [DMSPipeline] FPS dropped below requirement: 7.15
[2026-04-26 00:13:03] [WARNING] [DMSPipeline] FPS dropped below requirement: 7.18
[2026-04-26 00:13:03] [WARNING] [DMSPipeline] FPS dropped below requirement: 7.16
[2026-04-26 00:13:03] [WARNING] [DMSPipeline] FPS dropped below requirement: 7.14
[2026-04-26 00:13:03] [WARNING] [DMSPipeline] FPS dropped below requirement: 7.16
[2026-04-26 00:13:03] [WARNING] [DMSPipeline] FPS dropped below requirement: 7.17
[2026-04-26 00:13:04] [WARNING] [DMSPipeline] FPS dropped below requirement: 7.15
[2026-04-26 00:13:04] [WARNING] [DMSPipeline] FPS dropped below requirement: 7.10
[2026-04-26 00:13:04] [WARNING] [DMSPipeline] FPS dropped below requirement: 7.09
[2026-04-26 00:13:04] [WARNING] [DMSPipeline] FPS dropped below requirement: 7.07
[2026-04-26 00:13:04] [WARNING] [DMSPipeline] FPS dropped below requirement: 7.06
[2026-04-26 00:13:04] [WARNING] [DMSPipeline] FPS dropped below requirement: 7.08
[2026-04-26 00:13:04] [WARNING] [DMSPipeline] FPS dropped below requirement: 7.11
[2026-04-26 00:13:05] [WARNING] [DMSPipeline] FPS dropped below requirement: 7.10
[2026-04-26 00:13:05] [WARNING] [DMSPipeline] FPS dropped below requirement: 7.02
[2026-04-26 00:13:05] [WARNING] [DMSPipeline] FPS dropped below requirement: 6.98
[2026-04-26 00:13:05] [WARNING] [DMSPipeline] FPS dropped below requirement: 7.04
[2026-04-26 00:13:05] [WARNING] [DMSPipeline] FPS dropped below requirement: 7.02
[2026-04-26 00:13:05] [WARNING] [DMSPipeline] FPS dropped below requirement: 7.01
[2026-04-26 00:13:05] [WARNING] [DMSPipeline] FPS dropped below requirement: 6.99
[2026-04-26 00:13:06] [WARNING] [DMSPipeline] FPS dropped below requirement: 6.94
[2026-04-26 00:13:06] [WARNING] [DMSPipeline] FPS dropped below requirement: 6.91
[2026-04-26 00:13:06] [WARNING] [DMSPipeline] FPS dropped below requirement: 6.94
[2026-04-26 00:13:06] [WARNING] [DMSPipeline] FPS dropped below requirement: 6.98
[2026-04-26 00:13:06] [WARNING] [DMSPipeline] FPS dropped below requirement: 6.96
[2026-04-26 00:13:06] [WARNING] [DMSPipeline] FPS dropped below requirement: 6.99
[2026-04-26 00:13:06] [WARNING] [DMSPipeline] FPS dropped below requirement: 7.02
[2026-04-26 00:13:07] [WARNING] [DMSPipeline] FPS dropped below requirement: 6.99
[2026-04-26 00:13:07] [WARNING] [DMSPipeline] FPS dropped below requirement: 6.95
[2026-04-26 00:13:07] [WARNING] [DMSPipeline] FPS dropped below requirement: 6.97
[2026-04-26 00:13:07] [WARNING] [DMSPipeline] FPS dropped below requirement: 6.95
[2026-04-26 00:13:07] [WARNING] [DMSPipeline] FPS dropped below requirement: 6.98
[2026-04-26 00:13:07] [WARNING] [DMSPipeline] FPS dropped below requirement: 6.99
[2026-04-26 00:13:07] [WARNING] [DMSPipeline] FPS dropped below requirement: 6.97
[2026-04-26 00:13:08] [WARNING] [DMSPipeline] FPS dropped below requirement: 6.94
[2026-04-26 00:13:08] [WARNING] [DMSPipeline] FPS dropped below requirement: 6.92
[2026-04-26 00:13:08] [WARNING] [DMSPipeline] FPS dropped below requirement: 6.94
[2026-04-26 00:13:08] [WARNING] [DMSPipeline] FPS dropped below requirement: 6.96
[2026-04-26 00:13:08] [WARNING] [DMSPipeline] FPS dropped below requirement: 6.99
[2026-04-26 00:13:08] [WARNING] [DMSPipeline] FPS dropped below requirement: 6.94
[2026-04-26 00:13:08] [WARNING] [DMSPipeline] FPS dropped below requirement: 6.90
[2026-04-26 00:13:09] [WARNING] [DMSPipeline] FPS dropped below requirement: 6.87
[2026-04-26 00:13:09] [WARNING] [DMSPipeline] FPS dropped below requirement: 6.88
[2026-04-26 00:13:09] [WARNING] [DMSPipeline] FPS dropped below requirement: 6.95
[2026-04-26 00:13:09] [WARNING] [DMSPipeline] FPS dropped below requirement: 7.01
[2026-04-26 00:13:09] [WARNING] [DMSPipeline] FPS dropped below requirement: 7.00
[2026-04-26 00:13:09] [WARNING] [DMSPipeline] FPS dropped below requirement: 7.00
[2026-04-26 00:13:09] [WARNING] [DMSPipeline] FPS dropped below requirement: 6.97
[2026-04-26 00:13:10] [WARNING] [DMSPipeline] FPS dropped below requirement: 6.97
[2026-04-26 00:13:10] [WARNING] [DMSPipeline] FPS dropped below requirement: 7.01
[2026-04-26 00:13:10] [WARNING] [DMSPipeline] FPS dropped below requirement: 7.02
[2026-04-26 00:13:10] [WARNING] [DMSPipeline] FPS dropped below requirement: 7.03
[2026-04-26 00:13:10] [WARNING] [DMSPipeline] FPS dropped below requirement: 7.02
[2026-04-26 00:13:10] [WARNING] [DMSPipeline] FPS dropped below requirement: 6.94
[2026-04-26 00:13:10] [WARNING] [DMSPipeline] FPS dropped below requirement: 6.93
[2026-04-26 00:13:11] [WARNING] [DMSPipeline] FPS dropped below requirement: 6.89
[2026-04-26 00:13:11] [WARNING] [DMSPipeline] FPS dropped below requirement: 6.91
[2026-04-26 00:13:11] [WARNING] [DMSPipeline] FPS dropped below requirement: 6.91
[2026-04-26 00:13:11] [WARNING] [DMSPipeline] FPS dropped below requirement: 6.92
[2026-04-26 00:13:11] [WARNING] [DMSPipeline] FPS dropped below requirement: 6.93
[2026-04-26 00:13:11] [WARNING] [DMSPipeline] FPS dropped below requirement: 6.85
[2026-04-26 00:13:12] [WARNING] [DMSPipeline] FPS dropped below requirement: 6.86
[2026-04-26 00:13:12] [WARNING] [DMSPipeline] FPS dropped below requirement: 6.85
[2026-04-26 00:13:12] [WARNING] [DMSPipeline] FPS dropped below requirement: 6.86
[2026-04-26 00:13:12] [WARNING] [DMSPipeline] FPS dropped below requirement: 6.88
[2026-04-26 00:13:12] [WARNING] [DMSPipeline] FPS dropped below requirement: 6.89
[2026-04-26 00:13:12] [WARNING] [DMSPipeline] FPS dropped below requirement: 6.88
[2026-04-26 00:13:12] [WARNING] [DMSPipeline] FPS dropped below requirement: 6.88
[2026-04-26 00:13:13] [WARNING] [DMSPipeline] FPS dropped below requirement: 6.97
[2026-04-26 00:13:13] [WARNING] [DMSPipeline] FPS dropped below requirement: 6.95
[2026-04-26 00:13:13] [WARNING] [DMSPipeline] FPS dropped below requirement: 6.96
[2026-04-26 00:13:13] [WARNING] [DMSPipeline] FPS dropped below requirement: 6.94
[2026-04-26 00:13:13] [WARNING] [DMSPipeline] FPS dropped below requirement: 6.96
[2026-04-26 00:13:13] [WARNING] [DMSPipeline] FPS dropped below requirement: 6.92
[2026-04-26 00:13:13] [WARNING] [DMSPipeline] FPS dropped below requirement: 6.90
[2026-04-26 00:13:13] [WARNING] [DMSPipeline] FPS dropped below requirement: 6.93
[2026-04-26 00:13:14] [WARNING] [DMSPipeline] FPS dropped below requirement: 6.94
[2026-04-26 00:13:14] [WARNING] [DMSPipeline] FPS dropped below requirement: 6.95
[2026-04-26 00:13:14] [WARNING] [DMSPipeline] FPS dropped below requirement: 6.96
[2026-04-26 00:13:14] [WARNING] [DMSPipeline] FPS dropped below requirement: 6.94
[2026-04-26 00:13:14] [WARNING] [DMSPipeline] FPS dropped below requirement: 6.91
[2026-04-26 00:13:14] [WARNING] [DMSPipeline] FPS dropped below requirement: 6.85
[2026-04-26 00:13:15] [WARNING] [DMSPipeline] FPS dropped below requirement: 6.95
[2026-04-26 00:13:15] [WARNING] [DMSPipeline] FPS dropped below requirement: 6.96
[2026-04-26 00:13:15] [WARNING] [DMSPipeline] FPS dropped below requirement: 6.96
[2026-04-26 00:13:15] [WARNING] [DMSPipeline] FPS dropped below requirement: 6.97
[2026-04-26 00:13:15] [WARNING] [DMSPipeline] FPS dropped below requirement: 6.96
[2026-04-26 00:13:15] [WARNING] [DMSPipeline] FPS dropped below requirement: 6.96
[2026-04-26 00:13:15] [WARNING] [DMSPipeline] FPS dropped below requirement: 6.97
[2026-04-26 00:13:15] [WARNING] [DMSPipeline] FPS dropped below requirement: 7.01
[2026-04-26 00:13:16] [WARNING] [DMSPipeline] FPS dropped below requirement: 7.02
[2026-04-26 00:13:16] [WARNING] [DMSPipeline] FPS dropped below requirement: 7.03
[2026-04-26 00:13:16] [WARNING] [DMSPipeline] FPS dropped below requirement: 6.98
[2026-04-26 00:13:16] [WARNING] [DMSPipeline] FPS dropped below requirement: 6.98
[2026-04-26 00:13:16] [WARNING] [DMSPipeline] FPS dropped below requirement: 6.99
[2026-04-26 00:13:16] [WARNING] [DMSPipeline] FPS dropped below requirement: 7.00
[2026-04-26 00:13:17] [WARNING] [DMSPipeline] FPS dropped below requirement: 6.95
[2026-04-26 00:13:17] [WARNING] [DMSPipeline] FPS dropped below requirement: 6.96
[2026-04-26 00:13:17] [WARNING] [DMSPipeline] FPS dropped below requirement: 7.03
[2026-04-26 00:13:17] [WARNING] [DMSPipeline] FPS dropped below requirement: 7.04
[2026-04-26 00:13:17] [WARNING] [DMSPipeline] FPS dropped below requirement: 7.07
[2026-04-26 00:13:17] [WARNING] [DMSPipeline] FPS dropped below requirement: 7.05
[2026-04-26 00:13:17] [WARNING] [DMSPipeline] FPS dropped below requirement: 7.06
[2026-04-26 00:13:17] [WARNING] [DMSPipeline] FPS dropped below requirement: 7.07
[2026-04-26 00:13:18] [WARNING] [DMSPipeline] FPS dropped below requirement: 7.04
[2026-04-26 00:13:18] [WARNING] [DMSPipeline] FPS dropped below requirement: 7.05
[2026-04-26 00:13:18] [WARNING] [DMSPipeline] FPS dropped below requirement: 7.06
[2026-04-26 00:13:18] [WARNING] [DMSPipeline] FPS dropped below requirement: 7.04
[2026-04-26 00:13:18] [WARNING] [DMSPipeline] FPS dropped below requirement: 7.06
[2026-04-26 00:13:18] [WARNING] [DMSPipeline] FPS dropped below requirement: 7.05
[2026-04-26 00:13:18] [WARNING] [DMSPipeline] FPS dropped below requirement: 7.08
[2026-04-26 00:13:19] [WARNING] [DMSPipeline] FPS dropped below requirement: 7.08
[2026-04-26 00:13:19] [WARNING] [DMSPipeline] FPS dropped below requirement: 7.07
[2026-04-26 00:13:19] [WARNING] [DMSPipeline] FPS dropped below requirement: 7.07
[2026-04-26 00:13:19] [WARNING] [DMSPipeline] FPS dropped below requirement: 7.04
[2026-04-26 00:13:19] [WARNING] [DMSPipeline] FPS dropped below requirement: 6.89
[2026-04-26 00:13:19] [WARNING] [DMSPipeline] FPS dropped below requirement: 6.88
[2026-04-26 00:13:20] [WARNING] [DMSPipeline] FPS dropped below requirement: 6.86
[2026-04-26 00:13:20] [WARNING] [DMSPipeline] FPS dropped below requirement: 6.86
[2026-04-26 00:13:20] [WARNING] [DMSPipeline] FPS dropped below requirement: 6.78
[2026-04-26 00:13:20] [WARNING] [DMSPipeline] FPS dropped below requirement: 6.71
[2026-04-26 00:13:20] [WARNING] [DMSPipeline] FPS dropped below requirement: 6.76
[2026-04-26 00:13:21] [WARNING] [DMSPipeline] FPS dropped below requirement: 6.47
[2026-04-26 00:13:21] [WARNING] [DMSPipeline] FPS dropped below requirement: 6.41
[2026-04-26 00:13:21] [WARNING] [DMSPipeline] FPS dropped below requirement: 6.42
[2026-04-26 00:13:21] [WARNING] [DMSPipeline] FPS dropped below requirement: 6.45
[2026-04-26 00:13:21] [WARNING] [DMSPipeline] FPS dropped below requirement: 6.43
[2026-04-26 00:13:21] [WARNING] [DMSPipeline] FPS dropped below requirement: 6.40
[2026-04-26 00:13:21] [WARNING] [DMSPipeline] FPS dropped below requirement: 6.36
[2026-04-26 00:13:22] [WARNING] [DMSPipeline] FPS dropped below requirement: 6.34
[2026-04-26 00:13:22] [WARNING] [DMSPipeline] FPS dropped below requirement: 6.34
[2026-04-26 00:13:22] [WARNING] [DMSPipeline] FPS dropped below requirement: 6.37
[2026-04-26 00:13:22] [WARNING] [DMSPipeline] FPS dropped below requirement: 6.33
[2026-04-26 00:13:22] [WARNING] [DMSPipeline] FPS dropped below requirement: 6.34
[2026-04-26 00:13:22] [WARNING] [DMSPipeline] FPS dropped below requirement: 6.30
[2026-04-26 00:13:23] [WARNING] [DMSPipeline] FPS dropped below requirement: 6.24
[2026-04-26 00:13:23] [WARNING] [DMSPipeline] FPS dropped below requirement: 6.25
[2026-04-26 00:13:23] [WARNING] [DMSPipeline] FPS dropped below requirement: 6.24
[2026-04-26 00:13:23] [WARNING] [DMSPipeline] FPS dropped below requirement: 6.28
[2026-04-26 00:13:23] [WARNING] [DMSPipeline] FPS dropped below requirement: 6.27
[2026-04-26 00:13:23] [WARNING] [DMSPipeline] FPS dropped below requirement: 6.27
[2026-04-26 00:13:23] [WARNING] [DMSPipeline] FPS dropped below requirement: 6.23
[2026-04-26 00:13:24] [WARNING] [DMSPipeline] FPS dropped below requirement: 6.25
[2026-04-26 00:13:24] [WARNING] [DMSPipeline] FPS dropped below requirement: 6.27
[2026-04-26 00:13:24] [WARNING] [DMSPipeline] FPS dropped below requirement: 6.43
[2026-04-26 00:13:24] [WARNING] [DMSPipeline] FPS dropped below requirement: 6.40
[2026-04-26 00:13:24] [WARNING] [DMSPipeline] FPS dropped below requirement: 6.40
[2026-04-26 00:13:24] [WARNING] [DMSPipeline] FPS dropped below requirement: 6.47
[2026-04-26 00:13:24] [WARNING] [DMSPipeline] FPS dropped below requirement: 6.54
[2026-04-26 00:13:25] [WARNING] [DMSPipeline] FPS dropped below requirement: 6.54
[2026-04-26 00:13:25] [WARNING] [DMSPipeline] FPS dropped below requirement: 6.53
[2026-04-26 00:13:25] [WARNING] [DMSPipeline] FPS dropped below requirement: 6.82
[2026-04-26 00:13:25] [WARNING] [DMSPipeline] FPS dropped below requirement: 6.82
[2026-04-26 00:13:25] [WARNING] [DMSPipeline] FPS dropped below requirement: 6.83
[2026-04-26 00:13:25] [WARNING] [DMSPipeline] FPS dropped below requirement: 6.85
[2026-04-26 00:13:25] [WARNING] [DMSPipeline] FPS dropped below requirement: 6.87
[2026-04-26 00:13:26] [WARNING] [DMSPipeline] FPS dropped below requirement: 6.89
[2026-04-26 00:13:26] [WARNING] [DMSPipeline] FPS dropped below requirement: 6.94
[2026-04-26 00:13:26] [WARNING] [DMSPipeline] FPS dropped below requirement: 6.93
[2026-04-26 00:13:26] [WARNING] [DMSPipeline] FPS dropped below requirement: 6.94
[2026-04-26 00:13:26] [WARNING] [DMSPipeline] FPS dropped below requirement: 6.90
[2026-04-26 00:13:26] [WARNING] [DMSPipeline] FPS dropped below requirement: 6.94
[2026-04-26 00:13:26] [WARNING] [DMSPipeline] FPS dropped below requirement: 6.97
[2026-04-26 00:13:27] [WARNING] [DMSPipeline] FPS dropped below requirement: 6.99
[2026-04-26 00:13:27] [WARNING] [DMSPipeline] FPS dropped below requirement: 7.03
[2026-04-26 00:13:27] [WARNING] [DMSPipeline] FPS dropped below requirement: 7.05
[2026-04-26 00:13:27] [WARNING] [DMSPipeline] FPS dropped below requirement: 7.05
[2026-04-26 00:13:27] [WARNING] [DMSPipeline] FPS dropped below requirement: 7.06
[2026-04-26 00:13:27] [WARNING] [DMSPipeline] FPS dropped below requirement: 6.85
[2026-04-26 00:13:28] [WARNING] [DMSPipeline] FPS dropped below requirement: 6.84
[2026-04-26 00:13:28] [WARNING] [DMSPipeline] FPS dropped below requirement: 6.60
[2026-04-26 00:13:28] [WARNING] [DMSPipeline] FPS dropped below requirement: 6.48
[2026-04-26 00:13:28] [WARNING] [DMSPipeline] FPS dropped below requirement: 6.17
[2026-04-26 00:13:29] [WARNING] [DMSPipeline] FPS dropped below requirement: 6.18
[2026-04-26 00:13:29] [INFO] [VideoCapture] Camera released.
[2026-04-26 00:13:29] [INFO] [DMSPipeline] System shutdown
[2026-04-26 00:13:29] [INFO] [DMSPipeline] System shutdown
[2026-04-30 11:53:11] [INFO] [Main] Initializing Driver Monitoring System...
[2026-04-30 11:54:50] [INFO] [Main] Initializing Driver Monitoring System...
[2026-04-30 11:54:50] [INFO] [VideoCapture] Opening video source: data/dataset.mp4 ...
[2026-04-30 11:54:51] [INFO] [VideoCapture] Source opened successfully: data/dataset.mp4
[2026-04-30 11:54:51] [INFO] [DMSPipeline] Capture loop started. Press 'q' to quit.
[2026-04-30 11:54:51] [INFO] [VideoCapture] Camera released.
[2026-04-30 11:54:51] [INFO] [DMSPipeline] System shutdown
[2026-04-30 11:54:51] [INFO] [DMSPipeline] System shutdown
[2026-04-30 11:55:51] [INFO] [Main] Initializing Driver Monitoring System...
[2026-04-30 11:55:51] [INFO] [VideoCapture] Opening video source: data/dataset.mp4 ...
[2026-04-30 11:55:51] [INFO] [VideoCapture] Source opened successfully: data/dataset.mp4
[2026-04-30 11:55:51] [INFO] [DMSPipeline] Capture loop started. Press 'q' to quit.
[2026-04-30 11:55:52] [WARNING] [DMSPipeline] FPS dropped below requirement: 0.00
[2026-04-30 11:55:52] [WARNING] [DMSPipeline] FPS dropped below requirement: 4.48
[2026-04-30 11:55:52] [WARNING] [DMSPipeline] FPS dropped below requirement: 5.64
[2026-04-30 11:55:52] [WARNING] [DMSPipeline] FPS dropped below requirement: 6.22
[2026-04-30 11:55:52] [WARNING] [DMSPipeline] FPS dropped below requirement: 6.55
[2026-04-30 11:55:52] [WARNING] [DMSPipeline] FPS dropped below requirement: 6.72
[2026-04-30 11:55:52] [WARNING] [DMSPipeline] FPS dropped below requirement: 6.84
[2026-04-30 11:55:53] [WARNING] [DMSPipeline] FPS dropped below requirement: 6.94
[2026-04-30 11:55:53] [WARNING] [DMSPipeline] FPS dropped below requirement: 7.08
[2026-04-30 11:55:53] [WARNING] [DMSPipeline] FPS dropped below requirement: 7.13
[2026-04-30 11:55:53] [WARNING] [DMSPipeline] FPS dropped below requirement: 7.17
[2026-04-30 11:55:53] [WARNING] [DMSPipeline] FPS dropped below requirement: 7.22
[2026-04-30 11:55:53] [WARNING] [DMSPipeline] FPS dropped below requirement: 7.22
[2026-04-30 11:55:53] [WARNING] [DMSPipeline] FPS dropped below requirement: 7.28
[2026-04-30 11:55:53] [WARNING] [DMSPipeline] FPS dropped below requirement: 7.33
[2026-04-30 11:55:54] [WARNING] [DMSPipeline] FPS dropped below requirement: 7.37
[2026-04-30 11:55:54] [WARNING] [DMSPipeline] FPS dropped below requirement: 7.32
[2026-04-30 11:55:54] [WARNING] [DMSPipeline] FPS dropped below requirement: 7.20
[2026-04-30 11:55:54] [WARNING] [DMSPipeline] FPS dropped below requirement: 7.24
[2026-04-30 11:55:54] [WARNING] [DMSPipeline] FPS dropped below requirement: 7.26
[2026-04-30 11:55:54] [WARNING] [DMSPipeline] FPS dropped below requirement: 7.31
[2026-04-30 11:55:54] [WARNING] [DMSPipeline] FPS dropped below requirement: 7.34
[2026-04-30 11:55:55] [WARNING] [DMSPipeline] FPS dropped below requirement: 7.30
[2026-04-30 11:55:55] [WARNING] [DMSPipeline] FPS dropped below requirement: 7.34
[2026-04-30 11:55:55] [WARNING] [DMSPipeline] FPS dropped below requirement: 7.36
[2026-04-30 11:55:55] [WARNING] [DMSPipeline] FPS dropped below requirement: 7.37
[2026-04-30 11:55:55] [WARNING] [DMSPipeline] FPS dropped below requirement: 7.39
[2026-04-30 11:55:55] [WARNING] [DMSPipeline] FPS dropped below requirement: 7.40
[2026-04-30 11:55:55] [WARNING] [DMSPipeline] FPS dropped below requirement: 7.42
[2026-04-30 11:55:55] [WARNING] [DMSPipeline] FPS dropped below requirement: 7.40
[2026-04-30 11:55:56] [WARNING] [DMSPipeline] FPS dropped below requirement: 7.58
[2026-04-30 11:55:56] [WARNING] [DMSPipeline] FPS dropped below requirement: 7.58
[2026-04-30 11:55:56] [WARNING] [DMSPipeline] FPS dropped below requirement: 7.56
[2026-04-30 11:55:56] [WARNING] [DMSPipeline] FPS dropped below requirement: 7.55
[2026-04-30 11:55:56] [WARNING] [DMSPipeline] FPS dropped below requirement: 7.55
[2026-04-30 11:55:56] [WARNING] [DMSPipeline] FPS dropped below requirement: 7.57
[2026-04-30 11:55:56] [WARNING] [DMSPipeline] FPS dropped below requirement: 7.58
[2026-04-30 11:55:57] [WARNING] [DMSPipeline] FPS dropped below requirement: 7.57
[2026-04-30 11:55:57] [WARNING] [DMSPipeline] FPS dropped below requirement: 7.56
[2026-04-30 11:55:57] [WARNING] [DMSPipeline] FPS dropped below requirement: 7.54
[2026-04-30 11:55:57] [WARNING] [DMSPipeline] FPS dropped below requirement: 7.55
[2026-04-30 11:55:57] [WARNING] [DMSPipeline] FPS dropped below requirement: 7.55
[2026-04-30 11:55:57] [WARNING] [DMSPipeline] FPS dropped below requirement: 7.54
[2026-04-30 11:55:57] [WARNING] [DMSPipeline] FPS dropped below requirement: 7.55
[2026-04-30 11:55:57] [WARNING] [DMSPipeline] FPS dropped below requirement: 7.54
[2026-04-30 11:55:58] [WARNING] [DMSPipeline] FPS dropped below requirement: 7.59
[2026-04-30 11:55:58] [WARNING] [DMSPipeline] FPS dropped below requirement: 7.66
[2026-04-30 11:55:58] [WARNING] [DMSPipeline] FPS dropped below requirement: 7.66
[2026-04-30 11:55:58] [WARNING] [DMSPipeline] FPS dropped below requirement: 7.65
[2026-04-30 11:55:58] [WARNING] [DMSPipeline] FPS dropped below requirement: 7.64
[2026-04-30 11:55:58] [WARNING] [DMSPipeline] FPS dropped below requirement: 7.61
[2026-04-30 11:55:58] [WARNING] [DMSPipeline] FPS dropped below requirement: 7.66
[2026-04-30 11:55:58] [WARNING] [DMSPipeline] FPS dropped below requirement: 7.65
[2026-04-30 11:55:59] [WARNING] [DMSPipeline] FPS dropped below requirement: 7.66
[2026-04-30 11:55:59] [WARNING] [DMSPipeline] FPS dropped below requirement: 7.64
[2026-04-30 11:55:59] [WARNING] [DMSPipeline] FPS dropped below requirement: 7.65
[2026-04-30 11:55:59] [WARNING] [DMSPipeline] FPS dropped below requirement: 7.65
[2026-04-30 11:55:59] [WARNING] [DMSPipeline] FPS dropped below requirement: 7.65
[2026-04-30 11:55:59] [WARNING] [DMSPipeline] FPS dropped below requirement: 7.65
[2026-04-30 11:55:59] [WARNING] [DMSPipeline] FPS dropped below requirement: 7.66
[2026-04-30 11:56:00] [WARNING] [DMSPipeline] FPS dropped below requirement: 7.65
[2026-04-30 11:56:00] [WARNING] [DMSPipeline] FPS dropped below requirement: 7.68
[2026-04-30 11:56:00] [WARNING] [DMSPipeline] FPS dropped below requirement: 7.67
[2026-04-30 11:56:00] [WARNING] [DMSPipeline] FPS dropped below requirement: 7.67
[2026-04-30 11:56:00] [WARNING] [DMSPipeline] FPS dropped below requirement: 7.65
[2026-04-30 11:56:00] [WARNING] [DMSPipeline] FPS dropped below requirement: 7.63
[2026-04-30 11:56:00] [WARNING] [DMSPipeline] FPS dropped below requirement: 7.63
[2026-04-30 11:56:00] [WARNING] [DMSPipeline] FPS dropped below requirement: 7.64
[2026-04-30 11:56:01] [WARNING] [DMSPipeline] FPS dropped below requirement: 7.68
[2026-04-30 11:56:01] [WARNING] [DMSPipeline] FPS dropped below requirement: 7.64
[2026-04-30 11:56:01] [WARNING] [DMSPipeline] FPS dropped below requirement: 7.68
[2026-04-30 11:56:01] [WARNING] [DMSPipeline] FPS dropped below requirement: 7.68
[2026-04-30 11:56:01] [WARNING] [DMSPipeline] FPS dropped below requirement: 7.67
[2026-04-30 11:56:01] [WARNING] [DMSPipeline] FPS dropped below requirement: 7.65
[2026-04-30 11:56:01] [WARNING] [DMSPipeline] FPS dropped below requirement: 7.65
[2026-04-30 11:56:01] [WARNING] [DMSPipeline] FPS dropped below requirement: 7.67
[2026-04-30 11:56:02] [WARNING] [DMSPipeline] FPS dropped below requirement: 7.67
[2026-04-30 11:56:02] [WARNING] [DMSPipeline] FPS dropped below requirement: 7.70
[2026-04-30 11:56:02] [WARNING] [DMSPipeline] FPS dropped below requirement: 7.68
[2026-04-30 11:56:02] [WARNING] [DMSPipeline] FPS dropped below requirement: 7.66
[2026-04-30 11:56:02] [WARNING] [DMSPipeline] FPS dropped below requirement: 7.69
[2026-04-30 11:56:02] [WARNING] [DMSPipeline] FPS dropped below requirement: 7.66
[2026-04-30 11:56:02] [WARNING] [DMSPipeline] FPS dropped below requirement: 7.65
[2026-04-30 11:56:03] [WARNING] [DMSPipeline] FPS dropped below requirement: 7.65
[2026-04-30 11:56:03] [WARNING] [DMSPipeline] FPS dropped below requirement: 7.66
[2026-04-30 11:56:03] [WARNING] [DMSPipeline] FPS dropped below requirement: 7.64
[2026-04-30 11:56:03] [WARNING] [DMSPipeline] FPS dropped below requirement: 7.64
[2026-04-30 11:56:03] [WARNING] [DMSPipeline] FPS dropped below requirement: 7.67
[2026-04-30 11:56:03] [WARNING] [DMSPipeline] FPS dropped below requirement: 7.67
[2026-04-30 11:56:03] [WARNING] [DMSPipeline] FPS dropped below requirement: 7.67
[2026-04-30 11:56:03] [WARNING] [DMSPipeline] FPS dropped below requirement: 7.66
[2026-04-30 11:56:04] [WARNING] [DMSPipeline] FPS dropped below requirement: 7.65
[2026-04-30 11:56:04] [WARNING] [DMSPipeline] FPS dropped below requirement: 7.64
[2026-04-30 11:56:04] [WARNING] [DMSPipeline] FPS dropped below requirement: 7.66
[2026-04-30 11:56:04] [WARNING] [DMSPipeline] FPS dropped below requirement: 7.69
[2026-04-30 11:56:04] [WARNING] [DMSPipeline] FPS dropped below requirement: 7.68
[2026-04-30 11:56:04] [WARNING] [DMSPipeline] FPS dropped below requirement: 7.69
[2026-04-30 11:56:04] [WARNING] [DMSPipeline] FPS dropped below requirement: 7.68
[2026-04-30 11:56:04] [WARNING] [DMSPipeline] FPS dropped below requirement: 7.69
[2026-04-30 11:56:05] [WARNING] [DMSPipeline] FPS dropped below requirement: 7.67
[2026-04-30 11:56:05] [WARNING] [DMSPipeline] FPS dropped below requirement: 7.65
[2026-04-30 11:56:05] [WARNING] [DMSPipeline] FPS dropped below requirement: 7.64
[2026-04-30 11:56:05] [WARNING] [DMSPipeline] FPS dropped below requirement: 7.65
[2026-04-30 11:56:05] [WARNING] [DMSPipeline] FPS dropped below requirement: 7.65
[2026-04-30 11:56:05] [WARNING] [DMSPipeline] FPS dropped below requirement: 7.63
[2026-04-30 11:56:05] [WARNING] [DMSPipeline] FPS dropped below requirement: 7.63
[2026-04-30 11:56:06] [WARNING] [DMSPipeline] FPS dropped below requirement: 7.62
[2026-04-30 11:56:06] [WARNING] [DMSPipeline] FPS dropped below requirement: 7.60
[2026-04-30 11:56:06] [WARNING] [DMSPipeline] FPS dropped below requirement: 7.66
[2026-04-30 11:56:06] [WARNING] [DMSPipeline] FPS dropped below requirement: 7.61
[2026-04-30 11:56:06] [WARNING] [DMSPipeline] FPS dropped below requirement: 7.62
[2026-04-30 11:56:06] [WARNING] [DMSPipeline] FPS dropped below requirement: 7.59
[2026-04-30 11:56:06] [WARNING] [DMSPipeline] FPS dropped below requirement: 7.52
[2026-04-30 11:56:07] [WARNING] [DMSPipeline] FPS dropped below requirement: 7.51
[2026-04-30 11:56:07] [WARNING] [DMSPipeline] FPS dropped below requirement: 7.54
[2026-04-30 11:56:07] [WARNING] [DMSPipeline] FPS dropped below requirement: 7.52
[2026-04-30 11:56:07] [WARNING] [DMSPipeline] FPS dropped below requirement: 7.44
[2026-04-30 11:56:07] [WARNING] [DMSPipeline] FPS dropped below requirement: 7.43
[2026-04-30 11:56:07] [WARNING] [DMSPipeline] FPS dropped below requirement: 7.42
[2026-04-30 11:56:07] [WARNING] [DMSPipeline] FPS dropped below requirement: 7.41
[2026-04-30 11:56:08] [WARNING] [DMSPipeline] FPS dropped below requirement: 7.41
[2026-04-30 11:56:08] [WARNING] [DMSPipeline] FPS dropped below requirement: 7.23
[2026-04-30 11:56:08] [WARNING] [DMSPipeline] FPS dropped below requirement: 7.23
[2026-04-30 11:56:08] [WARNING] [DMSPipeline] FPS dropped below requirement: 7.20
[2026-04-30 11:56:08] [WARNING] [DMSPipeline] FPS dropped below requirement: 7.20
[2026-04-30 11:56:08] [WARNING] [DMSPipeline] FPS dropped below requirement: 7.18
[2026-04-30 11:56:08] [WARNING] [DMSPipeline] FPS dropped below requirement: 7.17
[2026-04-30 11:56:09] [WARNING] [DMSPipeline] FPS dropped below requirement: 7.18
[2026-04-30 11:56:09] [WARNING] [DMSPipeline] FPS dropped below requirement: 7.15
[2026-04-30 11:56:09] [WARNING] [DMSPipeline] FPS dropped below requirement: 7.14
[2026-04-30 11:56:09] [WARNING] [DMSPipeline] FPS dropped below requirement: 7.14
[2026-04-30 11:56:09] [WARNING] [DMSPipeline] FPS dropped below requirement: 7.14
[2026-04-30 11:56:09] [WARNING] [DMSPipeline] FPS dropped below requirement: 7.11
[2026-04-30 11:56:09] [WARNING] [DMSPipeline] FPS dropped below requirement: 7.12
[2026-04-30 11:56:10] [WARNING] [DMSPipeline] FPS dropped below requirement: 7.10
[2026-04-30 11:56:10] [WARNING] [DMSPipeline] FPS dropped below requirement: 7.08
[2026-04-30 11:56:10] [WARNING] [DMSPipeline] FPS dropped below requirement: 7.10
[2026-04-30 11:56:10] [WARNING] [DMSPipeline] FPS dropped below requirement: 7.07
[2026-04-30 11:56:10] [WARNING] [DMSPipeline] FPS dropped below requirement: 7.07
[2026-04-30 11:56:10] [WARNING] [DMSPipeline] FPS dropped below requirement: 7.09
[2026-04-30 11:56:10] [WARNING] [DMSPipeline] FPS dropped below requirement: 7.11
[2026-04-30 11:56:10] [WARNING] [DMSPipeline] FPS dropped below requirement: 7.20
[2026-04-30 11:56:11] [WARNING] [DMSPipeline] FPS dropped below requirement: 7.15
[2026-04-30 11:56:11] [WARNING] [DMSPipeline] FPS dropped below requirement: 7.15
[2026-04-30 11:56:11] [WARNING] [DMSPipeline] FPS dropped below requirement: 7.18
[2026-04-30 11:56:11] [WARNING] [DMSPipeline] FPS dropped below requirement: 7.24
[2026-04-30 11:56:11] [WARNING] [DMSPipeline] FPS dropped below requirement: 7.20
[2026-04-30 11:56:11] [WARNING] [DMSPipeline] FPS dropped below requirement: 7.14
[2026-04-30 11:56:11] [WARNING] [DMSPipeline] FPS dropped below requirement: 7.08
[2026-04-30 11:56:12] [WARNING] [DMSPipeline] FPS dropped below requirement: 7.01
[2026-04-30 11:56:12] [WARNING] [DMSPipeline] FPS dropped below requirement: 7.12
[2026-04-30 11:56:12] [WARNING] [DMSPipeline] FPS dropped below requirement: 7.07
[2026-04-30 11:56:12] [WARNING] [DMSPipeline] FPS dropped below requirement: 7.07
[2026-04-30 11:56:12] [WARNING] [DMSPipeline] FPS dropped below requirement: 7.08
[2026-04-30 11:56:12] [WARNING] [DMSPipeline] FPS dropped below requirement: 7.08
[2026-04-30 11:56:12] [WARNING] [DMSPipeline] FPS dropped below requirement: 7.09
[2026-04-30 11:56:13] [WARNING] [DMSPipeline] FPS dropped below requirement: 7.10
[2026-04-30 11:56:13] [WARNING] [DMSPipeline] FPS dropped below requirement: 7.12
[2026-04-30 11:56:13] [WARNING] [DMSPipeline] FPS dropped below requirement: 7.14
[2026-04-30 11:56:13] [WARNING] [DMSPipeline] FPS dropped below requirement: 7.15
[2026-04-30 11:56:13] [WARNING] [DMSPipeline] FPS dropped below requirement: 7.15
[2026-04-30 11:56:13] [WARNING] [DMSPipeline] FPS dropped below requirement: 7.13
[2026-04-30 11:56:13] [WARNING] [DMSPipeline] FPS dropped below requirement: 7.12
[2026-04-30 11:56:14] [WARNING] [DMSPipeline] FPS dropped below requirement: 7.16
[2026-04-30 11:56:14] [WARNING] [DMSPipeline] FPS dropped below requirement: 7.12
[2026-04-30 11:56:14] [WARNING] [DMSPipeline] FPS dropped below requirement: 7.11
[2026-04-30 11:56:14] [WARNING] [DMSPipeline] FPS dropped below requirement: 7.13
[2026-04-30 11:56:14] [WARNING] [DMSPipeline] FPS dropped below requirement: 7.12
[2026-04-30 11:56:14] [WARNING] [DMSPipeline] FPS dropped below requirement: 7.13
[2026-04-30 11:56:14] [WARNING] [DMSPipeline] FPS dropped below requirement: 7.12
[2026-04-30 11:56:14] [WARNING] [DMSPipeline] FPS dropped below requirement: 7.11
[2026-04-30 11:56:15] [WARNING] [DMSPipeline] FPS dropped below requirement: 7.15
[2026-04-30 11:56:15] [WARNING] [DMSPipeline] FPS dropped below requirement: 7.14
[2026-04-30 11:56:15] [WARNING] [DMSPipeline] FPS dropped below requirement: 7.12
[2026-04-30 11:56:15] [WARNING] [DMSPipeline] FPS dropped below requirement: 7.12
[2026-04-30 11:56:15] [WARNING] [DMSPipeline] FPS dropped below requirement: 7.14
[2026-04-30 11:56:15] [WARNING] [DMSPipeline] FPS dropped below requirement: 7.18
[2026-04-30 11:56:15] [WARNING] [DMSPipeline] FPS dropped below requirement: 7.29
[2026-04-30 11:56:16] [WARNING] [DMSPipeline] FPS dropped below requirement: 7.37
[2026-04-30 11:56:16] [WARNING] [DMSPipeline] FPS dropped below requirement: 7.45
[2026-04-30 11:56:16] [WARNING] [DMSPipeline] FPS dropped below requirement: 7.49
[2026-04-30 11:56:16] [WARNING] [DMSPipeline] FPS dropped below requirement: 7.50
[2026-04-30 11:56:16] [WARNING] [DMSPipeline] FPS dropped below requirement: 7.49
[2026-04-30 11:56:16] [WARNING] [DMSPipeline] FPS dropped below requirement: 7.50
[2026-04-30 11:56:16] [WARNING] [DMSPipeline] FPS dropped below requirement: 7.47
[2026-04-30 11:56:17] [WARNING] [DMSPipeline] FPS dropped below requirement: 7.46
[2026-04-30 11:56:17] [WARNING] [DMSPipeline] FPS dropped below requirement: 7.47
[2026-04-30 11:56:17] [WARNING] [DMSPipeline] FPS dropped below requirement: 7.46
[2026-04-30 11:56:17] [WARNING] [DMSPipeline] FPS dropped below requirement: 7.47
[2026-04-30 11:56:17] [WARNING] [DMSPipeline] FPS dropped below requirement: 7.45
[2026-04-30 11:56:17] [WARNING] [DMSPipeline] FPS dropped below requirement: 7.48
[2026-04-30 11:56:17] [WARNING] [DMSPipeline] FPS dropped below requirement: 7.46
[2026-04-30 11:56:17] [WARNING] [DMSPipeline] FPS dropped below requirement: 7.46
[2026-04-30 11:56:18] [WARNING] [DMSPipeline] FPS dropped below requirement: 7.53
[2026-04-30 11:56:18] [WARNING] [DMSPipeline] FPS dropped below requirement: 7.52
[2026-04-30 11:56:18] [WARNING] [DMSPipeline] FPS dropped below requirement: 7.52
[2026-04-30 11:56:18] [WARNING] [DMSPipeline] FPS dropped below requirement: 7.51
[2026-04-30 11:56:18] [WARNING] [DMSPipeline] FPS dropped below requirement: 7.52
[2026-04-30 11:56:18] [WARNING] [DMSPipeline] FPS dropped below requirement: 7.49
[2026-04-30 11:56:18] [WARNING] [DMSPipeline] FPS dropped below requirement: 7.52
[2026-04-30 11:56:18] [WARNING] [DMSPipeline] FPS dropped below requirement: 7.50
[2026-04-30 11:56:19] [WARNING] [DMSPipeline] FPS dropped below requirement: 7.50
[2026-04-30 11:56:19] [WARNING] [DMSPipeline] FPS dropped below requirement: 7.50
[2026-04-30 11:56:19] [WARNING] [DMSPipeline] FPS dropped below requirement: 7.47
[2026-04-30 11:56:19] [WARNING] [DMSPipeline] FPS dropped below requirement: 7.50
[2026-04-30 11:56:19] [WARNING] [DMSPipeline] FPS dropped below requirement: 7.54
[2026-04-30 11:56:19] [WARNING] [DMSPipeline] FPS dropped below requirement: 7.51
[2026-04-30 11:56:19] [WARNING] [DMSPipeline] FPS dropped below requirement: 7.50
[2026-04-30 11:56:20] [WARNING] [DMSPipeline] FPS dropped below requirement: 7.50
[2026-04-30 11:56:20] [WARNING] [DMSPipeline] FPS dropped below requirement: 7.50
[2026-04-30 11:56:20] [WARNING] [DMSPipeline] FPS dropped below requirement: 7.50
[2026-04-30 11:56:20] [WARNING] [DMSPipeline] FPS dropped below requirement: 7.51
[2026-04-30 11:56:20] [WARNING] [DMSPipeline] FPS dropped below requirement: 7.51
[2026-04-30 11:56:20] [WARNING] [DMSPipeline] FPS dropped below requirement: 7.48
[2026-04-30 11:56:20] [WARNING] [DMSPipeline] FPS dropped below requirement: 7.51
[2026-04-30 11:56:20] [WARNING] [DMSPipeline] FPS dropped below requirement: 7.53
[2026-04-30 11:56:21] [WARNING] [DMSPipeline] FPS dropped below requirement: 7.51
[2026-04-30 11:56:21] [WARNING] [DMSPipeline] FPS dropped below requirement: 7.49
[2026-04-30 11:56:21] [WARNING] [DMSPipeline] FPS dropped below requirement: 7.52
[2026-04-30 11:56:21] [WARNING] [DMSPipeline] FPS dropped below requirement: 7.52
[2026-04-30 11:56:21] [WARNING] [DMSPipeline] FPS dropped below requirement: 7.54
[2026-04-30 11:56:21] [WARNING] [DMSPipeline] FPS dropped below requirement: 7.53
[2026-04-30 11:56:21] [WARNING] [DMSPipeline] FPS dropped below requirement: 7.52
[2026-04-30 11:56:22] [WARNING] [DMSPipeline] FPS dropped below requirement: 7.50
[2026-04-30 11:56:22] [WARNING] [DMSPipeline] FPS dropped below requirement: 7.51
[2026-04-30 11:56:22] [WARNING] [DMSPipeline] FPS dropped below requirement: 7.53
[2026-04-30 11:56:22] [WARNING] [DMSPipeline] FPS dropped below requirement: 7.49
[2026-04-30 11:56:22] [WARNING] [DMSPipeline] FPS dropped below requirement: 7.54
[2026-04-30 11:56:22] [WARNING] [DMSPipeline] FPS dropped below requirement: 7.50
[2026-04-30 11:56:22] [WARNING] [DMSPipeline] FPS dropped below requirement: 7.50
[2026-04-30 11:56:22] [WARNING] [DMSPipeline] FPS dropped below requirement: 7.49
[2026-04-30 11:56:23] [WARNING] [DMSPipeline] FPS dropped below requirement: 7.50
[2026-04-30 11:56:23] [WARNING] [DMSPipeline] FPS dropped below requirement: 7.54
[2026-04-30 11:56:23] [WARNING] [DMSPipeline] FPS dropped below requirement: 7.53
[2026-04-30 11:56:23] [WARNING] [DMSPipeline] FPS dropped below requirement: 7.51
[2026-04-30 11:56:23] [WARNING] [DMSPipeline] FPS dropped below requirement: 7.51
[2026-04-30 11:56:23] [WARNING] [DMSPipeline] FPS dropped below requirement: 7.53
[2026-04-30 11:56:23] [WARNING] [DMSPipeline] FPS dropped below requirement: 7.53
[2026-04-30 11:56:24] [WARNING] [DMSPipeline] FPS dropped below requirement: 7.53
[2026-04-30 11:56:24] [WARNING] [DMSPipeline] FPS dropped below requirement: 7.54
[2026-04-30 11:56:24] [WARNING] [DMSPipeline] FPS dropped below requirement: 7.53
[2026-04-30 11:56:24] [WARNING] [DMSPipeline] FPS dropped below requirement: 7.52
[2026-04-30 11:56:24] [WARNING] [DMSPipeline] FPS dropped below requirement: 7.54
[2026-04-30 11:56:24] [WARNING] [DMSPipeline] FPS dropped below requirement: 7.49
[2026-04-30 11:56:24] [WARNING] [DMSPipeline] FPS dropped below requirement: 7.48
[2026-04-30 11:56:24] [WARNING] [DMSPipeline] FPS dropped below requirement: 7.52
[2026-04-30 11:56:25] [WARNING] [DMSPipeline] FPS dropped below requirement: 7.55
[2026-04-30 11:56:25] [WARNING] [DMSPipeline] FPS dropped below requirement: 7.52
[2026-04-30 11:56:25] [WARNING] [DMSPipeline] FPS dropped below requirement: 7.51
[2026-04-30 11:56:25] [WARNING] [DMSPipeline] FPS dropped below requirement: 7.53
[2026-04-30 11:56:25] [WARNING] [DMSPipeline] FPS dropped below requirement: 7.52
[2026-04-30 11:56:25] [WARNING] [DMSPipeline] FPS dropped below requirement: 7.53
[2026-04-30 11:56:25] [WARNING] [DMSPipeline] FPS dropped below requirement: 7.58
[2026-04-30 11:56:26] [WARNING] [DMSPipeline] FPS dropped below requirement: 7.55
[2026-04-30 11:56:26] [WARNING] [DMSPipeline] FPS dropped below requirement: 7.53
[2026-04-30 11:56:26] [WARNING] [DMSPipeline] FPS dropped below requirement: 7.53
[2026-04-30 11:56:26] [WARNING] [DMSPipeline] FPS dropped below requirement: 7.46
[2026-04-30 11:56:26] [WARNING] [DMSPipeline] FPS dropped below requirement: 7.42
[2026-04-30 11:56:26] [WARNING] [DMSPipeline] FPS dropped below requirement: 7.34
[2026-04-30 11:56:27] [WARNING] [DMSPipeline] FPS dropped below requirement: 7.28
[2026-04-30 11:56:27] [WARNING] [DMSPipeline] FPS dropped below requirement: 7.20
[2026-04-30 11:56:27] [WARNING] [DMSPipeline] FPS dropped below requirement: 7.12
[2026-04-30 11:56:27] [WARNING] [DMSPipeline] FPS dropped below requirement: 7.02
[2026-04-30 11:56:27] [WARNING] [DMSPipeline] FPS dropped below requirement: 7.05
[2026-04-30 11:56:27] [WARNING] [DMSPipeline] FPS dropped below requirement: 7.06
[2026-04-30 11:56:27] [WARNING] [DMSPipeline] FPS dropped below requirement: 7.06
[2026-04-30 11:56:28] [WARNING] [DMSPipeline] FPS dropped below requirement: 7.04
[2026-04-30 11:56:28] [WARNING] [DMSPipeline] FPS dropped below requirement: 7.05
[2026-04-30 11:56:28] [WARNING] [DMSPipeline] FPS dropped below requirement: 7.04
[2026-04-30 11:56:28] [WARNING] [DMSPipeline] FPS dropped below requirement: 7.06
[2026-04-30 11:56:28] [WARNING] [DMSPipeline] FPS dropped below requirement: 7.05
[2026-04-30 11:56:28] [WARNING] [DMSPipeline] FPS dropped below requirement: 7.07
[2026-04-30 11:56:28] [WARNING] [DMSPipeline] FPS dropped below requirement: 7.09
[2026-04-30 11:56:28] [WARNING] [DMSPipeline] FPS dropped below requirement: 7.07
[2026-04-30 11:56:29] [WARNING] [DMSPipeline] FPS dropped below requirement: 7.07
[2026-04-30 11:56:29] [WARNING] [DMSPipeline] FPS dropped below requirement: 7.06
[2026-04-30 11:56:29] [WARNING] [DMSPipeline] FPS dropped below requirement: 7.07
[2026-04-30 11:56:29] [WARNING] [DMSPipeline] FPS dropped below requirement: 7.09
[2026-04-30 11:56:29] [WARNING] [DMSPipeline] FPS dropped below requirement: 7.03
[2026-04-30 11:56:29] [WARNING] [DMSPipeline] FPS dropped below requirement: 7.03
[2026-04-30 11:56:29] [WARNING] [DMSPipeline] FPS dropped below requirement: 7.02
[2026-04-30 11:56:30] [WARNING] [DMSPipeline] FPS dropped below requirement: 7.01
[2026-04-30 11:56:30] [WARNING] [DMSPipeline] FPS dropped below requirement: 7.02
[2026-04-30 11:56:30] [WARNING] [DMSPipeline] FPS dropped below requirement: 7.03
[2026-04-30 11:56:30] [WARNING] [DMSPipeline] FPS dropped below requirement: 7.04
[2026-04-30 11:56:30] [WARNING] [DMSPipeline] FPS dropped below requirement: 7.09
[2026-04-30 11:56:30] [WARNING] [DMSPipeline] FPS dropped below requirement: 7.13
[2026-04-30 11:56:30] [WARNING] [DMSPipeline] FPS dropped below requirement: 7.20
[2026-04-30 11:56:30] [WARNING] [DMSPipeline] FPS dropped below requirement: 7.29
[2026-04-30 11:56:31] [WARNING] [DMSPipeline] FPS dropped below requirement: 7.35
[2026-04-30 11:56:31] [WARNING] [DMSPipeline] FPS dropped below requirement: 7.43
[2026-04-30 11:56:31] [WARNING] [DMSPipeline] FPS dropped below requirement: 7.52
[2026-04-30 11:56:31] [WARNING] [DMSPipeline] FPS dropped below requirement: 7.44
[2026-04-30 11:56:31] [WARNING] [DMSPipeline] FPS dropped below requirement: 7.45
[2026-04-30 11:56:31] [WARNING] [DMSPipeline] FPS dropped below requirement: 7.46
[2026-04-30 11:56:31] [WARNING] [DMSPipeline] FPS dropped below requirement: 7.48
[2026-04-30 11:56:32] [WARNING] [DMSPipeline] FPS dropped below requirement: 7.46
[2026-04-30 11:56:32] [WARNING] [DMSPipeline] FPS dropped below requirement: 7.46
[2026-04-30 11:56:32] [WARNING] [DMSPipeline] FPS dropped below requirement: 7.46
[2026-04-30 11:56:32] [WARNING] [DMSPipeline] FPS dropped below requirement: 7.48
[2026-04-30 11:56:32] [WARNING] [DMSPipeline] FPS dropped below requirement: 7.49
[2026-04-30 11:56:32] [WARNING] [DMSPipeline] FPS dropped below requirement: 7.50
[2026-04-30 11:56:32] [WARNING] [DMSPipeline] FPS dropped below requirement: 7.49
[2026-04-30 11:56:32] [WARNING] [DMSPipeline] FPS dropped below requirement: 7.48
[2026-04-30 11:56:33] [WARNING] [DMSPipeline] FPS dropped below requirement: 7.49
[2026-04-30 11:56:33] [WARNING] [DMSPipeline] FPS dropped below requirement: 7.49
[2026-04-30 11:56:33] [WARNING] [DMSPipeline] FPS dropped below requirement: 7.49
[2026-04-30 11:56:33] [WARNING] [DMSPipeline] FPS dropped below requirement: 7.54
[2026-04-30 11:56:33] [WARNING] [DMSPipeline] FPS dropped below requirement: 7.55
[2026-04-30 11:56:33] [WARNING] [DMSPipeline] FPS dropped below requirement: 7.58
[2026-04-30 11:56:33] [WARNING] [DMSPipeline] FPS dropped below requirement: 7.55
[2026-04-30 11:56:33] [WARNING] [DMSPipeline] FPS dropped below requirement: 7.55
[2026-04-30 11:56:34] [WARNING] [DMSPipeline] FPS dropped below requirement: 7.52
[2026-04-30 11:56:34] [WARNING] [DMSPipeline] FPS dropped below requirement: 7.55
[2026-04-30 11:56:34] [WARNING] [DMSPipeline] FPS dropped below requirement: 7.55
[2026-04-30 11:56:34] [WARNING] [DMSPipeline] FPS dropped below requirement: 7.55
[2026-04-30 11:56:34] [WARNING] [DMSPipeline] FPS dropped below requirement: 7.53
[2026-04-30 11:56:34] [WARNING] [DMSPipeline] FPS dropped below requirement: 7.44
[2026-04-30 11:56:34] [WARNING] [DMSPipeline] FPS dropped below requirement: 7.48
[2026-04-30 11:56:35] [WARNING] [DMSPipeline] FPS dropped below requirement: 7.46
[2026-04-30 11:56:35] [WARNING] [DMSPipeline] FPS dropped below requirement: 7.47
[2026-04-30 11:56:35] [WARNING] [DMSPipeline] FPS dropped below requirement: 7.54
[2026-04-30 11:56:35] [WARNING] [DMSPipeline] FPS dropped below requirement: 7.46
[2026-04-30 11:56:35] [WARNING] [DMSPipeline] FPS dropped below requirement: 7.43
[2026-04-30 11:56:35] [WARNING] [DMSPipeline] FPS dropped below requirement: 7.46
[2026-04-30 11:56:35] [WARNING] [DMSPipeline] FPS dropped below requirement: 7.47
[2026-04-30 11:56:36] [WARNING] [DMSPipeline] FPS dropped below requirement: 7.48
[2026-04-30 11:56:36] [WARNING] [DMSPipeline] FPS dropped below requirement: 7.47
[2026-04-30 11:56:36] [WARNING] [DMSPipeline] FPS dropped below requirement: 7.46
[2026-04-30 11:56:36] [WARNING] [DMSPipeline] FPS dropped below requirement: 7.41
[2026-04-30 11:56:36] [WARNING] [DMSPipeline] FPS dropped below requirement: 7.41
[2026-04-30 11:56:36] [WARNING] [DMSPipeline] FPS dropped below requirement: 7.42
[2026-04-30 11:56:36] [WARNING] [DMSPipeline] FPS dropped below requirement: 7.40
[2026-04-30 11:56:37] [WARNING] [DMSPipeline] FPS dropped below requirement: 7.40
[2026-04-30 11:56:37] [WARNING] [DMSPipeline] FPS dropped below requirement: 7.40
[2026-04-30 11:56:37] [WARNING] [DMSPipeline] FPS dropped below requirement: 7.39
[2026-04-30 11:56:37] [WARNING] [DMSPipeline] FPS dropped below requirement: 7.31
[2026-04-30 11:56:37] [INFO] [VideoCapture] Camera released.
[2026-04-30 11:56:37] [INFO] [DMSPipeline] System shutdown
[2026-04-30 11:56:37] [INFO] [DMSPipeline] System shutdown
[2026-04-30 11:57:56] [INFO] [Main] Initializing Driver Monitoring System...
[2026-04-30 11:57:57] [INFO] [VideoCapture] Opening video source: data/dataset.mp4 ...
[2026-04-30 11:57:57] [INFO] [VideoCapture] Source opened successfully: data/dataset.mp4
[2026-04-30 11:57:57] [INFO] [DMSPipeline] Capture loop started. Press 'q' to quit.
[2026-04-30 11:57:57] [WARNING] [DMSPipeline] FPS dropped below requirement: 0.00
[2026-04-30 11:57:57] [WARNING] [DMSPipeline] FPS dropped below requirement: 4.87
[2026-04-30 11:57:57] [WARNING] [DMSPipeline] FPS dropped below requirement: 6.27
[2026-04-30 11:57:58] [WARNING] [DMSPipeline] FPS dropped below requirement: 7.13
[2026-04-30 11:57:58] [WARNING] [DMSPipeline] FPS dropped below requirement: 6.93
[2026-04-30 11:57:58] [WARNING] [DMSPipeline] FPS dropped below requirement: 7.06
[2026-04-30 11:57:58] [WARNING] [DMSPipeline] FPS dropped below requirement: 7.16
[2026-04-30 11:57:58] [WARNING] [DMSPipeline] FPS dropped below requirement: 7.20
[2026-04-30 11:57:58] [WARNING] [DMSPipeline] FPS dropped below requirement: 7.22
[2026-04-30 11:57:58] [WARNING] [DMSPipeline] FPS dropped below requirement: 7.26
[2026-04-30 11:57:58] [WARNING] [DMSPipeline] FPS dropped below requirement: 7.20
[2026-04-30 11:57:59] [WARNING] [DMSPipeline] FPS dropped below requirement: 7.28
[2026-04-30 11:57:59] [WARNING] [DMSPipeline] FPS dropped below requirement: 7.33
[2026-04-30 11:57:59] [WARNING] [DMSPipeline] FPS dropped below requirement: 7.35
[2026-04-30 11:57:59] [WARNING] [DMSPipeline] FPS dropped below requirement: 7.32
[2026-04-30 11:57:59] [WARNING] [DMSPipeline] FPS dropped below requirement: 7.37
[2026-04-30 11:57:59] [WARNING] [DMSPipeline] FPS dropped below requirement: 7.42
[2026-04-30 11:57:59] [WARNING] [DMSPipeline] FPS dropped below requirement: 7.44
[2026-04-30 11:57:59] [WARNING] [DMSPipeline] FPS dropped below requirement: 7.46
[2026-04-30 11:58:00] [WARNING] [DMSPipeline] FPS dropped below requirement: 7.48
[2026-04-30 11:58:00] [WARNING] [DMSPipeline] FPS dropped below requirement: 7.49
[2026-04-30 11:58:00] [WARNING] [DMSPipeline] FPS dropped below requirement: 7.48
[2026-04-30 11:58:00] [WARNING] [DMSPipeline] FPS dropped below requirement: 7.50
[2026-04-30 11:58:00] [WARNING] [DMSPipeline] FPS dropped below requirement: 7.61
[2026-04-30 11:58:00] [WARNING] [DMSPipeline] FPS dropped below requirement: 7.62
[2026-04-30 11:58:00] [WARNING] [DMSPipeline] FPS dropped below requirement: 7.61
[2026-04-30 11:58:00] [WARNING] [DMSPipeline] FPS dropped below requirement: 7.60
[2026-04-30 11:58:01] [WARNING] [DMSPipeline] FPS dropped below requirement: 7.61
[2026-04-30 11:58:01] [WARNING] [DMSPipeline] FPS dropped below requirement: 7.60
[2026-04-30 11:58:01] [WARNING] [DMSPipeline] FPS dropped below requirement: 7.61
[2026-04-30 11:58:01] [WARNING] [DMSPipeline] FPS dropped below requirement: 7.77
[2026-04-30 11:58:01] [WARNING] [DMSPipeline] FPS dropped below requirement: 7.70
[2026-04-30 11:58:01] [WARNING] [DMSPipeline] FPS dropped below requirement: 7.62
[2026-04-30 11:58:01] [WARNING] [DMSPipeline] FPS dropped below requirement: 7.64
[2026-04-30 11:58:02] [WARNING] [DMSPipeline] FPS dropped below requirement: 7.65
[2026-04-30 11:58:02] [WARNING] [DMSPipeline] FPS dropped below requirement: 7.63
[2026-04-30 11:58:02] [WARNING] [DMSPipeline] FPS dropped below requirement: 7.63
[2026-04-30 11:58:02] [WARNING] [DMSPipeline] FPS dropped below requirement: 7.63
[2026-04-30 11:58:02] [WARNING] [DMSPipeline] FPS dropped below requirement: 7.63
[2026-04-30 11:58:02] [WARNING] [DMSPipeline] FPS dropped below requirement: 7.67
[2026-04-30 11:58:02] [WARNING] [DMSPipeline] FPS dropped below requirement: 7.65
[2026-04-30 11:58:03] [WARNING] [DMSPipeline] FPS dropped below requirement: 7.63
[2026-04-30 11:58:03] [WARNING] [DMSPipeline] FPS dropped below requirement: 7.59
[2026-04-30 11:58:03] [WARNING] [DMSPipeline] FPS dropped below requirement: 7.29
[2026-04-30 11:58:03] [WARNING] [DMSPipeline] FPS dropped below requirement: 7.02
[2026-04-30 11:58:04] [WARNING] [DMSPipeline] FPS dropped below requirement: 6.88
[2026-04-30 11:58:04] [WARNING] [DMSPipeline] FPS dropped below requirement: 6.71
[2026-04-30 11:58:04] [WARNING] [DMSPipeline] FPS dropped below requirement: 6.53
[2026-04-30 11:58:04] [WARNING] [DMSPipeline] FPS dropped below requirement: 6.34
[2026-04-30 11:58:04] [WARNING] [DMSPipeline] FPS dropped below requirement: 6.18
[2026-04-30 11:58:05] [WARNING] [DMSPipeline] FPS dropped below requirement: 6.11
[2026-04-30 11:58:05] [WARNING] [DMSPipeline] FPS dropped below requirement: 5.99
[2026-04-30 11:58:05] [WARNING] [DMSPipeline] FPS dropped below requirement: 5.79
[2026-04-30 11:58:05] [WARNING] [DMSPipeline] FPS dropped below requirement: 5.77
[2026-04-30 11:58:05] [WARNING] [DMSPipeline] FPS dropped below requirement: 5.73
[2026-04-30 11:58:06] [WARNING] [DMSPipeline] FPS dropped below requirement: 5.68
[2026-04-30 11:58:06] [WARNING] [DMSPipeline] FPS dropped below requirement: 5.52
[2026-04-30 11:58:06] [WARNING] [DMSPipeline] FPS dropped below requirement: 5.42
[2026-04-30 11:58:06] [WARNING] [DMSPipeline] FPS dropped below requirement: 5.32
[2026-04-30 11:58:07] [WARNING] [DMSPipeline] FPS dropped below requirement: 5.21
[2026-04-30 11:58:07] [WARNING] [DMSPipeline] FPS dropped below requirement: 5.21
[2026-04-30 11:58:07] [WARNING] [DMSPipeline] FPS dropped below requirement: 5.12
[2026-04-30 11:58:07] [WARNING] [DMSPipeline] FPS dropped below requirement: 4.97
[2026-04-30 11:58:08] [WARNING] [DMSPipeline] FPS dropped below requirement: 4.92
[2026-04-30 11:58:08] [WARNING] [DMSPipeline] FPS dropped below requirement: 4.75
[2026-04-30 11:58:08] [WARNING] [DMSPipeline] FPS dropped below requirement: 4.75
[2026-04-30 11:58:08] [WARNING] [DMSPipeline] FPS dropped below requirement: 4.74
[2026-04-30 11:58:08] [WARNING] [DMSPipeline] FPS dropped below requirement: 4.74
[2026-04-30 11:58:08] [WARNING] [DMSPipeline] FPS dropped below requirement: 4.74
[2026-04-30 11:58:08] [WARNING] [DMSPipeline] FPS dropped below requirement: 4.74
[2026-04-30 11:58:09] [WARNING] [DMSPipeline] FPS dropped below requirement: 4.73
[2026-04-30 11:58:09] [WARNING] [DMSPipeline] FPS dropped below requirement: 4.75
[2026-04-30 11:58:09] [WARNING] [DMSPipeline] FPS dropped below requirement: 4.89
[2026-04-30 11:58:09] [WARNING] [DMSPipeline] FPS dropped below requirement: 5.01
[2026-04-30 11:58:09] [WARNING] [DMSPipeline] FPS dropped below requirement: 5.07
[2026-04-30 11:58:09] [WARNING] [DMSPipeline] FPS dropped below requirement: 5.17
[2026-04-30 11:58:09] [WARNING] [DMSPipeline] FPS dropped below requirement: 5.27
[2026-04-30 11:58:10] [WARNING] [DMSPipeline] FPS dropped below requirement: 5.36
[2026-04-30 11:58:10] [WARNING] [DMSPipeline] FPS dropped below requirement: 5.44
[2026-04-30 11:58:10] [WARNING] [DMSPipeline] FPS dropped below requirement: 5.46
[2026-04-30 11:58:10] [WARNING] [DMSPipeline] FPS dropped below requirement: 5.57
[2026-04-30 11:58:10] [WARNING] [DMSPipeline] FPS dropped below requirement: 5.69
[2026-04-30 11:58:10] [WARNING] [DMSPipeline] FPS dropped below requirement: 5.69
[2026-04-30 11:58:10] [WARNING] [DMSPipeline] FPS dropped below requirement: 5.74
[2026-04-30 11:58:11] [WARNING] [DMSPipeline] FPS dropped below requirement: 5.80
[2026-04-30 11:58:11] [WARNING] [DMSPipeline] FPS dropped below requirement: 5.98
[2026-04-30 11:58:11] [WARNING] [DMSPipeline] FPS dropped below requirement: 6.10
[2026-04-30 11:58:11] [WARNING] [DMSPipeline] FPS dropped below requirement: 6.23
[2026-04-30 11:58:11] [WARNING] [DMSPipeline] FPS dropped below requirement: 6.38
[2026-04-30 11:58:11] [WARNING] [DMSPipeline] FPS dropped below requirement: 6.38
[2026-04-30 11:58:11] [WARNING] [DMSPipeline] FPS dropped below requirement: 6.55
[2026-04-30 11:58:12] [WARNING] [DMSPipeline] FPS dropped below requirement: 6.84
[2026-04-30 11:58:12] [WARNING] [DMSPipeline] FPS dropped below requirement: 6.93
[2026-04-30 11:58:12] [WARNING] [DMSPipeline] FPS dropped below requirement: 7.27
[2026-04-30 11:58:12] [WARNING] [DMSPipeline] FPS dropped below requirement: 7.29
[2026-04-30 11:58:12] [WARNING] [DMSPipeline] FPS dropped below requirement: 7.33
[2026-04-30 11:58:12] [WARNING] [DMSPipeline] FPS dropped below requirement: 7.33
[2026-04-30 11:58:12] [WARNING] [DMSPipeline] FPS dropped below requirement: 7.28
[2026-04-30 11:58:12] [WARNING] [DMSPipeline] FPS dropped below requirement: 7.19
[2026-04-30 11:58:13] [WARNING] [DMSPipeline] FPS dropped below requirement: 7.25
[2026-04-30 11:58:13] [WARNING] [DMSPipeline] FPS dropped below requirement: 7.21
[2026-04-30 11:58:13] [WARNING] [DMSPipeline] FPS dropped below requirement: 7.21
[2026-04-30 11:58:13] [WARNING] [DMSPipeline] FPS dropped below requirement: 7.21
[2026-04-30 11:58:13] [WARNING] [DMSPipeline] FPS dropped below requirement: 7.17
[2026-04-30 11:58:13] [WARNING] [DMSPipeline] FPS dropped below requirement: 7.19
[2026-04-30 11:58:13] [WARNING] [DMSPipeline] FPS dropped below requirement: 7.20
[2026-04-30 11:58:14] [WARNING] [DMSPipeline] FPS dropped below requirement: 7.26
[2026-04-30 11:58:14] [WARNING] [DMSPipeline] FPS dropped below requirement: 7.35
[2026-04-30 11:58:14] [WARNING] [DMSPipeline] FPS dropped below requirement: 7.37
[2026-04-30 11:58:14] [WARNING] [DMSPipeline] FPS dropped below requirement: 7.36
[2026-04-30 11:58:14] [WARNING] [DMSPipeline] FPS dropped below requirement: 7.36
[2026-04-30 11:58:14] [WARNING] [DMSPipeline] FPS dropped below requirement: 7.37
[2026-04-30 11:58:14] [WARNING] [DMSPipeline] FPS dropped below requirement: 7.36
[2026-04-30 11:58:15] [WARNING] [DMSPipeline] FPS dropped below requirement: 7.35
[2026-04-30 11:58:15] [WARNING] [DMSPipeline] FPS dropped below requirement: 7.36
[2026-04-30 11:58:15] [WARNING] [DMSPipeline] FPS dropped below requirement: 7.36
[2026-04-30 11:58:15] [WARNING] [DMSPipeline] FPS dropped below requirement: 7.34
[2026-04-30 11:58:15] [WARNING] [DMSPipeline] FPS dropped below requirement: 7.33
[2026-04-30 11:58:15] [WARNING] [DMSPipeline] FPS dropped below requirement: 7.14
[2026-04-30 11:58:16] [WARNING] [DMSPipeline] FPS dropped below requirement: 7.03
[2026-04-30 11:58:16] [WARNING] [DMSPipeline] FPS dropped below requirement: 6.81
[2026-04-30 11:58:16] [WARNING] [DMSPipeline] FPS dropped below requirement: 6.63
[2026-04-30 11:58:16] [INFO] [VideoCapture] Camera released.
[2026-04-30 11:58:16] [INFO] [DMSPipeline] System shutdown
[2026-04-30 11:58:16] [INFO] [DMSPipeline] System shutdown
[2026-04-30 12:37:05] [INFO] [Main] Initializing Driver Monitoring System...
[2026-04-30 12:37:06] [INFO] [VideoCapture] Opening video source: data/dataset.mp4 ...
[2026-04-30 12:37:06] [INFO] [VideoCapture] Source opened successfully: data/dataset.mp4
[2026-04-30 12:37:06] [INFO] [DMSPipeline] Capture loop started. Press 'q' to quit.
[2026-04-30 12:37:06] [INFO] [VideoCapture] Camera released.
[2026-04-30 12:37:06] [INFO] [DMSPipeline] System shutdown
[2026-04-30 12:37:06] [INFO] [DMSPipeline] System shutdown
[2026-04-30 12:37:20] [INFO] [Main] Initializing Driver Monitoring System...
[2026-04-30 12:37:21] [INFO] [VideoCapture] Opening video source: data/dataset.mp4 ...
[2026-04-30 12:37:21] [INFO] [VideoCapture] Source opened successfully: data/dataset.mp4
[2026-04-30 12:37:21] [INFO] [DMSPipeline] Capture loop started. Press 'q' to quit.
[2026-04-30 12:37:21] [INFO] [VideoCapture] Camera released.
[2026-04-30 12:37:21] [INFO] [DMSPipeline] System shutdown
[2026-04-30 12:37:21] [INFO] [DMSPipeline] System shutdown
[2026-04-30 12:38:40] [INFO] [Main] Initializing Driver Monitoring System...
[2026-04-30 12:38:40] [INFO] [VideoCapture] Opening video source: data/dataset.mp4 ...
[2026-04-30 12:38:40] [INFO] [VideoCapture] Source opened successfully: data/dataset.mp4
[2026-04-30 12:38:40] [INFO] [DMSPipeline] Capture loop started. Press 'q' to quit.
[2026-04-30 12:38:41] [WARNING] [DMSPipeline] FPS dropped below requirement: 0.00
[2026-04-30 12:38:41] [WARNING] [DMSPipeline] FPS dropped below requirement: 4.73
[2026-04-30 12:38:41] [WARNING] [DMSPipeline] FPS dropped below requirement: 5.05
[2026-04-30 12:38:41] [WARNING] [DMSPipeline] FPS dropped below requirement: 5.26
[2026-04-30 12:38:41] [WARNING] [DMSPipeline] FPS dropped below requirement: 5.15
[2026-04-30 12:38:41] [WARNING] [DMSPipeline] FPS dropped below requirement: 5.31
[2026-04-30 12:38:42] [WARNING] [DMSPipeline] FPS dropped below requirement: 5.24
[2026-04-30 12:38:42] [WARNING] [DMSPipeline] FPS dropped below requirement: 5.34
[2026-04-30 12:38:42] [WARNING] [DMSPipeline] FPS dropped below requirement: 5.30
[2026-04-30 12:38:42] [WARNING] [DMSPipeline] FPS dropped below requirement: 5.32
[2026-04-30 12:38:42] [WARNING] [DMSPipeline] FPS dropped below requirement: 5.41
[2026-04-30 12:38:43] [WARNING] [DMSPipeline] FPS dropped below requirement: 5.38
[2026-04-30 12:38:43] [WARNING] [DMSPipeline] FPS dropped below requirement: 5.45
[2026-04-30 12:38:43] [WARNING] [DMSPipeline] FPS dropped below requirement: 5.42
[2026-04-30 12:38:43] [WARNING] [DMSPipeline] FPS dropped below requirement: 5.43
[2026-04-30 12:38:43] [WARNING] [DMSPipeline] FPS dropped below requirement: 5.41
[2026-04-30 12:38:43] [WARNING] [DMSPipeline] FPS dropped below requirement: 5.45
[2026-04-30 12:38:44] [WARNING] [DMSPipeline] FPS dropped below requirement: 5.46
[2026-04-30 12:38:44] [WARNING] [DMSPipeline] FPS dropped below requirement: 5.48
[2026-04-30 12:38:44] [WARNING] [DMSPipeline] FPS dropped below requirement: 5.46
[2026-04-30 12:38:44] [WARNING] [DMSPipeline] FPS dropped below requirement: 5.46
[2026-04-30 12:38:44] [WARNING] [DMSPipeline] FPS dropped below requirement: 5.46
[2026-04-30 12:38:45] [WARNING] [DMSPipeline] FPS dropped below requirement: 5.44
[2026-04-30 12:38:45] [WARNING] [DMSPipeline] FPS dropped below requirement: 5.45
[2026-04-30 12:38:45] [WARNING] [DMSPipeline] FPS dropped below requirement: 5.46
[2026-04-30 12:38:45] [WARNING] [DMSPipeline] FPS dropped below requirement: 5.45
[2026-04-30 12:38:45] [WARNING] [DMSPipeline] FPS dropped below requirement: 5.46
[2026-04-30 12:38:45] [WARNING] [DMSPipeline] FPS dropped below requirement: 5.48
[2026-04-30 12:38:46] [WARNING] [DMSPipeline] FPS dropped below requirement: 5.47
[2026-04-30 12:38:46] [WARNING] [DMSPipeline] FPS dropped below requirement: 5.46
[2026-04-30 12:38:46] [WARNING] [DMSPipeline] FPS dropped below requirement: 5.49
[2026-04-30 12:38:46] [WARNING] [DMSPipeline] FPS dropped below requirement: 5.48
[2026-04-30 12:38:46] [WARNING] [DMSPipeline] FPS dropped below requirement: 5.50
[2026-04-30 12:38:47] [WARNING] [DMSPipeline] FPS dropped below requirement: 5.53
[2026-04-30 12:38:47] [WARNING] [DMSPipeline] FPS dropped below requirement: 5.50
[2026-04-30 12:38:47] [WARNING] [DMSPipeline] FPS dropped below requirement: 5.55
[2026-04-30 12:38:47] [WARNING] [DMSPipeline] FPS dropped below requirement: 5.53
[2026-04-30 12:38:47] [WARNING] [DMSPipeline] FPS dropped below requirement: 5.54
[2026-04-30 12:38:47] [WARNING] [DMSPipeline] FPS dropped below requirement: 5.54
[2026-04-30 12:38:48] [WARNING] [DMSPipeline] FPS dropped below requirement: 5.54
[2026-04-30 12:38:48] [WARNING] [DMSPipeline] FPS dropped below requirement: 5.54
[2026-04-30 12:38:48] [WARNING] [DMSPipeline] FPS dropped below requirement: 5.52
[2026-04-30 12:38:48] [WARNING] [DMSPipeline] FPS dropped below requirement: 5.54
[2026-04-30 12:38:48] [WARNING] [DMSPipeline] FPS dropped below requirement: 5.52
[2026-04-30 12:38:49] [WARNING] [DMSPipeline] FPS dropped below requirement: 5.53
[2026-04-30 12:38:49] [WARNING] [DMSPipeline] FPS dropped below requirement: 5.52
[2026-04-30 12:38:49] [WARNING] [DMSPipeline] FPS dropped below requirement: 5.52
[2026-04-30 12:38:49] [WARNING] [DMSPipeline] FPS dropped below requirement: 5.52
[2026-04-30 12:38:49] [WARNING] [DMSPipeline] FPS dropped below requirement: 5.53
[2026-04-30 12:38:50] [INFO] [VideoCapture] Camera released.
[2026-04-30 12:38:50] [INFO] [DMSPipeline] System shutdown
[2026-04-30 12:38:50] [INFO] [DMSPipeline] System shutdown
[2026-04-30 12:43:17] [INFO] [Main] Initializing Driver Monitoring System...
[2026-04-30 12:43:17] [INFO] [VideoCapture] Opening video source: data/dataset.mp4 ...
[2026-04-30 12:43:17] [INFO] [VideoCapture] Source opened successfully: data/dataset.mp4
[2026-04-30 12:43:17] [INFO] [DMSPipeline] Capture loop started. Press 'q' to quit.
[2026-04-30 12:43:18] [WARNING] [DMSPipeline] FPS dropped below requirement: 0.00
[2026-04-30 12:43:18] [WARNING] [DMSPipeline] FPS dropped below requirement: 3.86
[2026-04-30 12:43:18] [WARNING] [DMSPipeline] FPS dropped below requirement: 4.74
[2026-04-30 12:43:18] [WARNING] [DMSPipeline] FPS dropped below requirement: 4.89
[2026-04-30 12:43:18] [WARNING] [DMSPipeline] FPS dropped below requirement: 4.94
[2026-04-30 12:43:19] [WARNING] [DMSPipeline] FPS dropped below requirement: 5.17
[2026-04-30 12:43:19] [WARNING] [DMSPipeline] FPS dropped below requirement: 5.19
[2026-04-30 12:43:19] [WARNING] [DMSPipeline] FPS dropped below requirement: 5.21
[2026-04-30 12:43:19] [WARNING] [DMSPipeline] FPS dropped below requirement: 5.20
[2026-04-30 12:43:19] [WARNING] [DMSPipeline] FPS dropped below requirement: 5.24
[2026-04-30 12:43:20] [WARNING] [DMSPipeline] FPS dropped below requirement: 5.26
[2026-04-30 12:43:20] [WARNING] [DMSPipeline] FPS dropped below requirement: 5.29
[2026-04-30 12:43:20] [WARNING] [DMSPipeline] FPS dropped below requirement: 5.33
[2026-04-30 12:43:20] [WARNING] [DMSPipeline] FPS dropped below requirement: 5.39
[2026-04-30 12:43:20] [WARNING] [DMSPipeline] FPS dropped below requirement: 5.41
[2026-04-30 12:43:20] [WARNING] [DMSPipeline] FPS dropped below requirement: 5.43
[2026-04-30 12:43:21] [WARNING] [DMSPipeline] FPS dropped below requirement: 5.44
[2026-04-30 12:43:21] [WARNING] [DMSPipeline] FPS dropped below requirement: 5.45
[2026-04-30 12:43:21] [WARNING] [DMSPipeline] FPS dropped below requirement: 5.46
[2026-04-30 12:43:21] [WARNING] [DMSPipeline] FPS dropped below requirement: 5.44
[2026-04-30 12:43:21] [WARNING] [DMSPipeline] FPS dropped below requirement: 5.45
[2026-04-30 12:43:21] [WARNING] [DMSPipeline] FPS dropped below requirement: 5.47
[2026-04-30 12:43:22] [INFO] [VideoCapture] Camera released.
[2026-04-30 12:43:22] [INFO] [DMSPipeline] System shutdown
[2026-04-30 12:43:22] [INFO] [DMSPipeline] System shutdown
[2026-04-30 15:01:40] [INFO] [Main] Initializing Driver Monitoring System...
[2026-04-30 15:01:41] [INFO] [VideoCapture] Opening video source: data/dataset.mp4 ...
[2026-04-30 15:01:41] [INFO] [VideoCapture] Source opened successfully: data/dataset.mp4
[2026-04-30 15:01:41] [INFO] [DMSPipeline] Capture loop started. Press 'q' to quit.
[2026-04-30 15:01:41] [WARNING] [DMSPipeline] FPS dropped below requirement: 0.00
[2026-04-30 15:01:41] [WARNING] [DMSPipeline] FPS dropped below requirement: 4.22
[2026-04-30 15:01:42] [WARNING] [DMSPipeline] FPS dropped below requirement: 5.07
[2026-04-30 15:01:42] [WARNING] [DMSPipeline] FPS dropped below requirement: 5.07
[2026-04-30 15:01:42] [WARNING] [DMSPipeline] FPS dropped below requirement: 5.34
[2026-04-30 15:01:42] [WARNING] [DMSPipeline] FPS dropped below requirement: 5.40
[2026-04-30 15:01:42] [WARNING] [DMSPipeline] FPS dropped below requirement: 5.41
[2026-04-30 15:01:43] [WARNING] [DMSPipeline] FPS dropped below requirement: 5.51
[2026-04-30 15:01:43] [WARNING] [DMSPipeline] FPS dropped below requirement: 5.50
[2026-04-30 15:01:43] [WARNING] [DMSPipeline] FPS dropped below requirement: 5.53
[2026-04-30 15:01:43] [WARNING] [DMSPipeline] FPS dropped below requirement: 5.44
[2026-04-30 15:01:43] [WARNING] [DMSPipeline] FPS dropped below requirement: 5.42
[2026-04-30 15:01:43] [WARNING] [DMSPipeline] FPS dropped below requirement: 5.44
[2026-04-30 15:01:44] [WARNING] [DMSPipeline] FPS dropped below requirement: 5.44
[2026-04-30 15:01:44] [WARNING] [DMSPipeline] FPS dropped below requirement: 5.44
[2026-04-30 15:01:44] [WARNING] [DMSPipeline] FPS dropped below requirement: 5.46
[2026-04-30 15:01:44] [WARNING] [DMSPipeline] FPS dropped below requirement: 5.47
[2026-04-30 15:01:44] [WARNING] [DMSPipeline] FPS dropped below requirement: 5.43
[2026-04-30 15:01:45] [WARNING] [DMSPipeline] FPS dropped below requirement: 5.42
[2026-04-30 15:01:45] [WARNING] [DMSPipeline] FPS dropped below requirement: 5.44
[2026-04-30 15:01:45] [WARNING] [DMSPipeline] FPS dropped below requirement: 5.46
[2026-04-30 15:01:45] [WARNING] [DMSPipeline] FPS dropped below requirement: 5.43
[2026-04-30 15:01:45] [WARNING] [DMSPipeline] FPS dropped below requirement: 5.45
[2026-04-30 15:01:45] [WARNING] [DMSPipeline] FPS dropped below requirement: 5.46
[2026-04-30 15:01:46] [WARNING] [DMSPipeline] FPS dropped below requirement: 5.46
[2026-04-30 15:01:46] [WARNING] [DMSPipeline] FPS dropped below requirement: 5.45
[2026-04-30 15:01:46] [WARNING] [DMSPipeline] FPS dropped below requirement: 5.44
[2026-04-30 15:01:46] [WARNING] [DMSPipeline] FPS dropped below requirement: 5.48
[2026-04-30 15:01:46] [WARNING] [DMSPipeline] FPS dropped below requirement: 5.46
[2026-04-30 15:01:47] [WARNING] [DMSPipeline] FPS dropped below requirement: 5.45
[2026-04-30 15:01:47] [WARNING] [DMSPipeline] FPS dropped below requirement: 5.51
[2026-04-30 15:01:47] [WARNING] [DMSPipeline] FPS dropped below requirement: 5.48
[2026-04-30 15:01:47] [WARNING] [DMSPipeline] FPS dropped below requirement: 5.48
[2026-04-30 15:01:47] [WARNING] [DMSPipeline] FPS dropped below requirement: 5.46
[2026-04-30 15:01:47] [WARNING] [DMSPipeline] FPS dropped below requirement: 5.45
[2026-04-30 15:01:48] [WARNING] [DMSPipeline] FPS dropped below requirement: 5.48
[2026-04-30 15:01:48] [WARNING] [DMSPipeline] FPS dropped below requirement: 5.42
[2026-04-30 15:01:48] [WARNING] [DMSPipeline] FPS dropped below requirement: 5.43
[2026-04-30 15:01:48] [WARNING] [DMSPipeline] FPS dropped below requirement: 5.43
[2026-04-30 15:01:48] [WARNING] [DMSPipeline] FPS dropped below requirement: 5.46
[2026-04-30 15:01:49] [WARNING] [DMSPipeline] FPS dropped below requirement: 5.47
[2026-04-30 15:01:49] [WARNING] [DMSPipeline] FPS dropped below requirement: 5.46
[2026-04-30 15:01:49] [WARNING] [DMSPipeline] FPS dropped below requirement: 5.46
[2026-04-30 15:01:49] [WARNING] [DMSPipeline] FPS dropped below requirement: 5.46
[2026-04-30 15:01:49] [WARNING] [DMSPipeline] FPS dropped below requirement: 5.47
[2026-04-30 15:01:49] [WARNING] [DMSPipeline] FPS dropped below requirement: 5.47
[2026-04-30 15:01:50] [WARNING] [DMSPipeline] FPS dropped below requirement: 5.50
[2026-04-30 15:01:50] [WARNING] [DMSPipeline] FPS dropped below requirement: 5.50
[2026-04-30 15:01:50] [WARNING] [DMSPipeline] FPS dropped below requirement: 5.48
[2026-04-30 15:01:50] [WARNING] [DMSPipeline] FPS dropped below requirement: 5.47
[2026-04-30 15:01:50] [WARNING] [DMSPipeline] FPS dropped below requirement: 5.49
[2026-04-30 15:01:51] [WARNING] [DMSPipeline] FPS dropped below requirement: 5.48
[2026-04-30 15:01:51] [WARNING] [DMSPipeline] FPS dropped below requirement: 5.46
[2026-04-30 15:01:51] [WARNING] [DMSPipeline] FPS dropped below requirement: 5.46
[2026-04-30 15:01:51] [WARNING] [DMSPipeline] FPS dropped below requirement: 5.43
[2026-04-30 15:01:51] [WARNING] [DMSPipeline] FPS dropped below requirement: 5.44
[2026-04-30 15:01:52] [WARNING] [DMSPipeline] FPS dropped below requirement: 5.41
[2026-04-30 15:01:52] [WARNING] [DMSPipeline] FPS dropped below requirement: 5.41
[2026-04-30 15:01:52] [WARNING] [DMSPipeline] FPS dropped below requirement: 5.43
[2026-04-30 15:01:52] [WARNING] [DMSPipeline] FPS dropped below requirement: 5.44
[2026-04-30 15:01:52] [WARNING] [DMSPipeline] FPS dropped below requirement: 5.43
[2026-04-30 15:01:52] [WARNING] [DMSPipeline] FPS dropped below requirement: 5.45
[2026-04-30 15:01:53] [WARNING] [DMSPipeline] FPS dropped below requirement: 5.45
[2026-04-30 15:01:53] [WARNING] [DMSPipeline] FPS dropped below requirement: 5.46
[2026-04-30 15:01:53] [WARNING] [DMSPipeline] FPS dropped below requirement: 5.42
[2026-04-30 15:01:53] [WARNING] [DMSPipeline] FPS dropped below requirement: 5.46
[2026-04-30 15:01:53] [WARNING] [DMSPipeline] FPS dropped below requirement: 5.45
[2026-04-30 15:01:54] [WARNING] [DMSPipeline] FPS dropped below requirement: 5.46
[2026-04-30 15:01:54] [WARNING] [DMSPipeline] FPS dropped below requirement: 5.45
[2026-04-30 15:01:54] [WARNING] [DMSPipeline] FPS dropped below requirement: 5.46
[2026-04-30 15:01:54] [WARNING] [DMSPipeline] FPS dropped below requirement: 5.44
[2026-04-30 15:01:54] [WARNING] [DMSPipeline] FPS dropped below requirement: 5.47
[2026-04-30 15:01:54] [WARNING] [DMSPipeline] FPS dropped below requirement: 5.47
[2026-04-30 15:01:55] [WARNING] [DMSPipeline] FPS dropped below requirement: 5.45
[2026-04-30 15:01:55] [WARNING] [DMSPipeline] FPS dropped below requirement: 5.47
[2026-04-30 15:01:55] [WARNING] [DMSPipeline] FPS dropped below requirement: 5.44
[2026-04-30 15:01:55] [WARNING] [DMSPipeline] FPS dropped below requirement: 5.41
[2026-04-30 15:01:55] [WARNING] [DMSPipeline] FPS dropped below requirement: 5.41
[2026-04-30 15:01:56] [WARNING] [DMSPipeline] FPS dropped below requirement: 5.45
[2026-04-30 15:01:56] [WARNING] [DMSPipeline] FPS dropped below requirement: 5.45
[2026-04-30 15:01:56] [WARNING] [DMSPipeline] FPS dropped below requirement: 5.44
[2026-04-30 15:01:56] [WARNING] [DMSPipeline] FPS dropped below requirement: 5.46
[2026-04-30 15:01:56] [WARNING] [DMSPipeline] FPS dropped below requirement: 5.46
[2026-04-30 15:01:56] [WARNING] [DMSPipeline] FPS dropped below requirement: 5.50
[2026-04-30 15:01:57] [WARNING] [DMSPipeline] FPS dropped below requirement: 5.50
[2026-04-30 15:01:57] [WARNING] [DMSPipeline] FPS dropped below requirement: 5.52
[2026-04-30 15:01:57] [WARNING] [DMSPipeline] FPS dropped below requirement: 5.51
[2026-04-30 15:01:57] [WARNING] [DMSPipeline] FPS dropped below requirement: 5.51
[2026-04-30 15:01:57] [WARNING] [DMSPipeline] FPS dropped below requirement: 5.53
[2026-04-30 15:01:58] [WARNING] [DMSPipeline] FPS dropped below requirement: 5.53
[2026-04-30 15:01:58] [WARNING] [DMSPipeline] FPS dropped below requirement: 5.52
[2026-04-30 15:01:58] [WARNING] [DMSPipeline] FPS dropped below requirement: 5.52
[2026-04-30 15:01:58] [WARNING] [DMSPipeline] FPS dropped below requirement: 5.53
[2026-04-30 15:01:58] [INFO] [VideoCapture] Camera released.
[2026-04-30 15:01:58] [INFO] [DMSPipeline] System shutdown
[2026-04-30 15:01:58] [INFO] [DMSPipeline] System shutdown
[2026-04-30 15:02:24] [INFO] [Main] Initializing Driver Monitoring System...
[2026-04-30 15:02:32] [INFO] [Main] Initializing Driver Monitoring System...
[2026-04-30 15:02:51] [INFO] [Main] Initializing Driver Monitoring System...
[2026-04-30 15:03:37] [INFO] [Main] Initializing Driver Monitoring System...
[2026-04-30 15:05:34] [INFO] [Main] Initializing Driver Monitoring System...
[2026-04-30 15:05:34] [INFO] [VideoCapture] Opening video source: data/dataset.mp4 ...
[2026-04-30 15:05:34] [INFO] [VideoCapture] Source opened successfully: data/dataset.mp4
[2026-04-30 15:05:34] [INFO] [DMSPipeline] Capture loop started. Press 'q' to quit.
[2026-04-30 15:05:34] [WARNING] [DMSPipeline] FPS dropped below requirement: 0.00
[2026-04-30 15:05:34] [WARNING] [DMSPipeline] FPS dropped below requirement: 4.36
[2026-04-30 15:05:35] [WARNING] [DMSPipeline] FPS dropped below requirement: 5.21
[2026-04-30 15:05:35] [WARNING] [DMSPipeline] FPS dropped below requirement: 5.32
[2026-04-30 15:05:35] [WARNING] [DMSPipeline] FPS dropped below requirement: 5.28
[2026-04-30 15:05:35] [WARNING] [DMSPipeline] FPS dropped below requirement: 5.41
[2026-04-30 15:05:35] [WARNING] [DMSPipeline] FPS dropped below requirement: 5.45
[2026-04-30 15:05:35] [WARNING] [DMSPipeline] FPS dropped below requirement: 5.43
[2026-04-30 15:05:36] [WARNING] [DMSPipeline] FPS dropped below requirement: 5.47
[2026-04-30 15:05:36] [WARNING] [DMSPipeline] FPS dropped below requirement: 5.45
[2026-04-30 15:05:36] [WARNING] [DMSPipeline] FPS dropped below requirement: 5.47
[2026-04-30 15:05:36] [WARNING] [DMSPipeline] FPS dropped below requirement: 5.40
[2026-04-30 15:05:36] [WARNING] [DMSPipeline] FPS dropped below requirement: 5.33
[2026-04-30 15:05:37] [WARNING] [DMSPipeline] FPS dropped below requirement: 5.37
[2026-04-30 15:05:37] [WARNING] [DMSPipeline] FPS dropped below requirement: 5.39
[2026-04-30 15:05:37] [WARNING] [DMSPipeline] FPS dropped below requirement: 5.40
[2026-04-30 15:05:37] [WARNING] [DMSPipeline] FPS dropped below requirement: 5.39
[2026-04-30 15:05:37] [WARNING] [DMSPipeline] FPS dropped below requirement: 5.40
[2026-04-30 15:05:37] [WARNING] [DMSPipeline] FPS dropped below requirement: 5.42
[2026-04-30 15:05:38] [WARNING] [DMSPipeline] FPS dropped below requirement: 5.46
[2026-04-30 15:05:38] [WARNING] [DMSPipeline] FPS dropped below requirement: 5.46
[2026-04-30 15:05:38] [WARNING] [DMSPipeline] FPS dropped below requirement: 5.47
[2026-04-30 15:05:38] [WARNING] [DMSPipeline] FPS dropped below requirement: 5.46
[2026-04-30 15:05:38] [WARNING] [DMSPipeline] FPS dropped below requirement: 5.46
[2026-04-30 15:05:39] [WARNING] [DMSPipeline] FPS dropped below requirement: 5.45
[2026-04-30 15:05:39] [WARNING] [DMSPipeline] FPS dropped below requirement: 5.48
[2026-04-30 15:05:39] [WARNING] [DMSPipeline] FPS dropped below requirement: 5.48
[2026-04-30 15:05:39] [WARNING] [DMSPipeline] FPS dropped below requirement: 5.48
[2026-04-30 15:05:39] [WARNING] [DMSPipeline] FPS dropped below requirement: 5.50
[2026-04-30 15:05:39] [WARNING] [DMSPipeline] FPS dropped below requirement: 5.50
[2026-04-30 15:05:40] [WARNING] [DMSPipeline] FPS dropped below requirement: 5.55
[2026-04-30 15:05:40] [WARNING] [DMSPipeline] FPS dropped below requirement: 5.52
[2026-04-30 15:05:40] [WARNING] [DMSPipeline] FPS dropped below requirement: 5.51
[2026-04-30 15:05:40] [WARNING] [DMSPipeline] FPS dropped below requirement: 5.52
[2026-04-30 15:05:40] [WARNING] [DMSPipeline] FPS dropped below requirement: 5.51
[2026-04-30 15:05:41] [WARNING] [DMSPipeline] FPS dropped below requirement: 5.50
[2026-04-30 15:05:41] [WARNING] [DMSPipeline] FPS dropped below requirement: 5.49
[2026-04-30 15:05:41] [WARNING] [DMSPipeline] FPS dropped below requirement: 5.48
[2026-04-30 15:05:41] [WARNING] [DMSPipeline] FPS dropped below requirement: 5.48
[2026-04-30 15:05:41] [WARNING] [DMSPipeline] FPS dropped below requirement: 5.47
[2026-04-30 15:05:41] [WARNING] [DMSPipeline] FPS dropped below requirement: 5.50
[2026-04-30 15:05:42] [WARNING] [DMSPipeline] FPS dropped below requirement: 5.55
[2026-04-30 15:05:42] [WARNING] [DMSPipeline] FPS dropped below requirement: 5.53
[2026-04-30 15:05:42] [WARNING] [DMSPipeline] FPS dropped below requirement: 5.49
[2026-04-30 15:05:42] [WARNING] [DMSPipeline] FPS dropped below requirement: 5.48
[2026-04-30 15:05:42] [WARNING] [DMSPipeline] FPS dropped below requirement: 5.51
[2026-04-30 15:05:43] [WARNING] [DMSPipeline] FPS dropped below requirement: 5.51
[2026-04-30 15:05:43] [WARNING] [DMSPipeline] FPS dropped below requirement: 5.50
[2026-04-30 15:05:43] [WARNING] [DMSPipeline] FPS dropped below requirement: 5.47
[2026-04-30 15:05:43] [WARNING] [DMSPipeline] FPS dropped below requirement: 5.48
[2026-04-30 15:05:43] [WARNING] [DMSPipeline] FPS dropped below requirement: 5.48
[2026-04-30 15:05:44] [WARNING] [DMSPipeline] FPS dropped below requirement: 5.49
[2026-04-30 15:05:44] [WARNING] [DMSPipeline] FPS dropped below requirement: 5.22
[2026-04-30 15:05:44] [WARNING] [DMSPipeline] FPS dropped below requirement: 5.13
[2026-04-30 15:05:45] [WARNING] [DMSPipeline] FPS dropped below requirement: 4.99
[2026-04-30 15:05:45] [WARNING] [DMSPipeline] FPS dropped below requirement: 4.93
[2026-04-30 15:05:45] [WARNING] [DMSPipeline] FPS dropped below requirement: 4.85
[2026-04-30 15:05:45] [WARNING] [DMSPipeline] FPS dropped below requirement: 4.78
[2026-04-30 15:05:46] [INFO] [VideoCapture] Camera released.
[2026-04-30 15:05:46] [INFO] [DMSPipeline] System shutdown
[2026-04-30 15:05:46] [INFO] [DMSPipeline] System shutdown
[2026-04-30 15:07:32] [INFO] [Main] Initializing Driver Monitoring System...
[2026-04-30 15:07:32] [INFO] [VideoCapture] Opening video source: data/dataset.mp4 ...
[2026-04-30 15:07:32] [INFO] [VideoCapture] Source opened successfully: data/dataset.mp4
[2026-04-30 15:07:32] [INFO] [DMSPipeline] Capture loop started. Press 'q' to quit.
[2026-04-30 15:07:32] [WARNING] [DMSPipeline] FPS dropped below requirement: 0.00
[2026-04-30 15:07:33] [WARNING] [DMSPipeline] FPS dropped below requirement: 5.96
[2026-04-30 15:07:33] [WARNING] [DMSPipeline] FPS dropped below requirement: 6.88
[2026-04-30 15:07:33] [WARNING] [DMSPipeline] FPS dropped below requirement: 7.37
[2026-04-30 15:07:33] [WARNING] [DMSPipeline] FPS dropped below requirement: 7.68
[2026-04-30 15:07:33] [WARNING] [DMSPipeline] FPS dropped below requirement: 7.73
[2026-04-30 15:07:33] [WARNING] [DMSPipeline] FPS dropped below requirement: 7.87
[2026-04-30 15:07:33] [WARNING] [DMSPipeline] FPS dropped below requirement: 8.23
[2026-04-30 15:07:33] [WARNING] [DMSPipeline] FPS dropped below requirement: 8.21
[2026-04-30 15:07:33] [WARNING] [DMSPipeline] FPS dropped below requirement: 8.08
[2026-04-30 15:07:34] [WARNING] [DMSPipeline] FPS dropped below requirement: 8.07
[2026-04-30 15:07:34] [WARNING] [DMSPipeline] FPS dropped below requirement: 8.15
[2026-04-30 15:07:34] [WARNING] [DMSPipeline] FPS dropped below requirement: 8.20
[2026-04-30 15:07:34] [WARNING] [DMSPipeline] FPS dropped below requirement: 8.21
[2026-04-30 15:07:34] [WARNING] [DMSPipeline] FPS dropped below requirement: 8.30
[2026-04-30 15:07:34] [WARNING] [DMSPipeline] FPS dropped below requirement: 8.24
[2026-04-30 15:07:34] [WARNING] [DMSPipeline] FPS dropped below requirement: 8.24
[2026-04-30 15:07:34] [WARNING] [DMSPipeline] FPS dropped below requirement: 8.28
[2026-04-30 15:07:35] [WARNING] [DMSPipeline] FPS dropped below requirement: 8.31
[2026-04-30 15:07:35] [WARNING] [DMSPipeline] FPS dropped below requirement: 8.30
[2026-04-30 15:07:35] [WARNING] [DMSPipeline] FPS dropped below requirement: 8.35
[2026-04-30 15:07:35] [WARNING] [DMSPipeline] FPS dropped below requirement: 8.40
[2026-04-30 15:07:35] [WARNING] [DMSPipeline] FPS dropped below requirement: 8.40
[2026-04-30 15:07:35] [WARNING] [DMSPipeline] FPS dropped below requirement: 8.42
[2026-04-30 15:07:35] [WARNING] [DMSPipeline] FPS dropped below requirement: 8.36
[2026-04-30 15:07:35] [WARNING] [DMSPipeline] FPS dropped below requirement: 8.39
[2026-04-30 15:07:35] [WARNING] [DMSPipeline] FPS dropped below requirement: 8.39
[2026-04-30 15:07:36] [WARNING] [DMSPipeline] FPS dropped below requirement: 8.44
[2026-04-30 15:07:36] [WARNING] [DMSPipeline] FPS dropped below requirement: 8.42
[2026-04-30 15:07:36] [WARNING] [DMSPipeline] FPS dropped below requirement: 8.44
[2026-04-30 15:07:36] [WARNING] [DMSPipeline] FPS dropped below requirement: 8.55
[2026-04-30 15:07:36] [WARNING] [DMSPipeline] FPS dropped below requirement: 8.59
[2026-04-30 15:07:36] [WARNING] [DMSPipeline] FPS dropped below requirement: 8.55
[2026-04-30 15:07:36] [WARNING] [DMSPipeline] FPS dropped below requirement: 8.52
[2026-04-30 15:07:36] [WARNING] [DMSPipeline] FPS dropped below requirement: 8.54
[2026-04-30 15:07:37] [WARNING] [DMSPipeline] FPS dropped below requirement: 8.52
[2026-04-30 15:07:37] [WARNING] [DMSPipeline] FPS dropped below requirement: 8.42
[2026-04-30 15:07:37] [WARNING] [DMSPipeline] FPS dropped below requirement: 8.42
[2026-04-30 15:07:37] [WARNING] [DMSPipeline] FPS dropped below requirement: 8.45
[2026-04-30 15:07:37] [WARNING] [DMSPipeline] FPS dropped below requirement: 8.45
[2026-04-30 15:07:37] [WARNING] [DMSPipeline] FPS dropped below requirement: 8.45
[2026-04-30 15:07:37] [INFO] [VideoCapture] Camera released.
[2026-04-30 15:07:37] [INFO] [DMSPipeline] System shutdown
[2026-04-30 15:07:37] [INFO] [DMSPipeline] System shutdown
[2026-04-30 15:07:46] [INFO] [Main] Initializing Driver Monitoring System...
[2026-04-30 15:07:46] [INFO] [VideoCapture] Opening video source: data/dataset.mp4 ...
[2026-04-30 15:07:46] [INFO] [VideoCapture] Source opened successfully: data/dataset.mp4
[2026-04-30 15:07:46] [INFO] [DMSPipeline] Capture loop started. Press 'q' to quit.
[2026-04-30 15:07:46] [WARNING] [DMSPipeline] FPS dropped below requirement: 0.00
[2026-04-30 15:07:46] [WARNING] [DMSPipeline] FPS dropped below requirement: 9.57
[2026-04-30 15:10:02] [INFO] [VideoCapture] Camera released.
[2026-04-30 15:10:02] [INFO] [DMSPipeline] System shutdown
[2026-04-30 15:10:02] [INFO] [DMSPipeline] System shutdown
[2026-04-30 15:15:07] [INFO] [Main] Initializing Driver Monitoring System...
[2026-04-30 15:15:07] [INFO] [VideoCapture] Opening video source: data/dataset.mp4 ...
[2026-04-30 15:15:07] [INFO] [VideoCapture] Source opened successfully: data/dataset.mp4
[2026-04-30 15:15:07] [INFO] [DMSPipeline] Capture loop started. Press 'q' to quit.
[2026-04-30 15:15:08] [WARNING] [DMSPipeline] FPS dropped below requirement: 0.00
[2026-04-30 15:15:08] [WARNING] [DMSPipeline] FPS dropped below requirement: 10.25
[2026-04-30 15:15:30] [INFO] [VideoCapture] Camera released.
[2026-04-30 15:15:30] [INFO] [DMSPipeline] System shutdown
[2026-04-30 15:15:30] [INFO] [DMSPipeline] System shutdown
[2026-04-30 15:25:01] [INFO] [Main] Initializing Driver Monitoring System...
[2026-04-30 15:25:01] [INFO] [VideoCapture] Opening video source: data/dataset.mp4 ...
[2026-04-30 15:25:01] [INFO] [VideoCapture] Source opened successfully: data/dataset.mp4
[2026-04-30 15:25:01] [INFO] [DMSPipeline] Capture loop started. Press 'q' to quit.
[2026-04-30 15:25:01] [WARNING] [DMSPipeline] FPS dropped below requirement: 0.00
[2026-04-30 15:25:01] [WARNING] [DMSPipeline] FPS dropped below requirement: 13.96
[2026-04-30 15:25:06] [INFO] [VideoCapture] Camera released.
[2026-04-30 15:25:06] [INFO] [DMSPipeline] System shutdown
[2026-04-30 15:25:06] [INFO] [DMSPipeline] System shutdown
[2026-04-30 15:25:16] [INFO] [Main] Initializing Driver Monitoring System...
[2026-04-30 15:25:17] [INFO] [VideoCapture] Opening video source: data/dataset.mp4 ...
[2026-04-30 15:25:17] [INFO] [VideoCapture] Source opened successfully: data/dataset.mp4
[2026-04-30 15:25:17] [INFO] [DMSPipeline] Capture loop started. Press 'q' to quit.
[2026-04-30 15:25:17] [WARNING] [DMSPipeline] FPS dropped below requirement: 0.00
[2026-04-30 15:25:17] [WARNING] [DMSPipeline] FPS dropped below requirement: 6.29
[2026-04-30 15:25:17] [WARNING] [DMSPipeline] FPS dropped below requirement: 6.95
[2026-04-30 15:25:17] [WARNING] [DMSPipeline] FPS dropped below requirement: 7.41
[2026-04-30 15:25:18] [WARNING] [DMSPipeline] FPS dropped below requirement: 7.63
[2026-04-30 15:25:18] [WARNING] [DMSPipeline] FPS dropped below requirement: 7.67
[2026-04-30 15:25:18] [WARNING] [DMSPipeline] FPS dropped below requirement: 7.83
[2026-04-30 15:25:18] [WARNING] [DMSPipeline] FPS dropped below requirement: 7.85
[2026-04-30 15:25:18] [WARNING] [DMSPipeline] FPS dropped below requirement: 7.93
[2026-04-30 15:25:18] [WARNING] [DMSPipeline] FPS dropped below requirement: 8.02
[2026-04-30 15:25:18] [WARNING] [DMSPipeline] FPS dropped below requirement: 7.80
[2026-04-30 15:25:18] [WARNING] [DMSPipeline] FPS dropped below requirement: 7.86
[2026-04-30 15:25:19] [WARNING] [DMSPipeline] FPS dropped below requirement: 7.89
[2026-04-30 15:25:19] [WARNING] [DMSPipeline] FPS dropped below requirement: 7.77
[2026-04-30 15:25:19] [WARNING] [DMSPipeline] FPS dropped below requirement: 7.81
[2026-04-30 15:25:19] [WARNING] [DMSPipeline] FPS dropped below requirement: 7.86
[2026-04-30 15:25:19] [WARNING] [DMSPipeline] FPS dropped below requirement: 7.86
[2026-04-30 15:25:19] [WARNING] [DMSPipeline] FPS dropped below requirement: 7.90
[2026-04-30 15:25:19] [WARNING] [DMSPipeline] FPS dropped below requirement: 7.89
[2026-04-30 15:25:19] [WARNING] [DMSPipeline] FPS dropped below requirement: 7.92
[2026-04-30 15:25:20] [WARNING] [DMSPipeline] FPS dropped below requirement: 7.96
[2026-04-30 15:25:20] [WARNING] [DMSPipeline] FPS dropped below requirement: 7.95
[2026-04-30 15:25:20] [INFO] [VideoCapture] Camera released.
[2026-04-30 15:25:20] [INFO] [DMSPipeline] System shutdown
[2026-04-30 15:25:20] [INFO] [DMSPipeline] System shutdown
[2026-04-30 15:39:24] [INFO] [Main] Initializing Driver Monitoring System...
[2026-04-30 15:39:24] [INFO] [VideoCapture] Opening video source: data/dataset.mp4 ...
[2026-04-30 15:39:25] [INFO] [VideoCapture] Source opened successfully: data/dataset.mp4
[2026-04-30 15:39:25] [INFO] [DMSPipeline] Capture loop started. Press 'q' to quit.
[2026-04-30 15:39:25] [WARNING] [DMSPipeline] FPS dropped below requirement: 0.00
[2026-04-30 15:39:25] [WARNING] [DMSPipeline] FPS dropped below requirement: 6.88
[2026-04-30 15:39:25] [WARNING] [DMSPipeline] FPS dropped below requirement: 10.78
[2026-04-30 15:39:25] [WARNING] [DMSPipeline] FPS dropped below requirement: 14.81
[2026-04-30 15:39:38] [INFO] [VideoCapture] Camera released.
[2026-04-30 15:39:38] [INFO] [DMSPipeline] System shutdown
[2026-04-30 15:39:38] [INFO] [DMSPipeline] System shutdown
[2026-04-30 15:44:27] [INFO] [Main] Initializing Driver Monitoring System...
[2026-04-30 15:44:27] [INFO] [VideoCapture] Opening video source: data/dataset.mp4 ...
[2026-04-30 15:44:27] [INFO] [VideoCapture] Source opened successfully: data/dataset.mp4
[2026-04-30 15:44:27] [INFO] [DMSPipeline] Capture loop started. Press 'q' to quit.
[2026-04-30 15:44:27] [WARNING] [DMSPipeline] FPS dropped below requirement: 0.00
[2026-04-30 15:44:27] [WARNING] [DMSPipeline] FPS dropped below requirement: 9.05
[2026-04-30 15:44:27] [WARNING] [DMSPipeline] FPS dropped below requirement: 14.65
[2026-04-30 15:44:28] [INFO] [VideoCapture] Camera released.
[2026-04-30 15:44:28] [INFO] [DMSPipeline] System shutdown
[2026-04-30 15:44:28] [INFO] [DMSPipeline] System shutdown
[2026-04-30 15:45:51] [INFO] [Main] Initializing Driver Monitoring System...
[2026-04-30 15:45:51] [INFO] [VideoCapture] Opening video source: data/dataset.mp4 ...
[2026-04-30 15:45:51] [INFO] [VideoCapture] Source opened successfully: data/dataset.mp4
[2026-04-30 15:45:51] [INFO] [DMSPipeline] Capture loop started. Press 'q' to quit.
[2026-04-30 15:45:52] [WARNING] [DMSPipeline] FPS dropped below requirement: 0.00
[2026-04-30 15:45:52] [WARNING] [DMSPipeline] FPS dropped below requirement: 0.89
[2026-04-30 15:45:52] [WARNING] [DMSPipeline] FPS dropped below requirement: 1.63
[2026-04-30 15:45:52] [WARNING] [DMSPipeline] FPS dropped below requirement: 2.28
[2026-04-30 15:45:52] [WARNING] [DMSPipeline] FPS dropped below requirement: 2.87
[2026-04-30 15:45:52] [WARNING] [DMSPipeline] FPS dropped below requirement: 3.36
[2026-04-30 15:45:53] [WARNING] [DMSPipeline] FPS dropped below requirement: 3.82
[2026-04-30 15:45:53] [WARNING] [DMSPipeline] FPS dropped below requirement: 4.25
[2026-04-30 15:45:53] [WARNING] [DMSPipeline] FPS dropped below requirement: 4.64
[2026-04-30 15:45:53] [WARNING] [DMSPipeline] FPS dropped below requirement: 5.00
[2026-04-30 15:45:53] [WARNING] [DMSPipeline] FPS dropped below requirement: 5.32
[2026-04-30 15:45:53] [WARNING] [DMSPipeline] FPS dropped below requirement: 5.60
[2026-04-30 15:45:53] [WARNING] [DMSPipeline] FPS dropped below requirement: 5.84
[2026-04-30 15:45:53] [WARNING] [DMSPipeline] FPS dropped below requirement: 6.10
[2026-04-30 15:45:53] [WARNING] [DMSPipeline] FPS dropped below requirement: 6.33
[2026-04-30 15:45:53] [WARNING] [DMSPipeline] FPS dropped below requirement: 6.55
[2026-04-30 15:45:53] [WARNING] [DMSPipeline] FPS dropped below requirement: 6.75
[2026-04-30 15:45:53] [WARNING] [DMSPipeline] FPS dropped below requirement: 6.95
[2026-04-30 15:45:53] [WARNING] [DMSPipeline] FPS dropped below requirement: 7.08
[2026-04-30 15:45:54] [WARNING] [DMSPipeline] FPS dropped below requirement: 7.26
[2026-04-30 15:45:54] [WARNING] [DMSPipeline] FPS dropped below requirement: 7.42
[2026-04-30 15:45:54] [WARNING] [DMSPipeline] FPS dropped below requirement: 7.57
[2026-04-30 15:45:54] [WARNING] [DMSPipeline] FPS dropped below requirement: 7.71
[2026-04-30 15:45:54] [WARNING] [DMSPipeline] FPS dropped below requirement: 7.84
[2026-04-30 15:45:54] [WARNING] [DMSPipeline] FPS dropped below requirement: 7.97
[2026-04-30 15:45:54] [WARNING] [DMSPipeline] FPS dropped below requirement: 8.09
[2026-04-30 15:45:54] [WARNING] [DMSPipeline] FPS dropped below requirement: 8.24
[2026-04-30 15:45:54] [WARNING] [DMSPipeline] FPS dropped below requirement: 8.35
[2026-04-30 15:45:54] [WARNING] [DMSPipeline] FPS dropped below requirement: 8.45
[2026-04-30 15:45:54] [WARNING] [DMSPipeline] FPS dropped below requirement: 8.55
[2026-04-30 15:45:54] [WARNING] [DMSPipeline] FPS dropped below requirement: 12.38
[2026-04-30 15:45:54] [WARNING] [DMSPipeline] FPS dropped below requirement: 12.47
[2026-04-30 15:45:55] [WARNING] [DMSPipeline] FPS dropped below requirement: 12.53
[2026-04-30 15:45:55] [WARNING] [DMSPipeline] FPS dropped below requirement: 12.53
[2026-04-30 15:45:55] [WARNING] [DMSPipeline] FPS dropped below requirement: 12.62
[2026-04-30 15:45:55] [WARNING] [DMSPipeline] FPS dropped below requirement: 12.62
[2026-04-30 15:45:55] [WARNING] [DMSPipeline] FPS dropped below requirement: 12.60
[2026-04-30 15:45:55] [WARNING] [DMSPipeline] FPS dropped below requirement: 12.53
[2026-04-30 15:45:55] [WARNING] [DMSPipeline] FPS dropped below requirement: 12.51
[2026-04-30 15:45:55] [WARNING] [DMSPipeline] FPS dropped below requirement: 12.53
[2026-04-30 15:45:55] [WARNING] [DMSPipeline] FPS dropped below requirement: 12.54
[2026-04-30 15:45:55] [WARNING] [DMSPipeline] FPS dropped below requirement: 12.60
[2026-04-30 15:45:55] [WARNING] [DMSPipeline] FPS dropped below requirement: 12.59
[2026-04-30 15:45:55] [WARNING] [DMSPipeline] FPS dropped below requirement: 12.61
[2026-04-30 15:45:56] [WARNING] [DMSPipeline] FPS dropped below requirement: 12.60
[2026-04-30 15:45:56] [WARNING] [DMSPipeline] FPS dropped below requirement: 12.60
[2026-04-30 15:45:56] [WARNING] [DMSPipeline] FPS dropped below requirement: 12.60
[2026-04-30 15:45:56] [WARNING] [DMSPipeline] FPS dropped below requirement: 12.69
[2026-04-30 15:45:56] [WARNING] [DMSPipeline] FPS dropped below requirement: 12.68
[2026-04-30 15:45:56] [WARNING] [DMSPipeline] FPS dropped below requirement: 12.67
[2026-04-30 15:45:56] [WARNING] [DMSPipeline] FPS dropped below requirement: 12.66
[2026-04-30 15:45:56] [WARNING] [DMSPipeline] FPS dropped below requirement: 12.66
[2026-04-30 15:45:56] [WARNING] [DMSPipeline] FPS dropped below requirement: 12.67
[2026-04-30 15:45:56] [WARNING] [DMSPipeline] FPS dropped below requirement: 12.65
[2026-04-30 15:45:56] [WARNING] [DMSPipeline] FPS dropped below requirement: 12.66
[2026-04-30 15:45:56] [WARNING] [DMSPipeline] FPS dropped below requirement: 12.58
[2026-04-30 15:45:56] [WARNING] [DMSPipeline] FPS dropped below requirement: 12.57
[2026-04-30 15:45:57] [WARNING] [DMSPipeline] FPS dropped below requirement: 12.57
[2026-04-30 15:45:57] [WARNING] [DMSPipeline] FPS dropped below requirement: 12.57
[2026-04-30 15:45:57] [WARNING] [DMSPipeline] FPS dropped below requirement: 12.57
[2026-04-30 15:45:57] [WARNING] [DMSPipeline] FPS dropped below requirement: 12.57
[2026-04-30 15:45:57] [WARNING] [DMSPipeline] FPS dropped below requirement: 12.57
[2026-04-30 15:45:57] [WARNING] [DMSPipeline] FPS dropped below requirement: 12.58
[2026-04-30 15:45:57] [WARNING] [DMSPipeline] FPS dropped below requirement: 12.57
[2026-04-30 15:45:57] [WARNING] [DMSPipeline] FPS dropped below requirement: 12.58
[2026-04-30 15:45:57] [WARNING] [DMSPipeline] FPS dropped below requirement: 12.60
[2026-04-30 15:45:57] [WARNING] [DMSPipeline] FPS dropped below requirement: 12.67
[2026-04-30 15:45:57] [WARNING] [DMSPipeline] FPS dropped below requirement: 12.67
[2026-04-30 15:45:57] [WARNING] [DMSPipeline] FPS dropped below requirement: 12.65
[2026-04-30 15:45:58] [WARNING] [DMSPipeline] FPS dropped below requirement: 12.65
[2026-04-30 15:45:58] [WARNING] [DMSPipeline] FPS dropped below requirement: 12.65
[2026-04-30 15:45:58] [WARNING] [DMSPipeline] FPS dropped below requirement: 12.38
[2026-04-30 15:45:58] [WARNING] [DMSPipeline] FPS dropped below requirement: 12.23
[2026-04-30 15:45:58] [WARNING] [DMSPipeline] FPS dropped below requirement: 12.22
[2026-04-30 15:45:58] [WARNING] [DMSPipeline] FPS dropped below requirement: 12.15
[2026-04-30 15:45:58] [WARNING] [DMSPipeline] FPS dropped below requirement: 12.06
[2026-04-30 15:45:58] [WARNING] [DMSPipeline] FPS dropped below requirement: 11.98
[2026-04-30 15:45:58] [WARNING] [DMSPipeline] FPS dropped below requirement: 11.90
[2026-04-30 15:45:58] [WARNING] [DMSPipeline] FPS dropped below requirement: 11.84
[2026-04-30 15:45:58] [WARNING] [DMSPipeline] FPS dropped below requirement: 11.77
[2026-04-30 15:45:59] [WARNING] [DMSPipeline] FPS dropped below requirement: 11.69
[2026-04-30 15:45:59] [WARNING] [DMSPipeline] FPS dropped below requirement: 11.62
[2026-04-30 15:45:59] [WARNING] [DMSPipeline] FPS dropped below requirement: 11.62
[2026-04-30 15:45:59] [WARNING] [DMSPipeline] FPS dropped below requirement: 11.55
[2026-04-30 15:45:59] [WARNING] [DMSPipeline] FPS dropped below requirement: 11.47
[2026-04-30 15:45:59] [WARNING] [DMSPipeline] FPS dropped below requirement: 11.47
[2026-04-30 15:45:59] [WARNING] [DMSPipeline] FPS dropped below requirement: 11.40
[2026-04-30 15:45:59] [WARNING] [DMSPipeline] FPS dropped below requirement: 11.40
[2026-04-30 15:45:59] [WARNING] [DMSPipeline] FPS dropped below requirement: 11.40
[2026-04-30 15:45:59] [WARNING] [DMSPipeline] FPS dropped below requirement: 11.41
[2026-04-30 15:45:59] [WARNING] [DMSPipeline] FPS dropped below requirement: 11.34
[2026-04-30 15:46:00] [WARNING] [DMSPipeline] FPS dropped below requirement: 11.26
[2026-04-30 15:46:00] [WARNING] [DMSPipeline] FPS dropped below requirement: 11.19
[2026-04-30 15:46:00] [WARNING] [DMSPipeline] FPS dropped below requirement: 11.12
[2026-04-30 15:46:00] [WARNING] [DMSPipeline] FPS dropped below requirement: 11.06
[2026-04-30 15:46:00] [WARNING] [DMSPipeline] FPS dropped below requirement: 10.99
[2026-04-30 15:46:00] [WARNING] [DMSPipeline] FPS dropped below requirement: 10.92
[2026-04-30 15:46:00] [WARNING] [DMSPipeline] FPS dropped below requirement: 10.86
[2026-04-30 15:46:00] [WARNING] [DMSPipeline] FPS dropped below requirement: 10.80
[2026-04-30 15:46:00] [WARNING] [DMSPipeline] FPS dropped below requirement: 10.78
[2026-04-30 15:46:00] [WARNING] [DMSPipeline] FPS dropped below requirement: 10.95
[2026-04-30 15:46:00] [WARNING] [DMSPipeline] FPS dropped below requirement: 10.98
[2026-04-30 15:46:01] [WARNING] [DMSPipeline] FPS dropped below requirement: 10.93
[2026-04-30 15:46:01] [WARNING] [DMSPipeline] FPS dropped below requirement: 10.92
[2026-04-30 15:46:01] [WARNING] [DMSPipeline] FPS dropped below requirement: 10.92
[2026-04-30 15:46:01] [WARNING] [DMSPipeline] FPS dropped below requirement: 10.92
[2026-04-30 15:46:01] [WARNING] [DMSPipeline] FPS dropped below requirement: 10.92
[2026-04-30 15:46:01] [WARNING] [DMSPipeline] FPS dropped below requirement: 10.91
[2026-04-30 15:46:01] [WARNING] [DMSPipeline] FPS dropped below requirement: 10.91
[2026-04-30 15:46:01] [WARNING] [DMSPipeline] FPS dropped below requirement: 10.91
[2026-04-30 15:46:01] [WARNING] [DMSPipeline] FPS dropped below requirement: 10.92
[2026-04-30 15:46:01] [WARNING] [DMSPipeline] FPS dropped below requirement: 10.91
[2026-04-30 15:46:01] [WARNING] [DMSPipeline] FPS dropped below requirement: 10.98
[2026-04-30 15:46:02] [WARNING] [DMSPipeline] FPS dropped below requirement: 10.98
[2026-04-30 15:46:02] [WARNING] [DMSPipeline] FPS dropped below requirement: 10.92
[2026-04-30 15:46:02] [WARNING] [DMSPipeline] FPS dropped below requirement: 10.85
[2026-04-30 15:46:02] [WARNING] [DMSPipeline] FPS dropped below requirement: 10.73
[2026-04-30 15:46:02] [WARNING] [DMSPipeline] FPS dropped below requirement: 10.61
[2026-04-30 15:46:02] [WARNING] [DMSPipeline] FPS dropped below requirement: 10.49
[2026-04-30 15:46:02] [WARNING] [DMSPipeline] FPS dropped below requirement: 10.44
[2026-04-30 15:46:02] [WARNING] [DMSPipeline] FPS dropped below requirement: 10.38
[2026-04-30 15:46:02] [WARNING] [DMSPipeline] FPS dropped below requirement: 10.32
[2026-04-30 15:46:03] [WARNING] [DMSPipeline] FPS dropped below requirement: 10.26
[2026-04-30 15:46:03] [WARNING] [DMSPipeline] FPS dropped below requirement: 10.19
[2026-04-30 15:46:03] [WARNING] [DMSPipeline] FPS dropped below requirement: 10.14
[2026-04-30 15:46:03] [WARNING] [DMSPipeline] FPS dropped below requirement: 10.08
[2026-04-30 15:46:03] [WARNING] [DMSPipeline] FPS dropped below requirement: 10.03
[2026-04-30 15:46:03] [WARNING] [DMSPipeline] FPS dropped below requirement: 9.98
[2026-04-30 15:46:03] [WARNING] [DMSPipeline] FPS dropped below requirement: 9.90
[2026-04-30 15:46:03] [WARNING] [DMSPipeline] FPS dropped below requirement: 9.83
[2026-04-30 15:46:03] [WARNING] [DMSPipeline] FPS dropped below requirement: 9.78
[2026-04-30 15:46:04] [WARNING] [DMSPipeline] FPS dropped below requirement: 9.73
[2026-04-30 15:46:04] [WARNING] [DMSPipeline] FPS dropped below requirement: 9.68
[2026-04-30 15:46:04] [WARNING] [DMSPipeline] FPS dropped below requirement: 9.63
[2026-04-30 15:46:04] [WARNING] [DMSPipeline] FPS dropped below requirement: 9.58
[2026-04-30 15:46:04] [WARNING] [DMSPipeline] FPS dropped below requirement: 9.54
[2026-04-30 15:46:04] [WARNING] [DMSPipeline] FPS dropped below requirement: 9.50
[2026-04-30 15:46:04] [WARNING] [DMSPipeline] FPS dropped below requirement: 9.45
[2026-04-30 15:46:04] [WARNING] [DMSPipeline] FPS dropped below requirement: 9.40
[2026-04-30 15:46:04] [WARNING] [DMSPipeline] FPS dropped below requirement: 9.35
[2026-04-30 15:46:05] [WARNING] [DMSPipeline] FPS dropped below requirement: 9.26
[2026-04-30 15:46:05] [WARNING] [DMSPipeline] FPS dropped below requirement: 9.17
[2026-04-30 15:46:05] [WARNING] [DMSPipeline] FPS dropped below requirement: 9.17
[2026-04-30 15:46:05] [WARNING] [DMSPipeline] FPS dropped below requirement: 9.12
[2026-04-30 15:46:05] [WARNING] [DMSPipeline] FPS dropped below requirement: 9.12
[2026-04-30 15:46:05] [WARNING] [DMSPipeline] FPS dropped below requirement: 9.11
[2026-04-30 15:46:05] [WARNING] [DMSPipeline] FPS dropped below requirement: 9.20
[2026-04-30 15:46:05] [WARNING] [DMSPipeline] FPS dropped below requirement: 9.29
[2026-04-30 15:46:05] [WARNING] [DMSPipeline] FPS dropped below requirement: 9.43
[2026-04-30 15:46:05] [WARNING] [DMSPipeline] FPS dropped below requirement: 9.52
[2026-04-30 15:46:05] [WARNING] [DMSPipeline] FPS dropped below requirement: 9.63
[2026-04-30 15:46:06] [WARNING] [DMSPipeline] FPS dropped below requirement: 9.73
[2026-04-30 15:46:06] [WARNING] [DMSPipeline] FPS dropped below requirement: 9.83
[2026-04-30 15:46:06] [WARNING] [DMSPipeline] FPS dropped below requirement: 9.95
[2026-04-30 15:46:06] [WARNING] [DMSPipeline] FPS dropped below requirement: 10.00
[2026-04-30 15:46:06] [WARNING] [DMSPipeline] FPS dropped below requirement: 10.06
[2026-04-30 15:46:06] [WARNING] [DMSPipeline] FPS dropped below requirement: 10.17
[2026-04-30 15:46:06] [WARNING] [DMSPipeline] FPS dropped below requirement: 10.27
[2026-04-30 15:46:06] [WARNING] [DMSPipeline] FPS dropped below requirement: 10.38
[2026-04-30 15:46:06] [WARNING] [DMSPipeline] FPS dropped below requirement: 10.49
[2026-04-30 15:46:06] [WARNING] [DMSPipeline] FPS dropped below requirement: 10.62
[2026-04-30 15:46:06] [WARNING] [DMSPipeline] FPS dropped below requirement: 10.69
[2026-04-30 15:46:06] [WARNING] [DMSPipeline] FPS dropped below requirement: 10.82
[2026-04-30 15:46:07] [WARNING] [DMSPipeline] FPS dropped below requirement: 10.95
[2026-04-30 15:46:07] [WARNING] [DMSPipeline] FPS dropped below requirement: 11.01
[2026-04-30 15:46:07] [WARNING] [DMSPipeline] FPS dropped below requirement: 11.13
[2026-04-30 15:46:07] [WARNING] [DMSPipeline] FPS dropped below requirement: 11.27
[2026-04-30 15:46:07] [WARNING] [DMSPipeline] FPS dropped below requirement: 11.49
[2026-04-30 15:46:07] [WARNING] [DMSPipeline] FPS dropped below requirement: 11.63
[2026-04-30 15:46:07] [WARNING] [DMSPipeline] FPS dropped below requirement: 11.64
[2026-04-30 15:46:07] [WARNING] [DMSPipeline] FPS dropped below requirement: 11.64
[2026-04-30 15:46:07] [WARNING] [DMSPipeline] FPS dropped below requirement: 11.57
[2026-04-30 15:46:07] [WARNING] [DMSPipeline] FPS dropped below requirement: 11.65
[2026-04-30 15:46:07] [WARNING] [DMSPipeline] FPS dropped below requirement: 11.66
[2026-04-30 15:46:08] [WARNING] [DMSPipeline] FPS dropped below requirement: 11.65
[2026-04-30 15:46:08] [WARNING] [DMSPipeline] FPS dropped below requirement: 11.50
[2026-04-30 15:46:08] [WARNING] [DMSPipeline] FPS dropped below requirement: 11.36
[2026-04-30 15:46:08] [WARNING] [DMSPipeline] FPS dropped below requirement: 11.16
[2026-04-30 15:46:08] [WARNING] [DMSPipeline] FPS dropped below requirement: 11.03
[2026-04-30 15:46:08] [WARNING] [DMSPipeline] FPS dropped below requirement: 10.90
[2026-04-30 15:46:08] [WARNING] [DMSPipeline] FPS dropped below requirement: 10.77
[2026-04-30 15:46:08] [WARNING] [DMSPipeline] FPS dropped below requirement: 10.65
[2026-04-30 15:46:08] [WARNING] [DMSPipeline] FPS dropped below requirement: 10.54
[2026-04-30 15:46:09] [WARNING] [DMSPipeline] FPS dropped below requirement: 10.47
[2026-04-30 15:46:09] [WARNING] [DMSPipeline] FPS dropped below requirement: 10.40
[2026-04-30 15:46:09] [WARNING] [DMSPipeline] FPS dropped below requirement: 10.29
[2026-04-30 15:46:09] [WARNING] [DMSPipeline] FPS dropped below requirement: 10.17
[2026-04-30 15:46:09] [WARNING] [DMSPipeline] FPS dropped below requirement: 10.07
[2026-04-30 15:46:09] [WARNING] [DMSPipeline] FPS dropped below requirement: 9.88
[2026-04-30 15:46:09] [WARNING] [DMSPipeline] FPS dropped below requirement: 9.79
[2026-04-30 15:46:09] [WARNING] [DMSPipeline] FPS dropped below requirement: 9.81
[2026-04-30 15:46:09] [WARNING] [DMSPipeline] FPS dropped below requirement: 9.77
[2026-04-30 15:46:10] [WARNING] [DMSPipeline] FPS dropped below requirement: 9.72
[2026-04-30 15:46:10] [WARNING] [DMSPipeline] FPS dropped below requirement: 9.73
[2026-04-30 15:46:10] [WARNING] [DMSPipeline] FPS dropped below requirement: 9.69
[2026-04-30 15:46:10] [WARNING] [DMSPipeline] FPS dropped below requirement: 9.62
[2026-04-30 15:46:10] [WARNING] [DMSPipeline] FPS dropped below requirement: 9.52
[2026-04-30 15:46:10] [WARNING] [DMSPipeline] FPS dropped below requirement: 9.49
[2026-04-30 15:46:10] [WARNING] [DMSPipeline] FPS dropped below requirement: 9.42
[2026-04-30 15:46:10] [WARNING] [DMSPipeline] FPS dropped below requirement: 9.67
[2026-04-30 15:46:10] [WARNING] [DMSPipeline] FPS dropped below requirement: 9.94
[2026-04-30 15:46:10] [WARNING] [DMSPipeline] FPS dropped below requirement: 10.15
[2026-04-30 15:46:10] [WARNING] [DMSPipeline] FPS dropped below requirement: 10.44
[2026-04-30 15:46:10] [WARNING] [DMSPipeline] FPS dropped below requirement: 10.75
[2026-04-30 15:46:10] [WARNING] [DMSPipeline] FPS dropped below requirement: 11.08
[2026-04-30 15:46:10] [WARNING] [DMSPipeline] FPS dropped below requirement: 11.40
[2026-04-30 15:46:10] [WARNING] [DMSPipeline] FPS dropped below requirement: 11.71
[2026-04-30 15:46:10] [WARNING] [DMSPipeline] FPS dropped below requirement: 12.09
[2026-04-30 15:46:10] [WARNING] [DMSPipeline] FPS dropped below requirement: 12.39
[2026-04-30 15:46:10] [WARNING] [DMSPipeline] FPS dropped below requirement: 12.77
[2026-04-30 15:46:10] [WARNING] [DMSPipeline] FPS dropped below requirement: 13.14
[2026-04-30 15:46:11] [WARNING] [DMSPipeline] FPS dropped below requirement: 13.62
[2026-04-30 15:46:11] [WARNING] [DMSPipeline] FPS dropped below requirement: 14.14
[2026-04-30 15:46:11] [WARNING] [DMSPipeline] FPS dropped below requirement: 14.72
[2026-04-30 15:46:12] [INFO] [VideoCapture] Camera released.
[2026-04-30 15:46:12] [INFO] [DMSPipeline] System shutdown
[2026-04-30 15:46:12] [INFO] [DMSPipeline] System shutdown
[2026-04-30 15:47:08] [INFO] [Main] Initializing Driver Monitoring System...
[2026-04-30 15:47:09] [INFO] [VideoCapture] Opening video source: data/dataset.mp4 ...
[2026-04-30 15:47:09] [INFO] [VideoCapture] Source opened successfully: data/dataset.mp4
[2026-04-30 15:47:09] [INFO] [DMSPipeline] Capture loop started. Press 'q' to quit.
[2026-04-30 15:47:09] [WARNING] [DMSPipeline] FPS dropped below requirement: 0.00
[2026-04-30 15:47:09] [WARNING] [DMSPipeline] FPS dropped below requirement: 10.15
[2026-04-30 15:47:09] [WARNING] [DMSPipeline] FPS dropped below requirement: 6.17
[2026-04-30 15:47:09] [WARNING] [DMSPipeline] FPS dropped below requirement: 7.94
[2026-04-30 15:47:09] [WARNING] [DMSPipeline] FPS dropped below requirement: 9.64
[2026-04-30 15:47:09] [WARNING] [DMSPipeline] FPS dropped below requirement: 9.79
[2026-04-30 15:47:09] [WARNING] [DMSPipeline] FPS dropped below requirement: 10.30
[2026-04-30 15:47:09] [WARNING] [DMSPipeline] FPS dropped below requirement: 10.77
[2026-04-30 15:47:09] [WARNING] [DMSPipeline] FPS dropped below requirement: 10.80
[2026-04-30 15:47:09] [WARNING] [DMSPipeline] FPS dropped below requirement: 11.10
[2026-04-30 15:47:10] [WARNING] [DMSPipeline] FPS dropped below requirement: 11.43
[2026-04-30 15:47:10] [WARNING] [DMSPipeline] FPS dropped below requirement: 11.38
[2026-04-30 15:47:10] [WARNING] [DMSPipeline] FPS dropped below requirement: 11.65
[2026-04-30 15:47:10] [WARNING] [DMSPipeline] FPS dropped below requirement: 11.89
[2026-04-30 15:47:10] [WARNING] [DMSPipeline] FPS dropped below requirement: 11.87
[2026-04-30 15:47:10] [WARNING] [DMSPipeline] FPS dropped below requirement: 12.05
[2026-04-30 15:47:10] [WARNING] [DMSPipeline] FPS dropped below requirement: 12.18
[2026-04-30 15:47:10] [WARNING] [DMSPipeline] FPS dropped below requirement: 12.15
[2026-04-30 15:47:10] [WARNING] [DMSPipeline] FPS dropped below requirement: 12.30
[2026-04-30 15:47:10] [WARNING] [DMSPipeline] FPS dropped below requirement: 12.45
[2026-04-30 15:47:10] [WARNING] [DMSPipeline] FPS dropped below requirement: 12.44
[2026-04-30 15:47:10] [WARNING] [DMSPipeline] FPS dropped below requirement: 12.56
[2026-04-30 15:47:10] [WARNING] [DMSPipeline] FPS dropped below requirement: 12.68
[2026-04-30 15:47:10] [WARNING] [DMSPipeline] FPS dropped below requirement: 12.57
[2026-04-30 15:47:11] [WARNING] [DMSPipeline] FPS dropped below requirement: 12.86
[2026-04-30 15:47:11] [WARNING] [DMSPipeline] FPS dropped below requirement: 13.29
[2026-04-30 15:47:11] [WARNING] [DMSPipeline] FPS dropped below requirement: 13.16
[2026-04-30 15:47:11] [WARNING] [DMSPipeline] FPS dropped below requirement: 13.25
[2026-04-30 15:47:11] [WARNING] [DMSPipeline] FPS dropped below requirement: 13.34
[2026-04-30 15:47:11] [WARNING] [DMSPipeline] FPS dropped below requirement: 13.43
[2026-04-30 15:47:11] [WARNING] [DMSPipeline] FPS dropped below requirement: 13.21
[2026-04-30 15:47:11] [WARNING] [DMSPipeline] FPS dropped below requirement: 14.80
[2026-04-30 15:47:11] [WARNING] [DMSPipeline] FPS dropped below requirement: 14.45
[2026-04-30 15:47:11] [WARNING] [DMSPipeline] FPS dropped below requirement: 14.69
[2026-04-30 15:47:11] [WARNING] [DMSPipeline] FPS dropped below requirement: 14.53
[2026-04-30 15:47:11] [WARNING] [DMSPipeline] FPS dropped below requirement: 14.53
[2026-04-30 15:47:11] [WARNING] [DMSPipeline] FPS dropped below requirement: 14.74
[2026-04-30 15:47:11] [WARNING] [DMSPipeline] FPS dropped below requirement: 14.66
[2026-04-30 15:47:12] [WARNING] [DMSPipeline] FPS dropped below requirement: 14.65
[2026-04-30 15:47:12] [WARNING] [DMSPipeline] FPS dropped below requirement: 14.86
[2026-04-30 15:47:12] [WARNING] [DMSPipeline] FPS dropped below requirement: 14.72
[2026-04-30 15:47:12] [WARNING] [DMSPipeline] FPS dropped below requirement: 14.72
[2026-04-30 15:47:12] [WARNING] [DMSPipeline] FPS dropped below requirement: 14.90
[2026-04-30 15:47:12] [WARNING] [DMSPipeline] FPS dropped below requirement: 14.77
[2026-04-30 15:47:12] [WARNING] [DMSPipeline] FPS dropped below requirement: 14.83
[2026-04-30 15:47:53] [INFO] [VideoCapture] Camera released.
[2026-04-30 15:47:54] [INFO] [DMSPipeline] System shutdown
[2026-04-30 15:47:54] [INFO] [DMSPipeline] System shutdown
[2026-04-30 15:49:40] [INFO] [Main] Initializing Driver Monitoring System...
[2026-04-30 15:49:40] [INFO] [VideoCapture] Opening video source: data/dataset.mp4 ...
[2026-04-30 15:49:40] [INFO] [VideoCapture] Source opened successfully: data/dataset.mp4
[2026-04-30 15:49:40] [INFO] [DMSPipeline] Capture loop started. Press 'q' to quit.
[2026-04-30 15:49:41] [WARNING] [DMSPipeline] FPS dropped below requirement: 0.00
[2026-04-30 15:49:41] [WARNING] [DMSPipeline] FPS dropped below requirement: 6.56
[2026-04-30 15:49:41] [WARNING] [DMSPipeline] FPS dropped below requirement: 8.46
[2026-04-30 15:49:41] [WARNING] [DMSPipeline] FPS dropped below requirement: 10.24
[2026-04-30 15:49:41] [WARNING] [DMSPipeline] FPS dropped below requirement: 10.60
[2026-04-30 15:49:41] [WARNING] [DMSPipeline] FPS dropped below requirement: 12.01
[2026-04-30 15:49:41] [WARNING] [DMSPipeline] FPS dropped below requirement: 13.12
[2026-04-30 15:49:41] [WARNING] [DMSPipeline] FPS dropped below requirement: 12.99
[2026-04-30 15:49:41] [WARNING] [DMSPipeline] FPS dropped below requirement: 13.78
[2026-04-30 15:49:41] [WARNING] [DMSPipeline] FPS dropped below requirement: 14.87
[2026-04-30 15:49:41] [WARNING] [DMSPipeline] FPS dropped below requirement: 14.11
[2026-04-30 15:49:51] [INFO] [VideoCapture] Camera released.
[2026-04-30 15:49:51] [INFO] [DMSPipeline] System shutdown
[2026-04-30 15:49:51] [INFO] [DMSPipeline] System shutdown
[2026-04-30 15:54:48] [INFO] [Main] Initializing Driver Monitoring System...
[2026-04-30 15:54:48] [INFO] [VideoCapture] Opening video source: data/dataset.mp4 ...
[2026-04-30 15:54:48] [INFO] [VideoCapture] Source opened successfully: data/dataset.mp4
[2026-04-30 15:54:48] [INFO] [DMSPipeline] Capture loop started. Press 'q' to quit.
[2026-04-30 15:54:48] [WARNING] [DMSPipeline] FPS dropped below requirement: 0.00
[2026-04-30 15:54:48] [WARNING] [DMSPipeline] FPS dropped below requirement: 10.05
[2026-04-30 15:54:49] [WARNING] [DMSPipeline] FPS dropped below requirement: 6.57
[2026-04-30 15:54:49] [WARNING] [DMSPipeline] FPS dropped below requirement: 8.46
[2026-04-30 15:54:49] [WARNING] [DMSPipeline] FPS dropped below requirement: 10.23
[2026-04-30 15:54:49] [WARNING] [DMSPipeline] FPS dropped below requirement: 10.56
[2026-04-30 15:54:49] [WARNING] [DMSPipeline] FPS dropped below requirement: 11.98
[2026-04-30 15:54:49] [WARNING] [DMSPipeline] FPS dropped below requirement: 13.17
[2026-04-30 15:54:49] [WARNING] [DMSPipeline] FPS dropped below requirement: 13.18
[2026-04-30 15:54:49] [WARNING] [DMSPipeline] FPS dropped below requirement: 14.43
[2026-04-30 15:55:11] [INFO] [VideoCapture] Camera released.
[2026-04-30 15:55:11] [INFO] [DMSPipeline] System shutdown
[2026-04-30 15:55:11] [INFO] [DMSPipeline] System shutdown
[2026-04-30 16:21:05] [INFO] [Main] Initializing Driver Monitoring System...
[2026-04-30 16:21:05] [INFO] [VideoCapture] Opening video source: data/dataset.mp4 ...
[2026-04-30 16:21:05] [INFO] [VideoCapture] Source opened successfully: data/dataset.mp4
[2026-04-30 16:21:05] [INFO] [DMSPipeline] Capture loop started. Press 'q' to quit.
[2026-04-30 16:21:06] [WARNING] [DMSPipeline] FPS dropped below requirement: 0.00
[2026-04-30 16:21:06] [WARNING] [DMSPipeline] FPS dropped below requirement: 8.89
[2026-04-30 16:21:06] [INFO] [VideoCapture] Camera released.
[2026-04-30 16:21:06] [INFO] [DMSPipeline] System shutdown
[2026-04-30 16:21:06] [INFO] [DMSPipeline] System shutdown
[2026-04-30 16:21:35] [INFO] [Main] Initializing Driver Monitoring System...
[2026-04-30 16:21:35] [INFO] [VideoCapture] Opening video source: data/dataset.mp4 ...
[2026-04-30 16:21:35] [INFO] [VideoCapture] Source opened successfully: data/dataset.mp4
[2026-04-30 16:21:35] [INFO] [DMSPipeline] Capture loop started. Press 'q' to quit.
[2026-04-30 16:21:35] [WARNING] [DMSPipeline] FPS dropped below requirement: 0.00
[2026-04-30 16:21:36] [WARNING] [DMSPipeline] FPS dropped below requirement: 6.52
[2026-04-30 16:21:36] [WARNING] [DMSPipeline] FPS dropped below requirement: 8.20
[2026-04-30 16:21:36] [WARNING] [DMSPipeline] FPS dropped below requirement: 10.05
[2026-04-30 16:21:36] [WARNING] [DMSPipeline] FPS dropped below requirement: 10.29
[2026-04-30 16:21:36] [WARNING] [DMSPipeline] FPS dropped below requirement: 11.68
[2026-04-30 16:21:36] [WARNING] [DMSPipeline] FPS dropped below requirement: 12.94
[2026-04-30 16:21:36] [WARNING] [DMSPipeline] FPS dropped below requirement: 12.98
[2026-04-30 16:21:36] [WARNING] [DMSPipeline] FPS dropped below requirement: 14.11
[2026-04-30 16:21:36] [WARNING] [DMSPipeline] FPS dropped below requirement: 14.69
[2026-04-30 16:23:35] [WARNING] [DMSPipeline] FPS dropped below requirement: 14.66
[2026-04-30 16:23:35] [WARNING] [DMSPipeline] FPS dropped below requirement: 14.67
[2026-04-30 16:23:35] [WARNING] [DMSPipeline] FPS dropped below requirement: 14.72
[2026-04-30 16:23:35] [WARNING] [DMSPipeline] FPS dropped below requirement: 14.31
[2026-04-30 16:23:35] [WARNING] [DMSPipeline] FPS dropped below requirement: 14.28
[2026-04-30 16:23:35] [WARNING] [DMSPipeline] FPS dropped below requirement: 14.40
[2026-04-30 16:23:35] [WARNING] [DMSPipeline] FPS dropped below requirement: 13.96
[2026-04-30 16:23:35] [WARNING] [DMSPipeline] FPS dropped below requirement: 13.98
[2026-04-30 16:23:35] [WARNING] [DMSPipeline] FPS dropped below requirement: 14.08
[2026-04-30 16:23:35] [WARNING] [DMSPipeline] FPS dropped below requirement: 13.68
[2026-04-30 16:23:35] [WARNING] [DMSPipeline] FPS dropped below requirement: 13.77
[2026-04-30 16:23:35] [WARNING] [DMSPipeline] FPS dropped below requirement: 13.91
[2026-04-30 16:23:36] [WARNING] [DMSPipeline] FPS dropped below requirement: 13.68
[2026-04-30 16:23:36] [WARNING] [DMSPipeline] FPS dropped below requirement: 13.67
[2026-04-30 16:23:36] [WARNING] [DMSPipeline] FPS dropped below requirement: 13.91
[2026-04-30 16:23:36] [WARNING] [DMSPipeline] FPS dropped below requirement: 13.68
[2026-04-30 16:23:36] [INFO] [VideoCapture] Camera released.
[2026-04-30 16:23:36] [INFO] [DMSPipeline] System shutdown
[2026-04-30 16:23:36] [INFO] [DMSPipeline] System shutdown
[2026-04-30 16:23:42] [INFO] [Main] Initializing Driver Monitoring System...
[2026-04-30 16:23:42] [INFO] [VideoCapture] Opening video source: data/dataset.mp4 ...
[2026-04-30 16:23:42] [INFO] [VideoCapture] Source opened successfully: data/dataset.mp4
[2026-04-30 16:23:42] [INFO] [DMSPipeline] Capture loop started. Press 'q' to quit.
[2026-04-30 16:23:42] [WARNING] [DMSPipeline] FPS dropped below requirement: 0.00
[2026-04-30 16:23:42] [WARNING] [DMSPipeline] FPS dropped below requirement: 11.43
[2026-04-30 16:23:43] [WARNING] [DMSPipeline] FPS dropped below requirement: 13.33
[2026-04-30 16:23:43] [WARNING] [DMSPipeline] FPS dropped below requirement: 6.18
[2026-04-30 16:23:43] [WARNING] [DMSPipeline] FPS dropped below requirement: 8.00
[2026-04-30 16:23:43] [WARNING] [DMSPipeline] FPS dropped below requirement: 9.67
[2026-04-30 16:23:43] [WARNING] [DMSPipeline] FPS dropped below requirement: 9.84
[2026-04-30 16:23:43] [WARNING] [DMSPipeline] FPS dropped below requirement: 11.19
[2026-04-30 16:23:43] [WARNING] [DMSPipeline] FPS dropped below requirement: 12.36
[2026-04-30 16:23:43] [WARNING] [DMSPipeline] FPS dropped below requirement: 12.16
[2026-04-30 16:23:43] [WARNING] [DMSPipeline] FPS dropped below requirement: 12.02
[2026-04-30 16:23:43] [WARNING] [DMSPipeline] FPS dropped below requirement: 12.07
[2026-04-30 16:23:43] [WARNING] [DMSPipeline] FPS dropped below requirement: 12.11
[2026-04-30 16:23:43] [WARNING] [DMSPipeline] FPS dropped below requirement: 12.16
[2026-04-30 16:23:43] [WARNING] [DMSPipeline] FPS dropped below requirement: 12.35
[2026-04-30 16:23:43] [WARNING] [DMSPipeline] FPS dropped below requirement: 12.37
[2026-04-30 16:23:43] [WARNING] [DMSPipeline] FPS dropped below requirement: 12.37
[2026-04-30 16:23:43] [WARNING] [DMSPipeline] FPS dropped below requirement: 12.89
[2026-04-30 16:23:43] [WARNING] [DMSPipeline] FPS dropped below requirement: 12.70
[2026-04-30 16:23:43] [WARNING] [DMSPipeline] FPS dropped below requirement: 13.25
[2026-04-30 16:23:44] [WARNING] [DMSPipeline] FPS dropped below requirement: 13.80
[2026-04-30 16:23:44] [WARNING] [DMSPipeline] FPS dropped below requirement: 13.33
[2026-04-30 16:23:44] [WARNING] [DMSPipeline] FPS dropped below requirement: 13.81
[2026-04-30 16:23:44] [WARNING] [DMSPipeline] FPS dropped below requirement: 14.17
[2026-04-30 16:23:44] [WARNING] [DMSPipeline] FPS dropped below requirement: 13.98
[2026-04-30 16:23:44] [WARNING] [DMSPipeline] FPS dropped below requirement: 14.42
[2026-04-30 16:23:44] [WARNING] [DMSPipeline] FPS dropped below requirement: 14.82
[2026-04-30 16:23:44] [WARNING] [DMSPipeline] FPS dropped below requirement: 14.52
[2026-04-30 16:23:44] [WARNING] [DMSPipeline] FPS dropped below requirement: 14.80
[2026-04-30 16:23:56] [INFO] [VideoCapture] Camera released.
[2026-04-30 16:23:56] [INFO] [DMSPipeline] System shutdown
[2026-04-30 16:23:56] [INFO] [DMSPipeline] System shutdown
[2026-04-30 16:24:24] [INFO] [Main] Initializing Driver Monitoring System...
[2026-04-30 16:24:24] [INFO] [VideoCapture] Opening video source: data/dataset.mp4 ...
[2026-04-30 16:24:25] [INFO] [VideoCapture] Source opened successfully: data/dataset.mp4
[2026-04-30 16:24:25] [INFO] [DMSPipeline] Capture loop started. Press 'q' to quit.
[2026-04-30 16:24:25] [WARNING] [DMSPipeline] FPS dropped below requirement: 0.00
[2026-04-30 16:24:25] [WARNING] [DMSPipeline] FPS dropped below requirement: 6.44
[2026-04-30 16:24:25] [WARNING] [DMSPipeline] FPS dropped below requirement: 8.30
[2026-04-30 16:24:25] [WARNING] [DMSPipeline] FPS dropped below requirement: 10.14
[2026-04-30 16:24:25] [WARNING] [DMSPipeline] FPS dropped below requirement: 10.50
[2026-04-30 16:24:25] [WARNING] [DMSPipeline] FPS dropped below requirement: 11.02
[2026-04-30 16:24:25] [WARNING] [DMSPipeline] FPS dropped below requirement: 11.43
[2026-04-30 16:24:25] [WARNING] [DMSPipeline] FPS dropped below requirement: 11.57
[2026-04-30 16:24:25] [WARNING] [DMSPipeline] FPS dropped below requirement: 11.92
[2026-04-30 16:24:26] [WARNING] [DMSPipeline] FPS dropped below requirement: 12.19
[2026-04-30 16:24:26] [WARNING] [DMSPipeline] FPS dropped below requirement: 12.14
[2026-04-30 16:24:26] [WARNING] [DMSPipeline] FPS dropped below requirement: 12.37
[2026-04-30 16:24:26] [WARNING] [DMSPipeline] FPS dropped below requirement: 12.56
[2026-04-30 16:24:26] [WARNING] [DMSPipeline] FPS dropped below requirement: 12.49
[2026-04-30 16:24:26] [WARNING] [DMSPipeline] FPS dropped below requirement: 12.33
[2026-04-30 16:24:26] [WARNING] [DMSPipeline] FPS dropped below requirement: 12.51
[2026-04-30 16:24:26] [WARNING] [DMSPipeline] FPS dropped below requirement: 12.31
[2026-04-30 16:24:26] [WARNING] [DMSPipeline] FPS dropped below requirement: 12.45
[2026-04-30 16:24:26] [WARNING] [DMSPipeline] FPS dropped below requirement: 12.60
[2026-04-30 16:24:26] [WARNING] [DMSPipeline] FPS dropped below requirement: 12.59
[2026-04-30 16:24:26] [WARNING] [DMSPipeline] FPS dropped below requirement: 12.69
[2026-04-30 16:24:26] [WARNING] [DMSPipeline] FPS dropped below requirement: 12.66
[2026-04-30 16:24:26] [WARNING] [DMSPipeline] FPS dropped below requirement: 12.59
[2026-04-30 16:24:27] [WARNING] [DMSPipeline] FPS dropped below requirement: 12.69
[2026-04-30 16:24:27] [WARNING] [DMSPipeline] FPS dropped below requirement: 12.79
[2026-04-30 16:24:27] [WARNING] [DMSPipeline] FPS dropped below requirement: 12.69
[2026-04-30 16:24:27] [WARNING] [DMSPipeline] FPS dropped below requirement: 12.75
[2026-04-30 16:24:27] [WARNING] [DMSPipeline] FPS dropped below requirement: 12.73
[2026-04-30 16:24:27] [WARNING] [DMSPipeline] FPS dropped below requirement: 12.63
[2026-04-30 16:24:27] [WARNING] [DMSPipeline] FPS dropped below requirement: 12.42
[2026-04-30 16:24:27] [WARNING] [DMSPipeline] FPS dropped below requirement: 14.34
[2026-04-30 16:24:27] [WARNING] [DMSPipeline] FPS dropped below requirement: 13.88
[2026-04-30 16:24:27] [WARNING] [DMSPipeline] FPS dropped below requirement: 13.54
[2026-04-30 16:24:27] [WARNING] [DMSPipeline] FPS dropped below requirement: 13.64
[2026-04-30 16:24:27] [WARNING] [DMSPipeline] FPS dropped below requirement: 13.45
[2026-04-30 16:24:27] [WARNING] [DMSPipeline] FPS dropped below requirement: 13.47
[2026-04-30 16:24:28] [WARNING] [DMSPipeline] FPS dropped below requirement: 13.56
[2026-04-30 16:24:28] [WARNING] [DMSPipeline] FPS dropped below requirement: 13.45
[2026-04-30 16:24:28] [WARNING] [DMSPipeline] FPS dropped below requirement: 13.46
[2026-04-30 16:24:28] [WARNING] [DMSPipeline] FPS dropped below requirement: 13.60
[2026-04-30 16:24:28] [WARNING] [DMSPipeline] FPS dropped below requirement: 13.47
[2026-04-30 16:24:28] [WARNING] [DMSPipeline] FPS dropped below requirement: 13.48
[2026-04-30 16:24:28] [WARNING] [DMSPipeline] FPS dropped below requirement: 13.62
[2026-04-30 16:24:28] [WARNING] [DMSPipeline] FPS dropped below requirement: 13.66
[2026-04-30 16:24:28] [WARNING] [DMSPipeline] FPS dropped below requirement: 13.60
[2026-04-30 16:24:28] [WARNING] [DMSPipeline] FPS dropped below requirement: 13.87
[2026-04-30 16:24:28] [WARNING] [DMSPipeline] FPS dropped below requirement: 13.62
[2026-04-30 16:24:28] [WARNING] [DMSPipeline] FPS dropped below requirement: 13.92
[2026-04-30 16:24:28] [WARNING] [DMSPipeline] FPS dropped below requirement: 14.34
[2026-04-30 16:24:28] [WARNING] [DMSPipeline] FPS dropped below requirement: 13.75
[2026-04-30 16:24:28] [WARNING] [DMSPipeline] FPS dropped below requirement: 13.89
[2026-04-30 16:24:29] [WARNING] [DMSPipeline] FPS dropped below requirement: 14.15
[2026-04-30 16:24:29] [WARNING] [DMSPipeline] FPS dropped below requirement: 13.96
[2026-04-30 16:24:29] [WARNING] [DMSPipeline] FPS dropped below requirement: 13.97
[2026-04-30 16:24:29] [WARNING] [DMSPipeline] FPS dropped below requirement: 14.18
[2026-04-30 16:24:29] [WARNING] [DMSPipeline] FPS dropped below requirement: 14.10
[2026-04-30 16:24:29] [WARNING] [DMSPipeline] FPS dropped below requirement: 14.23
[2026-04-30 16:24:29] [WARNING] [DMSPipeline] FPS dropped below requirement: 14.33
[2026-04-30 16:24:29] [WARNING] [DMSPipeline] FPS dropped below requirement: 14.16
[2026-04-30 16:24:29] [WARNING] [DMSPipeline] FPS dropped below requirement: 14.16
[2026-04-30 16:24:29] [WARNING] [DMSPipeline] FPS dropped below requirement: 14.31
[2026-04-30 16:24:29] [WARNING] [DMSPipeline] FPS dropped below requirement: 14.19
[2026-04-30 16:24:29] [WARNING] [DMSPipeline] FPS dropped below requirement: 14.19
[2026-04-30 16:24:29] [WARNING] [DMSPipeline] FPS dropped below requirement: 14.41
[2026-04-30 16:24:29] [WARNING] [DMSPipeline] FPS dropped below requirement: 14.28
[2026-04-30 16:24:29] [WARNING] [DMSPipeline] FPS dropped below requirement: 14.29
[2026-04-30 16:24:30] [WARNING] [DMSPipeline] FPS dropped below requirement: 14.41
[2026-04-30 16:24:30] [WARNING] [DMSPipeline] FPS dropped below requirement: 14.26
[2026-04-30 16:24:30] [WARNING] [DMSPipeline] FPS dropped below requirement: 14.15
[2026-04-30 16:24:30] [WARNING] [DMSPipeline] FPS dropped below requirement: 14.30
[2026-04-30 16:24:30] [WARNING] [DMSPipeline] FPS dropped below requirement: 14.07
[2026-04-30 16:24:30] [WARNING] [DMSPipeline] FPS dropped below requirement: 14.06
[2026-04-30 16:24:30] [WARNING] [DMSPipeline] FPS dropped below requirement: 14.24
[2026-04-30 16:24:30] [WARNING] [DMSPipeline] FPS dropped below requirement: 14.18
[2026-04-30 16:24:30] [WARNING] [DMSPipeline] FPS dropped below requirement: 14.18
[2026-04-30 16:24:30] [WARNING] [DMSPipeline] FPS dropped below requirement: 14.46
[2026-04-30 16:24:30] [WARNING] [DMSPipeline] FPS dropped below requirement: 13.90
[2026-04-30 16:24:30] [WARNING] [DMSPipeline] FPS dropped below requirement: 13.62
[2026-04-30 16:24:30] [WARNING] [DMSPipeline] FPS dropped below requirement: 14.21
[2026-04-30 16:24:31] [WARNING] [DMSPipeline] FPS dropped below requirement: 14.08
[2026-04-30 16:24:31] [WARNING] [DMSPipeline] FPS dropped below requirement: 14.00
[2026-04-30 16:24:31] [WARNING] [DMSPipeline] FPS dropped below requirement: 14.20
[2026-04-30 16:24:31] [WARNING] [DMSPipeline] FPS dropped below requirement: 13.93
[2026-04-30 16:24:31] [WARNING] [DMSPipeline] FPS dropped below requirement: 14.18
[2026-04-30 16:24:31] [WARNING] [DMSPipeline] FPS dropped below requirement: 14.62
[2026-04-30 16:24:31] [WARNING] [DMSPipeline] FPS dropped below requirement: 14.31
[2026-04-30 16:24:31] [WARNING] [DMSPipeline] FPS dropped below requirement: 14.70
[2026-04-30 16:24:31] [WARNING] [DMSPipeline] FPS dropped below requirement: 14.90
[2026-04-30 16:24:31] [WARNING] [DMSPipeline] FPS dropped below requirement: 14.66
[2026-04-30 16:24:31] [WARNING] [DMSPipeline] FPS dropped below requirement: 14.90
[2026-04-30 16:26:21] [WARNING] [DMSPipeline] FPS dropped below requirement: 14.43
[2026-04-30 16:26:21] [WARNING] [DMSPipeline] FPS dropped below requirement: 14.22
[2026-04-30 16:26:21] [WARNING] [DMSPipeline] FPS dropped below requirement: 14.48
[2026-04-30 16:26:21] [WARNING] [DMSPipeline] FPS dropped below requirement: 13.27
[2026-04-30 16:26:21] [WARNING] [DMSPipeline] FPS dropped below requirement: 13.25
[2026-04-30 16:26:21] [WARNING] [DMSPipeline] FPS dropped below requirement: 14.40
[2026-04-30 16:26:21] [WARNING] [DMSPipeline] FPS dropped below requirement: 14.29
[2026-04-30 16:26:21] [WARNING] [DMSPipeline] FPS dropped below requirement: 14.22
[2026-04-30 16:26:21] [WARNING] [DMSPipeline] FPS dropped below requirement: 14.42
[2026-04-30 16:26:21] [WARNING] [DMSPipeline] FPS dropped below requirement: 13.65
[2026-04-30 16:26:21] [WARNING] [DMSPipeline] FPS dropped below requirement: 13.76
[2026-04-30 16:26:22] [WARNING] [DMSPipeline] FPS dropped below requirement: 13.93
[2026-04-30 16:26:22] [WARNING] [DMSPipeline] FPS dropped below requirement: 13.39
[2026-04-30 16:26:22] [WARNING] [DMSPipeline] FPS dropped below requirement: 13.39
[2026-04-30 16:26:22] [WARNING] [DMSPipeline] FPS dropped below requirement: 14.08
[2026-04-30 16:26:22] [WARNING] [DMSPipeline] FPS dropped below requirement: 13.78
[2026-04-30 16:26:22] [WARNING] [DMSPipeline] FPS dropped below requirement: 13.76
[2026-04-30 16:26:22] [WARNING] [DMSPipeline] FPS dropped below requirement: 13.82
[2026-04-30 16:26:22] [WARNING] [DMSPipeline] FPS dropped below requirement: 13.55
[2026-04-30 16:26:22] [WARNING] [DMSPipeline] FPS dropped below requirement: 13.45
[2026-04-30 16:26:22] [WARNING] [DMSPipeline] FPS dropped below requirement: 13.53
[2026-04-30 16:26:22] [WARNING] [DMSPipeline] FPS dropped below requirement: 13.33
[2026-04-30 16:26:22] [WARNING] [DMSPipeline] FPS dropped below requirement: 13.24
[2026-04-30 16:26:22] [WARNING] [DMSPipeline] FPS dropped below requirement: 13.35
[2026-04-30 16:26:22] [WARNING] [DMSPipeline] FPS dropped below requirement: 12.98
[2026-04-30 16:26:22] [WARNING] [DMSPipeline] FPS dropped below requirement: 12.89
[2026-04-30 16:26:22] [WARNING] [DMSPipeline] FPS dropped below requirement: 13.91
[2026-04-30 16:26:22] [WARNING] [DMSPipeline] FPS dropped below requirement: 14.13
[2026-04-30 16:26:22] [WARNING] [DMSPipeline] FPS dropped below requirement: 14.41
[2026-04-30 16:26:24] [WARNING] [DMSPipeline] FPS dropped below requirement: 14.96
[2026-04-30 16:26:24] [WARNING] [DMSPipeline] FPS dropped below requirement: 14.99
[2026-04-30 16:26:24] [WARNING] [DMSPipeline] FPS dropped below requirement: 14.68
[2026-04-30 16:26:24] [WARNING] [DMSPipeline] FPS dropped below requirement: 14.52
[2026-04-30 16:26:24] [WARNING] [DMSPipeline] FPS dropped below requirement: 14.62
[2026-04-30 16:26:24] [WARNING] [DMSPipeline] FPS dropped below requirement: 13.82
[2026-04-30 16:26:25] [WARNING] [DMSPipeline] FPS dropped below requirement: 13.64
[2026-04-30 16:26:25] [WARNING] [DMSPipeline] FPS dropped below requirement: 13.91
[2026-04-30 16:26:25] [WARNING] [DMSPipeline] FPS dropped below requirement: 13.60
[2026-04-30 16:26:25] [WARNING] [DMSPipeline] FPS dropped below requirement: 13.71
[2026-04-30 16:26:25] [WARNING] [DMSPipeline] FPS dropped below requirement: 13.94
[2026-04-30 16:26:25] [WARNING] [DMSPipeline] FPS dropped below requirement: 13.73
[2026-04-30 16:26:25] [WARNING] [DMSPipeline] FPS dropped below requirement: 13.72
[2026-04-30 16:26:25] [WARNING] [DMSPipeline] FPS dropped below requirement: 14.04
[2026-04-30 16:26:25] [WARNING] [DMSPipeline] FPS dropped below requirement: 13.73
[2026-04-30 16:26:25] [WARNING] [DMSPipeline] FPS dropped below requirement: 14.38
[2026-04-30 16:26:25] [WARNING] [DMSPipeline] FPS dropped below requirement: 14.81
[2026-04-30 16:26:25] [WARNING] [DMSPipeline] FPS dropped below requirement: 14.75
[2026-04-30 16:26:25] [WARNING] [DMSPipeline] FPS dropped below requirement: 14.87
[2026-04-30 16:26:26] [WARNING] [DMSPipeline] FPS dropped below requirement: 14.92
[2026-04-30 16:26:26] [WARNING] [DMSPipeline] FPS dropped below requirement: 14.18
[2026-04-30 16:26:26] [WARNING] [DMSPipeline] FPS dropped below requirement: 14.29
[2026-04-30 16:26:26] [WARNING] [DMSPipeline] FPS dropped below requirement: 14.40
[2026-04-30 16:26:26] [WARNING] [DMSPipeline] FPS dropped below requirement: 14.10
[2026-04-30 16:26:26] [WARNING] [DMSPipeline] FPS dropped below requirement: 14.38
[2026-04-30 16:26:26] [WARNING] [DMSPipeline] FPS dropped below requirement: 14.88
[2026-04-30 16:26:26] [WARNING] [DMSPipeline] FPS dropped below requirement: 14.35
[2026-04-30 16:26:26] [WARNING] [DMSPipeline] FPS dropped below requirement: 14.56
[2026-04-30 16:26:47] [INFO] [VideoCapture] Camera released.
[2026-04-30 16:26:47] [INFO] [DMSPipeline] System shutdown
[2026-04-30 16:26:47] [INFO] [DMSPipeline] System shutdown
[2026-04-30 16:26:52] [INFO] [Main] Initializing Driver Monitoring System...
[2026-04-30 16:26:53] [INFO] [VideoCapture] Opening video source: data/dataset.mp4 ...
[2026-04-30 16:26:53] [INFO] [VideoCapture] Source opened successfully: data/dataset.mp4
[2026-04-30 16:26:53] [INFO] [DMSPipeline] Capture loop started. Press 'q' to quit.
[2026-04-30 16:26:53] [WARNING] [DMSPipeline] FPS dropped below requirement: 0.00
[2026-04-30 16:26:53] [WARNING] [DMSPipeline] FPS dropped below requirement: 10.47
[2026-04-30 16:26:53] [WARNING] [DMSPipeline] FPS dropped below requirement: 6.45
[2026-04-30 16:26:53] [WARNING] [DMSPipeline] FPS dropped below requirement: 8.14
[2026-04-30 16:26:53] [WARNING] [DMSPipeline] FPS dropped below requirement: 9.78
[2026-04-30 16:26:53] [WARNING] [DMSPipeline] FPS dropped below requirement: 9.94
[2026-04-30 16:26:53] [WARNING] [DMSPipeline] FPS dropped below requirement: 10.52
[2026-04-30 16:26:53] [WARNING] [DMSPipeline] FPS dropped below requirement: 11.02
[2026-04-30 16:26:54] [WARNING] [DMSPipeline] FPS dropped below requirement: 11.13
[2026-04-30 16:26:54] [WARNING] [DMSPipeline] FPS dropped below requirement: 11.49
[2026-04-30 16:26:54] [WARNING] [DMSPipeline] FPS dropped below requirement: 11.79
[2026-04-30 16:26:54] [WARNING] [DMSPipeline] FPS dropped below requirement: 11.84
[2026-04-30 16:26:54] [WARNING] [DMSPipeline] FPS dropped below requirement: 12.08
[2026-04-30 16:26:54] [WARNING] [DMSPipeline] FPS dropped below requirement: 12.30
[2026-04-30 16:26:54] [WARNING] [DMSPipeline] FPS dropped below requirement: 12.31
[2026-04-30 16:26:54] [WARNING] [DMSPipeline] FPS dropped below requirement: 12.50
[2026-04-30 16:26:54] [WARNING] [DMSPipeline] FPS dropped below requirement: 12.67
[2026-04-30 16:26:54] [WARNING] [DMSPipeline] FPS dropped below requirement: 12.65
[2026-04-30 16:26:54] [WARNING] [DMSPipeline] FPS dropped below requirement: 12.79
[2026-04-30 16:26:54] [WARNING] [DMSPipeline] FPS dropped below requirement: 12.93
[2026-04-30 16:26:54] [WARNING] [DMSPipeline] FPS dropped below requirement: 12.85
[2026-04-30 16:26:54] [WARNING] [DMSPipeline] FPS dropped below requirement: 12.95
[2026-04-30 16:26:55] [WARNING] [DMSPipeline] FPS dropped below requirement: 13.04
[2026-04-30 16:26:55] [WARNING] [DMSPipeline] FPS dropped below requirement: 12.97
[2026-04-30 16:26:55] [WARNING] [DMSPipeline] FPS dropped below requirement: 13.07
[2026-04-30 16:26:55] [WARNING] [DMSPipeline] FPS dropped below requirement: 13.16
[2026-04-30 16:26:55] [WARNING] [DMSPipeline] FPS dropped below requirement: 13.24
[2026-04-30 16:26:55] [WARNING] [DMSPipeline] FPS dropped below requirement: 13.31
[2026-04-30 16:26:55] [WARNING] [DMSPipeline] FPS dropped below requirement: 13.40
[2026-04-30 16:26:55] [WARNING] [DMSPipeline] FPS dropped below requirement: 13.49
[2026-04-30 16:26:55] [WARNING] [DMSPipeline] FPS dropped below requirement: 13.22
[2026-04-30 16:26:55] [WARNING] [DMSPipeline] FPS dropped below requirement: 14.67
[2026-04-30 16:26:55] [WARNING] [DMSPipeline] FPS dropped below requirement: 14.28
[2026-04-30 16:26:55] [WARNING] [DMSPipeline] FPS dropped below requirement: 14.50
[2026-04-30 16:26:55] [WARNING] [DMSPipeline] FPS dropped below requirement: 14.33
[2026-04-30 16:26:55] [WARNING] [DMSPipeline] FPS dropped below requirement: 14.33
[2026-04-30 16:26:56] [WARNING] [DMSPipeline] FPS dropped below requirement: 14.47
[2026-04-30 16:26:56] [WARNING] [DMSPipeline] FPS dropped below requirement: 14.33
[2026-04-30 16:26:56] [WARNING] [DMSPipeline] FPS dropped below requirement: 14.22
[2026-04-30 16:26:56] [WARNING] [DMSPipeline] FPS dropped below requirement: 14.36
[2026-04-30 16:26:56] [WARNING] [DMSPipeline] FPS dropped below requirement: 14.24
[2026-04-30 16:26:56] [WARNING] [DMSPipeline] FPS dropped below requirement: 14.24
[2026-04-30 16:26:56] [WARNING] [DMSPipeline] FPS dropped below requirement: 14.37
[2026-04-30 16:26:56] [WARNING] [DMSPipeline] FPS dropped below requirement: 14.22
[2026-04-30 16:26:56] [WARNING] [DMSPipeline] FPS dropped below requirement: 14.22
[2026-04-30 16:26:56] [WARNING] [DMSPipeline] FPS dropped below requirement: 14.36
[2026-04-30 16:26:56] [WARNING] [DMSPipeline] FPS dropped below requirement: 14.21
[2026-04-30 16:26:56] [WARNING] [DMSPipeline] FPS dropped below requirement: 14.20
[2026-04-30 16:26:56] [WARNING] [DMSPipeline] FPS dropped below requirement: 14.38
[2026-04-30 16:26:56] [WARNING] [DMSPipeline] FPS dropped below requirement: 14.28
[2026-04-30 16:26:57] [WARNING] [DMSPipeline] FPS dropped below requirement: 14.11
[2026-04-30 16:26:57] [WARNING] [DMSPipeline] FPS dropped below requirement: 14.29
[2026-04-30 16:26:57] [WARNING] [DMSPipeline] FPS dropped below requirement: 14.11
[2026-04-30 16:26:57] [WARNING] [DMSPipeline] FPS dropped below requirement: 14.12
[2026-04-30 16:26:57] [WARNING] [DMSPipeline] FPS dropped below requirement: 14.13
[2026-04-30 16:26:57] [WARNING] [DMSPipeline] FPS dropped below requirement: 14.00
[2026-04-30 16:26:57] [WARNING] [DMSPipeline] FPS dropped below requirement: 14.00
[2026-04-30 16:26:57] [WARNING] [DMSPipeline] FPS dropped below requirement: 14.13
[2026-04-30 16:26:57] [WARNING] [DMSPipeline] FPS dropped below requirement: 14.04
[2026-04-30 16:26:57] [WARNING] [DMSPipeline] FPS dropped below requirement: 14.04
[2026-04-30 16:26:57] [WARNING] [DMSPipeline] FPS dropped below requirement: 14.26
[2026-04-30 16:26:57] [WARNING] [DMSPipeline] FPS dropped below requirement: 14.20
[2026-04-30 16:26:57] [WARNING] [DMSPipeline] FPS dropped below requirement: 14.19
[2026-04-30 16:26:57] [WARNING] [DMSPipeline] FPS dropped below requirement: 14.28
[2026-04-30 16:26:58] [WARNING] [DMSPipeline] FPS dropped below requirement: 14.11
[2026-04-30 16:26:58] [WARNING] [DMSPipeline] FPS dropped below requirement: 14.12
[2026-04-30 16:26:58] [WARNING] [DMSPipeline] FPS dropped below requirement: 14.24
[2026-04-30 16:26:58] [WARNING] [DMSPipeline] FPS dropped below requirement: 14.24
[2026-04-30 16:26:58] [WARNING] [DMSPipeline] FPS dropped below requirement: 14.23
[2026-04-30 16:26:58] [WARNING] [DMSPipeline] FPS dropped below requirement: 14.36
[2026-04-30 16:26:58] [WARNING] [DMSPipeline] FPS dropped below requirement: 14.21
[2026-04-30 16:26:58] [WARNING] [DMSPipeline] FPS dropped below requirement: 14.21
[2026-04-30 16:26:58] [WARNING] [DMSPipeline] FPS dropped below requirement: 14.36
[2026-04-30 16:26:58] [WARNING] [DMSPipeline] FPS dropped below requirement: 14.22
[2026-04-30 16:26:58] [WARNING] [DMSPipeline] FPS dropped below requirement: 14.54
[2026-04-30 16:26:58] [WARNING] [DMSPipeline] FPS dropped below requirement: 14.93
[2026-04-30 16:26:58] [WARNING] [DMSPipeline] FPS dropped below requirement: 14.93
[2026-04-30 16:27:05] [INFO] [VideoCapture] Camera released.
[2026-04-30 16:27:05] [INFO] [DMSPipeline] System shutdown
[2026-04-30 16:27:05] [INFO] [DMSPipeline] System shutdown
[2026-04-30 16:30:02] [INFO] [Main] Initializing Driver Monitoring System...
[2026-04-30 16:30:02] [INFO] [VideoCapture] Opening video source: data/dataset.mp4 ...
[2026-04-30 16:30:02] [INFO] [VideoCapture] Source opened successfully: data/dataset.mp4
[2026-04-30 16:30:02] [INFO] [DMSPipeline] Capture loop started. Press 'q' to quit.
[2026-04-30 16:30:02] [WARNING] [DMSPipeline] FPS dropped below requirement: 0.00
[2026-04-30 16:30:02] [WARNING] [DMSPipeline] FPS dropped below requirement: 12.91
[2026-04-30 16:30:03] [WARNING] [DMSPipeline] FPS dropped below requirement: 13.38
[2026-04-30 16:30:03] [WARNING] [DMSPipeline] FPS dropped below requirement: 6.00
[2026-04-30 16:30:03] [WARNING] [DMSPipeline] FPS dropped below requirement: 7.76
[2026-04-30 16:30:03] [WARNING] [DMSPipeline] FPS dropped below requirement: 9.28
[2026-04-30 16:30:03] [WARNING] [DMSPipeline] FPS dropped below requirement: 9.58
[2026-04-30 16:30:03] [WARNING] [DMSPipeline] FPS dropped below requirement: 10.90
[2026-04-30 16:30:03] [WARNING] [DMSPipeline] FPS dropped below requirement: 12.11
[2026-04-30 16:30:03] [WARNING] [DMSPipeline] FPS dropped below requirement: 12.20
[2026-04-30 16:30:03] [WARNING] [DMSPipeline] FPS dropped below requirement: 12.53
[2026-04-30 16:30:03] [WARNING] [DMSPipeline] FPS dropped below requirement: 12.78
[2026-04-30 16:30:03] [WARNING] [DMSPipeline] FPS dropped below requirement: 12.70
[2026-04-30 16:30:03] [WARNING] [DMSPipeline] FPS dropped below requirement: 12.92
[2026-04-30 16:30:03] [WARNING] [DMSPipeline] FPS dropped below requirement: 13.11
[2026-04-30 16:30:03] [WARNING] [DMSPipeline] FPS dropped below requirement: 13.03
[2026-04-30 16:30:03] [WARNING] [DMSPipeline] FPS dropped below requirement: 13.19
[2026-04-30 16:30:03] [WARNING] [DMSPipeline] FPS dropped below requirement: 13.32
[2026-04-30 16:30:03] [WARNING] [DMSPipeline] FPS dropped below requirement: 13.27
[2026-04-30 16:30:03] [WARNING] [DMSPipeline] FPS dropped below requirement: 13.39
[2026-04-30 16:30:04] [WARNING] [DMSPipeline] FPS dropped below requirement: 13.51
[2026-04-30 16:30:04] [WARNING] [DMSPipeline] FPS dropped below requirement: 13.45
[2026-04-30 16:30:04] [WARNING] [DMSPipeline] FPS dropped below requirement: 13.55
[2026-04-30 16:30:04] [WARNING] [DMSPipeline] FPS dropped below requirement: 13.64
[2026-04-30 16:30:04] [WARNING] [DMSPipeline] FPS dropped below requirement: 13.70
[2026-04-30 16:30:04] [WARNING] [DMSPipeline] FPS dropped below requirement: 13.79
[2026-04-30 16:30:04] [WARNING] [DMSPipeline] FPS dropped below requirement: 13.87
[2026-04-30 16:30:04] [WARNING] [DMSPipeline] FPS dropped below requirement: 13.78
[2026-04-30 16:30:04] [WARNING] [DMSPipeline] FPS dropped below requirement: 13.85
[2026-04-30 16:30:04] [WARNING] [DMSPipeline] FPS dropped below requirement: 14.23
[2026-04-30 16:30:04] [WARNING] [DMSPipeline] FPS dropped below requirement: 14.21
[2026-04-30 16:30:04] [WARNING] [DMSPipeline] FPS dropped below requirement: 14.62
[2026-04-30 16:30:11] [INFO] [VideoCapture] Camera released.
[2026-04-30 16:30:11] [INFO] [DMSPipeline] System shutdown
[2026-04-30 16:30:11] [INFO] [DMSPipeline] System shutdown
[2026-04-30 16:30:17] [INFO] [Main] Initializing Driver Monitoring System...
[2026-04-30 16:30:18] [INFO] [VideoCapture] Opening video source: data/dataset.mp4 ...
[2026-04-30 16:30:18] [INFO] [VideoCapture] Source opened successfully: data/dataset.mp4
[2026-04-30 16:30:18] [INFO] [DMSPipeline] Capture loop started. Press 'q' to quit.
[2026-04-30 16:30:18] [WARNING] [DMSPipeline] FPS dropped below requirement: 0.00
[2026-04-30 16:30:18] [WARNING] [DMSPipeline] FPS dropped below requirement: 9.75
[2026-04-30 16:30:18] [WARNING] [DMSPipeline] FPS dropped below requirement: 6.51
[2026-04-30 16:30:18] [WARNING] [DMSPipeline] FPS dropped below requirement: 8.40
[2026-04-30 16:30:18] [WARNING] [DMSPipeline] FPS dropped below requirement: 10.15
[2026-04-30 16:30:18] [WARNING] [DMSPipeline] FPS dropped below requirement: 10.48
[2026-04-30 16:30:18] [WARNING] [DMSPipeline] FPS dropped below requirement: 11.04
[2026-04-30 16:30:18] [WARNING] [DMSPipeline] FPS dropped below requirement: 11.50
[2026-04-30 16:30:18] [WARNING] [DMSPipeline] FPS dropped below requirement: 11.57
[2026-04-30 16:30:18] [WARNING] [DMSPipeline] FPS dropped below requirement: 11.90
[2026-04-30 16:30:19] [WARNING] [DMSPipeline] FPS dropped below requirement: 12.20
[2026-04-30 16:30:19] [WARNING] [DMSPipeline] FPS dropped below requirement: 12.22
[2026-04-30 16:30:19] [WARNING] [DMSPipeline] FPS dropped below requirement: 12.45
[2026-04-30 16:30:19] [WARNING] [DMSPipeline] FPS dropped below requirement: 12.65
[2026-04-30 16:30:19] [WARNING] [DMSPipeline] FPS dropped below requirement: 12.61
[2026-04-30 16:30:19] [WARNING] [DMSPipeline] FPS dropped below requirement: 12.79
[2026-04-30 16:30:19] [WARNING] [DMSPipeline] FPS dropped below requirement: 12.94
[2026-04-30 16:30:19] [WARNING] [DMSPipeline] FPS dropped below requirement: 12.89
[2026-04-30 16:30:19] [WARNING] [DMSPipeline] FPS dropped below requirement: 12.97
[2026-04-30 16:30:19] [WARNING] [DMSPipeline] FPS dropped below requirement: 13.10
[2026-04-30 16:30:19] [WARNING] [DMSPipeline] FPS dropped below requirement: 12.98
[2026-04-30 16:30:19] [WARNING] [DMSPipeline] FPS dropped below requirement: 13.00
[2026-04-30 16:30:19] [WARNING] [DMSPipeline] FPS dropped below requirement: 13.03
[2026-04-30 16:30:19] [WARNING] [DMSPipeline] FPS dropped below requirement: 12.87
[2026-04-30 16:30:20] [WARNING] [DMSPipeline] FPS dropped below requirement: 12.96
[2026-04-30 16:30:20] [WARNING] [DMSPipeline] FPS dropped below requirement: 13.06
[2026-04-30 16:30:20] [WARNING] [DMSPipeline] FPS dropped below requirement: 12.99
[2026-04-30 16:30:20] [WARNING] [DMSPipeline] FPS dropped below requirement: 13.07
[2026-04-30 16:30:20] [WARNING] [DMSPipeline] FPS dropped below requirement: 13.16
[2026-04-30 16:30:20] [WARNING] [DMSPipeline] FPS dropped below requirement: 13.24
[2026-04-30 16:30:20] [WARNING] [DMSPipeline] FPS dropped below requirement: 12.96
[2026-04-30 16:30:20] [WARNING] [DMSPipeline] FPS dropped below requirement: 14.79
[2026-04-30 16:30:20] [WARNING] [DMSPipeline] FPS dropped below requirement: 14.34
[2026-04-30 16:30:20] [WARNING] [DMSPipeline] FPS dropped below requirement: 14.01
[2026-04-30 16:30:20] [WARNING] [DMSPipeline] FPS dropped below requirement: 14.12
[2026-04-30 16:30:20] [WARNING] [DMSPipeline] FPS dropped below requirement: 13.90
[2026-04-30 16:30:20] [WARNING] [DMSPipeline] FPS dropped below requirement: 13.88
[2026-04-30 16:30:20] [WARNING] [DMSPipeline] FPS dropped below requirement: 14.01
[2026-04-30 16:30:21] [WARNING] [DMSPipeline] FPS dropped below requirement: 14.00
[2026-04-30 16:30:21] [WARNING] [DMSPipeline] FPS dropped below requirement: 13.99
[2026-04-30 16:30:21] [WARNING] [DMSPipeline] FPS dropped below requirement: 14.11
[2026-04-30 16:30:21] [WARNING] [DMSPipeline] FPS dropped below requirement: 14.10
[2026-04-30 16:30:21] [WARNING] [DMSPipeline] FPS dropped below requirement: 14.10
[2026-04-30 16:30:21] [WARNING] [DMSPipeline] FPS dropped below requirement: 14.24
[2026-04-30 16:30:21] [WARNING] [DMSPipeline] FPS dropped below requirement: 14.22
[2026-04-30 16:30:21] [WARNING] [DMSPipeline] FPS dropped below requirement: 14.22
[2026-04-30 16:30:21] [WARNING] [DMSPipeline] FPS dropped below requirement: 14.36
[2026-04-30 16:30:21] [WARNING] [DMSPipeline] FPS dropped below requirement: 14.40
[2026-04-30 16:30:21] [WARNING] [DMSPipeline] FPS dropped below requirement: 14.40
[2026-04-30 16:30:21] [WARNING] [DMSPipeline] FPS dropped below requirement: 14.61
[2026-04-30 16:30:21] [WARNING] [DMSPipeline] FPS dropped below requirement: 14.69
[2026-04-30 16:30:21] [WARNING] [DMSPipeline] FPS dropped below requirement: 14.72
[2026-04-30 16:30:21] [WARNING] [DMSPipeline] FPS dropped below requirement: 14.99
[2026-04-30 16:30:21] [WARNING] [DMSPipeline] FPS dropped below requirement: 15.00
[2026-04-30 16:30:22] [WARNING] [DMSPipeline] FPS dropped below requirement: 14.99
[2026-04-30 16:40:21] [INFO] [VideoCapture] Camera released.
[2026-04-30 16:40:21] [INFO] [DMSPipeline] System shutdown
[2026-04-30 16:40:21] [INFO] [DMSPipeline] System shutdown
[2026-04-30 16:40:27] [INFO] [Main] Initializing Driver Monitoring System...
[2026-04-30 16:40:27] [INFO] [VideoCapture] Opening video source: data/dataset.mp4 ...
[2026-04-30 16:40:27] [INFO] [VideoCapture] Source opened successfully: data/dataset.mp4
[2026-04-30 16:40:27] [INFO] [DMSPipeline] Capture loop started. Press 'q' to quit.
[2026-04-30 16:40:27] [WARNING] [DMSPipeline] FPS dropped below requirement: 0.00
[2026-04-30 16:40:27] [WARNING] [DMSPipeline] FPS dropped below requirement: 9.95
[2026-04-30 16:40:27] [WARNING] [DMSPipeline] FPS dropped below requirement: 6.21
[2026-04-30 16:40:27] [WARNING] [DMSPipeline] FPS dropped below requirement: 8.02
[2026-04-30 16:40:27] [WARNING] [DMSPipeline] FPS dropped below requirement: 9.72
[2026-04-30 16:40:27] [WARNING] [DMSPipeline] FPS dropped below requirement: 10.10
[2026-04-30 16:40:27] [WARNING] [DMSPipeline] FPS dropped below requirement: 11.47
[2026-04-30 16:40:28] [WARNING] [DMSPipeline] FPS dropped below requirement: 12.68
[2026-04-30 16:40:28] [WARNING] [DMSPipeline] FPS dropped below requirement: 12.51
[2026-04-30 16:40:28] [WARNING] [DMSPipeline] FPS dropped below requirement: 13.59
[2026-04-30 16:40:28] [WARNING] [DMSPipeline] FPS dropped below requirement: 14.66
[2026-04-30 16:40:28] [WARNING] [DMSPipeline] FPS dropped below requirement: 14.46
[2026-04-30 16:42:21] [INFO] [VideoCapture] Camera released.
[2026-04-30 16:42:21] [INFO] [DMSPipeline] System shutdown
[2026-04-30 16:42:21] [INFO] [DMSPipeline] System shutdown
[2026-04-30 17:21:40] [INFO] [Main] Initializing Driver Monitoring System...
[2026-04-30 17:21:41] [INFO] [Main] Models enabled → facemap=False, attrib=False, head_pose=True, analyzer=False, visualizer=True
[2026-04-30 17:21:41] [INFO] [VideoCapture] Opening video source: data/dataset.mp4 ...
[2026-04-30 17:21:41] [INFO] [VideoCapture] Source opened successfully: data/dataset.mp4
[2026-04-30 17:21:41] [INFO] [DMSPipeline] Capture loop started. Press 'q' to quit.
[2026-04-30 17:21:41] [WARNING] [DMSPipeline] FPS dropped below requirement: 0.00
[2026-04-30 17:21:41] [WARNING] [DMSPipeline] FPS dropped below requirement: 4.99
[2026-04-30 17:21:41] [WARNING] [DMSPipeline] FPS dropped below requirement: 9.04
[2026-04-30 17:21:41] [WARNING] [DMSPipeline] FPS dropped below requirement: 10.32
[2026-04-30 17:21:41] [WARNING] [DMSPipeline] FPS dropped below requirement: 12.93
[2026-04-30 17:21:44] [INFO] [VideoCapture] Camera released.
[2026-04-30 17:21:44] [INFO] [DMSPipeline] System shutdown
[2026-04-30 17:21:44] [INFO] [Main] Người dùng đã dừng chương trình.
[2026-04-30 17:21:44] [INFO] [DMSPipeline] System shutdown
[2026-04-30 17:22:01] [INFO] [Main] Initializing Driver Monitoring System...
[2026-04-30 17:22:02] [INFO] [Main] Models enabled → facemap=True, attrib=False, head_pose=True, analyzer=False, visualizer=True
[2026-04-30 17:22:02] [INFO] [VideoCapture] Opening video source: data/dataset.mp4 ...
[2026-04-30 17:22:02] [INFO] [VideoCapture] Source opened successfully: data/dataset.mp4
[2026-04-30 17:22:02] [INFO] [DMSPipeline] Capture loop started. Press 'q' to quit.
[2026-04-30 17:22:02] [WARNING] [DMSPipeline] FPS dropped below requirement: 0.00
[2026-04-30 17:22:02] [WARNING] [DMSPipeline] FPS dropped below requirement: 6.15
[2026-04-30 17:22:02] [WARNING] [DMSPipeline] FPS dropped below requirement: 10.69
[2026-04-30 17:22:02] [WARNING] [DMSPipeline] FPS dropped below requirement: 12.02
[2026-04-30 17:22:02] [WARNING] [DMSPipeline] FPS dropped below requirement: 14.77
[2026-04-30 17:22:15] [INFO] [VideoCapture] Camera released.
[2026-04-30 17:22:15] [INFO] [DMSPipeline] System shutdown
[2026-04-30 17:22:15] [INFO] [DMSPipeline] System shutdown
[2026-04-30 17:30:29] [INFO] [Main] Initializing Driver Monitoring System...
[2026-04-30 17:30:30] [INFO] [Main] Models enabled → facemap=True, attrib=False, head_pose=True, analyzer=False, visualizer=True
[2026-04-30 17:30:30] [INFO] [VideoCapture] Opening video source: data/dataset.mp4 ...
[2026-04-30 17:30:30] [INFO] [VideoCapture] Source opened successfully: data/dataset.mp4
[2026-04-30 17:30:30] [INFO] [DMSPipeline] Capture loop started. Press 'q' to quit.
[2026-04-30 17:30:30] [INFO] [VideoCapture] Camera released.
[2026-04-30 17:30:30] [INFO] [DMSPipeline] System shutdown
[2026-04-30 17:30:30] [INFO] [DMSPipeline] System shutdown
[2026-04-30 17:31:21] [INFO] [Main] Initializing Driver Monitoring System...
[2026-04-30 17:31:22] [INFO] [Main] Models enabled → facemap=True, attrib=False, head_pose=True, analyzer=False, visualizer=True
[2026-04-30 17:31:22] [INFO] [VideoCapture] Opening video source: data/dataset.mp4 ...
[2026-04-30 17:31:22] [INFO] [VideoCapture] Source opened successfully: data/dataset.mp4
[2026-04-30 17:31:22] [INFO] [DMSPipeline] Capture loop started. Press 'q' to quit.
[2026-04-30 17:31:22] [WARNING] [DMSPipeline] FPS dropped below requirement: 0.00
[2026-04-30 17:31:22] [WARNING] [DMSPipeline] FPS dropped below requirement: 5.23
[2026-04-30 17:31:22] [WARNING] [DMSPipeline] FPS dropped below requirement: 9.06
[2026-04-30 17:31:22] [WARNING] [DMSPipeline] FPS dropped below requirement: 10.40
[2026-04-30 17:31:22] [WARNING] [DMSPipeline] FPS dropped below requirement: 12.89
[2026-04-30 17:31:42] [INFO] [VideoCapture] Camera released.
[2026-04-30 17:31:42] [INFO] [DMSPipeline] System shutdown
[2026-04-30 17:31:42] [INFO] [DMSPipeline] System shutdown
[2026-04-30 17:33:16] [INFO] [Main] Initializing Driver Monitoring System...
[2026-04-30 17:33:17] [INFO] [Main] Models enabled → facemap=True, attrib=False, head_pose=True, analyzer=False, visualizer=True
[2026-04-30 17:33:17] [INFO] [VideoCapture] Opening video source: data/dataset.mp4 ...
[2026-04-30 17:33:17] [INFO] [VideoCapture] Source opened successfully: data/dataset.mp4
[2026-04-30 17:33:17] [INFO] [DMSPipeline] Capture loop started. Press 'q' to quit.
[2026-04-30 17:33:17] [WARNING] [DMSPipeline] FPS dropped below requirement: 0.00
[2026-04-30 17:33:18] [WARNING] [DMSPipeline] FPS dropped below requirement: 6.09
[2026-04-30 17:33:18] [WARNING] [DMSPipeline] FPS dropped below requirement: 10.70
[2026-04-30 17:33:18] [WARNING] [DMSPipeline] FPS dropped below requirement: 12.20
[2026-04-30 17:33:25] [INFO] [VideoCapture] Camera released.
[2026-04-30 17:33:25] [INFO] [DMSPipeline] System shutdown
[2026-04-30 17:33:25] [INFO] [DMSPipeline] System shutdown
[2026-04-30 17:34:36] [INFO] [Main] Initializing Driver Monitoring System...
[2026-04-30 17:34:37] [INFO] [Main] Models enabled → facemap=True, attrib=False, head_pose=True, analyzer=False, visualizer=True
[2026-04-30 17:34:37] [INFO] [VideoCapture] Opening video source: data/dataset.mp4 ...
[2026-04-30 17:34:37] [INFO] [VideoCapture] Source opened successfully: data/dataset.mp4
[2026-04-30 17:34:37] [INFO] [DMSPipeline] Capture loop started. Press 'q' to quit.
[2026-04-30 17:34:37] [WARNING] [DMSPipeline] FPS dropped below requirement: 0.00
[2026-04-30 17:34:37] [WARNING] [DMSPipeline] FPS dropped below requirement: 5.30
[2026-04-30 17:34:38] [WARNING] [DMSPipeline] FPS dropped below requirement: 9.39
[2026-04-30 17:34:38] [WARNING] [DMSPipeline] FPS dropped below requirement: 10.89
[2026-04-30 17:34:38] [WARNING] [DMSPipeline] FPS dropped below requirement: 13.28
[2026-04-30 17:34:57] [INFO] [VideoCapture] Camera released.
[2026-04-30 17:34:57] [INFO] [DMSPipeline] System shutdown
[2026-04-30 17:34:57] [INFO] [DMSPipeline] System shutdown
[2026-04-30 17:35:42] [INFO] [Main] Initializing Driver Monitoring System...
[2026-04-30 17:35:43] [INFO] [Main] Models enabled → facemap=True, attrib=False, head_pose=True, analyzer=False, visualizer=True
[2026-04-30 17:35:43] [INFO] [VideoCapture] Opening video source: data/dataset.mp4 ...
[2026-04-30 17:35:43] [INFO] [VideoCapture] Source opened successfully: data/dataset.mp4
[2026-04-30 17:35:43] [INFO] [DMSPipeline] Capture loop started. Press 'q' to quit.
[2026-04-30 17:35:43] [WARNING] [DMSPipeline] FPS dropped below requirement: 0.00
[2026-04-30 17:35:43] [WARNING] [DMSPipeline] FPS dropped below requirement: 4.88
[2026-04-30 17:35:43] [WARNING] [DMSPipeline] FPS dropped below requirement: 8.83
[2026-04-30 17:35:43] [WARNING] [DMSPipeline] FPS dropped below requirement: 10.30
[2026-04-30 17:35:43] [WARNING] [DMSPipeline] FPS dropped below requirement: 12.83
[2026-04-30 17:35:46] [INFO] [VideoCapture] Camera released.
[2026-04-30 17:35:46] [INFO] [DMSPipeline] System shutdown
[2026-04-30 17:35:46] [INFO] [DMSPipeline] System shutdown
[2026-05-01 13:16:54] [INFO] [Main] Initializing Driver Monitoring System...
[2026-05-01 13:16:55] [INFO] [Main] Models enabled → facemap=True, attrib=False, head_pose=True, analyzer=False, visualizer=True
[2026-05-01 13:16:55] [INFO] [VideoCapture] Opening video source: data/dataset.mp4 ...
[2026-05-01 13:16:55] [INFO] [VideoCapture] Source opened successfully: data/dataset.mp4
[2026-05-01 13:16:55] [INFO] [DMSPipeline] Capture loop started. Press 'q' to quit.
[2026-05-01 13:16:55] [WARNING] [DMSPipeline] FPS dropped below requirement: 0.00
[2026-05-01 13:16:56] [WARNING] [DMSPipeline] FPS dropped below requirement: 4.72
[2026-05-01 13:16:56] [WARNING] [DMSPipeline] FPS dropped below requirement: 8.43
[2026-05-01 13:16:56] [WARNING] [DMSPipeline] FPS dropped below requirement: 10.08
[2026-05-01 13:16:56] [WARNING] [DMSPipeline] FPS dropped below requirement: 12.54
[2026-05-01 13:16:56] [WARNING] [DMSPipeline] FPS dropped below requirement: 14.76
[2026-05-01 13:18:16] [INFO] [VideoCapture] Camera released.
[2026-05-01 13:18:16] [INFO] [DMSPipeline] System shutdown
[2026-05-01 13:18:16] [INFO] [Main] Người dùng đã dừng chương trình.
[2026-05-01 13:18:16] [INFO] [DMSPipeline] System shutdown
[2026-05-01 13:19:32] [INFO] [Main] Initializing Driver Monitoring System...
[2026-05-01 13:19:32] [INFO] [Main] Models enabled → facemap=True, attrib=False, head_pose=True, analyzer=False, visualizer=True
[2026-05-01 13:19:32] [INFO] [VideoCapture] Opening video source: data/dataset.mp4 ...
[2026-05-01 13:19:32] [INFO] [VideoCapture] Source opened successfully: data/dataset.mp4
[2026-05-01 13:19:32] [INFO] [DMSPipeline] Capture loop started. Press 'q' to quit.
[2026-05-01 13:19:33] [WARNING] [DMSPipeline] FPS dropped below requirement: 0.00
[2026-05-01 13:19:33] [WARNING] [DMSPipeline] FPS dropped below requirement: 5.44
[2026-05-01 13:19:33] [WARNING] [DMSPipeline] FPS dropped below requirement: 9.29
[2026-05-01 13:19:33] [WARNING] [DMSPipeline] FPS dropped below requirement: 10.93
[2026-05-01 13:19:33] [WARNING] [DMSPipeline] FPS dropped below requirement: 13.51
[2026-05-01 13:20:22] [INFO] [VideoCapture] Camera released.
[2026-05-01 13:20:22] [INFO] [DMSPipeline] System shutdown
[2026-05-01 13:20:22] [INFO] [Main] Người dùng đã dừng chương trình.
[2026-05-01 13:20:22] [INFO] [DMSPipeline] System shutdown
[2026-05-01 13:20:32] [INFO] [Main] Initializing Driver Monitoring System...
[2026-05-01 13:20:32] [INFO] [Main] Models enabled → facemap=True, attrib=False, head_pose=True, analyzer=False, visualizer=True
[2026-05-01 13:20:32] [INFO] [VideoCapture] Opening video source: 0 ...
[2026-05-01 13:20:35] [INFO] [VideoCapture] Source opened successfully: 0
[2026-05-01 13:20:35] [INFO] [DMSPipeline] Capture loop started. Press 'q' to quit.
[2026-05-01 13:20:35] [WARNING] [DMSPipeline] FPS dropped below requirement: 0.00
[2026-05-01 13:20:35] [WARNING] [DMSPipeline] FPS dropped below requirement: 9.35
[2026-05-01 13:20:36] [WARNING] [DMSPipeline] FPS dropped below requirement: 14.25
[2026-05-01 13:20:36] [WARNING] [DMSPipeline] FPS dropped below requirement: 12.86
[2026-05-01 13:20:36] [WARNING] [DMSPipeline] FPS dropped below requirement: 14.68
[2026-05-01 13:20:39] [WARNING] [DMSPipeline] FPS dropped below requirement: 13.83
[2026-05-01 13:20:39] [WARNING] [DMSPipeline] FPS dropped below requirement: 13.75
[2026-05-01 13:20:39] [WARNING] [DMSPipeline] FPS dropped below requirement: 13.76
[2026-05-01 13:20:39] [WARNING] [DMSPipeline] FPS dropped below requirement: 13.76
[2026-05-01 13:20:39] [WARNING] [DMSPipeline] FPS dropped below requirement: 13.76
[2026-05-01 13:20:39] [WARNING] [DMSPipeline] FPS dropped below requirement: 13.76
[2026-05-01 13:20:39] [WARNING] [DMSPipeline] FPS dropped below requirement: 13.76
[2026-05-01 13:20:39] [WARNING] [DMSPipeline] FPS dropped below requirement: 13.76
[2026-05-01 13:20:39] [WARNING] [DMSPipeline] FPS dropped below requirement: 13.76
[2026-05-01 13:20:39] [WARNING] [DMSPipeline] FPS dropped below requirement: 13.76
[2026-05-01 13:20:39] [WARNING] [DMSPipeline] FPS dropped below requirement: 13.76
[2026-05-01 13:20:39] [WARNING] [DMSPipeline] FPS dropped below requirement: 13.76
[2026-05-01 13:20:39] [WARNING] [DMSPipeline] FPS dropped below requirement: 14.17
[2026-05-01 13:20:40] [INFO] [VideoCapture] Camera released.
[2026-05-01 13:20:40] [INFO] [DMSPipeline] System shutdown
[2026-05-01 13:20:40] [INFO] [DMSPipeline] System shutdown
[2026-05-01 13:20:43] [INFO] [Main] Initializing Driver Monitoring System...
[2026-05-01 13:20:44] [INFO] [Main] Models enabled → facemap=True, attrib=False, head_pose=True, analyzer=False, visualizer=True
[2026-05-01 13:20:44] [INFO] [VideoCapture] Opening video source: 0 ...
[2026-05-01 13:20:45] [INFO] [VideoCapture] Source opened successfully: 0
[2026-05-01 13:20:45] [INFO] [DMSPipeline] Capture loop started. Press 'q' to quit.
[2026-05-01 13:20:45] [WARNING] [DMSPipeline] FPS dropped below requirement: 0.00
[2026-05-01 13:20:45] [WARNING] [DMSPipeline] FPS dropped below requirement: 9.17
[2026-05-01 13:20:45] [WARNING] [DMSPipeline] FPS dropped below requirement: 14.19
[2026-05-01 13:22:46] [INFO] [VideoCapture] Camera released.
[2026-05-01 13:22:46] [INFO] [DMSPipeline] System shutdown
[2026-05-01 13:22:46] [INFO] [DMSPipeline] System shutdown
[2026-05-01 13:39:04] [INFO] [Main] Initializing Driver Monitoring System...
[2026-05-01 13:39:05] [INFO] [Main] Models enabled → facemap=True, attrib=False, head_pose=True, analyzer=False, visualizer=True
[2026-05-01 13:39:05] [INFO] [VideoCapture] Opening video source: 0 ...
[2026-05-01 13:39:07] [INFO] [VideoCapture] Source opened successfully: 0
[2026-05-01 13:39:07] [INFO] [DMSPipeline] Capture loop started. Press 'q' to quit.
[2026-05-01 13:39:07] [WARNING] [DMSPipeline] FPS dropped below requirement: 0.00
[2026-05-01 13:39:08] [WARNING] [DMSPipeline] FPS dropped below requirement: 5.02
[2026-05-01 13:39:08] [WARNING] [DMSPipeline] FPS dropped below requirement: 8.70
[2026-05-01 13:39:08] [WARNING] [DMSPipeline] FPS dropped below requirement: 11.42
[2026-05-01 13:39:08] [WARNING] [DMSPipeline] FPS dropped below requirement: 13.55
[2026-05-01 13:39:11] [INFO] [VideoCapture] Camera released.
[2026-05-01 13:39:11] [INFO] [DMSPipeline] System shutdown
[2026-05-01 13:39:11] [INFO] [DMSPipeline] System shutdown
[2026-05-01 13:39:14] [INFO] [Main] Initializing Driver Monitoring System...
[2026-05-01 13:39:15] [INFO] [Main] Models enabled → facemap=True, attrib=False, head_pose=True, analyzer=False, visualizer=True
[2026-05-01 13:39:15] [INFO] [VideoCapture] Opening video source: 0 ...
[2026-05-01 13:39:16] [INFO] [VideoCapture] Source opened successfully: 0
[2026-05-01 13:39:16] [INFO] [DMSPipeline] Capture loop started. Press 'q' to quit.
[2026-05-01 13:39:16] [WARNING] [DMSPipeline] FPS dropped below requirement: 0.00
[2026-05-01 13:39:16] [WARNING] [DMSPipeline] FPS dropped below requirement: 6.63
[2026-05-01 13:39:16] [WARNING] [DMSPipeline] FPS dropped below requirement: 9.41
[2026-05-01 13:39:16] [WARNING] [DMSPipeline] FPS dropped below requirement: 12.19
[2026-05-01 13:39:16] [WARNING] [DMSPipeline] FPS dropped below requirement: 11.53
[2026-05-01 13:39:16] [WARNING] [DMSPipeline] FPS dropped below requirement: 13.20
[2026-05-01 13:39:16] [WARNING] [DMSPipeline] FPS dropped below requirement: 14.51
[2026-05-01 13:39:17] [WARNING] [DMSPipeline] FPS dropped below requirement: 13.65
[2026-05-01 13:39:17] [WARNING] [DMSPipeline] FPS dropped below requirement: 14.67
[2026-05-01 13:39:44] [INFO] [VideoCapture] Camera released.
[2026-05-01 13:39:44] [INFO] [DMSPipeline] System shutdown
[2026-05-01 13:39:44] [INFO] [DMSPipeline] System shutdown
[2026-05-01 13:39:58] [INFO] [Main] Initializing Driver Monitoring System...
[2026-05-01 13:39:58] [INFO] [Main] Models enabled → facemap=False, attrib=False, head_pose=True, analyzer=False, visualizer=True
[2026-05-01 13:39:58] [INFO] [VideoCapture] Opening video source: 0 ...
[2026-05-01 13:39:59] [INFO] [VideoCapture] Source opened successfully: 0
[2026-05-01 13:39:59] [INFO] [DMSPipeline] Capture loop started. Press 'q' to quit.
[2026-05-01 13:40:00] [WARNING] [DMSPipeline] FPS dropped below requirement: 0.00
[2026-05-01 13:40:00] [WARNING] [DMSPipeline] FPS dropped below requirement: 3.95
[2026-05-01 13:40:00] [WARNING] [DMSPipeline] FPS dropped below requirement: 6.85
[2026-05-01 13:40:00] [WARNING] [DMSPipeline] FPS dropped below requirement: 9.25
[2026-05-01 13:40:00] [WARNING] [DMSPipeline] FPS dropped below requirement: 8.72
[2026-05-01 13:40:00] [WARNING] [DMSPipeline] FPS dropped below requirement: 10.20
[2026-05-01 13:40:00] [WARNING] [DMSPipeline] FPS dropped below requirement: 10.79
[2026-05-01 13:40:00] [WARNING] [DMSPipeline] FPS dropped below requirement: 10.63
[2026-05-01 13:40:00] [WARNING] [DMSPipeline] FPS dropped below requirement: 11.03
[2026-05-01 13:40:00] [WARNING] [DMSPipeline] FPS dropped below requirement: 11.87
[2026-05-01 13:40:00] [WARNING] [DMSPipeline] FPS dropped below requirement: 11.65
[2026-05-01 13:40:00] [WARNING] [DMSPipeline] FPS dropped below requirement: 12.33
[2026-05-01 13:40:00] [WARNING] [DMSPipeline] FPS dropped below requirement: 13.01
[2026-05-01 13:40:01] [WARNING] [DMSPipeline] FPS dropped below requirement: 13.13
[2026-05-01 13:40:01] [WARNING] [DMSPipeline] FPS dropped below requirement: 13.68
[2026-05-01 13:40:01] [WARNING] [DMSPipeline] FPS dropped below requirement: 14.18
[2026-05-01 13:40:01] [WARNING] [DMSPipeline] FPS dropped below requirement: 14.21
[2026-05-01 13:40:01] [WARNING] [DMSPipeline] FPS dropped below requirement: 14.70
[2026-05-01 13:41:59] [INFO] [VideoCapture] Camera released.
[2026-05-01 13:41:59] [INFO] [DMSPipeline] System shutdown
[2026-05-01 13:41:59] [INFO] [DMSPipeline] System shutdown
[2026-05-01 13:42:16] [INFO] [Main] Initializing Driver Monitoring System...
[2026-05-01 13:42:16] [INFO] [Main] Models enabled → facemap=False, attrib=False, head_pose=True, analyzer=False, visualizer=True
[2026-05-01 13:42:16] [INFO] [VideoCapture] Opening video source: 0 ...
[2026-05-01 13:42:18] [INFO] [VideoCapture] Source opened successfully: 0
[2026-05-01 13:42:18] [INFO] [DMSPipeline] Capture loop started. Press 'q' to quit.
[2026-05-01 13:42:18] [WARNING] [DMSPipeline] FPS dropped below requirement: 0.00
[2026-05-01 13:42:18] [WARNING] [DMSPipeline] FPS dropped below requirement: 5.16
[2026-05-01 13:42:18] [WARNING] [DMSPipeline] FPS dropped below requirement: 8.81
[2026-05-01 13:42:18] [WARNING] [DMSPipeline] FPS dropped below requirement: 10.06
[2026-05-01 13:42:18] [WARNING] [DMSPipeline] FPS dropped below requirement: 9.32
[2026-05-01 13:42:18] [WARNING] [DMSPipeline] FPS dropped below requirement: 10.77
[2026-05-01 13:42:18] [WARNING] [DMSPipeline] FPS dropped below requirement: 11.59
[2026-05-01 13:42:18] [WARNING] [DMSPipeline] FPS dropped below requirement: 11.05
[2026-05-01 13:42:18] [WARNING] [DMSPipeline] FPS dropped below requirement: 12.08
[2026-05-01 13:42:18] [WARNING] [DMSPipeline] FPS dropped below requirement: 12.92
[2026-05-01 13:42:19] [WARNING] [DMSPipeline] FPS dropped below requirement: 12.57
[2026-05-01 13:42:19] [WARNING] [DMSPipeline] FPS dropped below requirement: 13.28
[2026-05-01 13:42:19] [WARNING] [DMSPipeline] FPS dropped below requirement: 13.90
[2026-05-01 13:42:19] [WARNING] [DMSPipeline] FPS dropped below requirement: 13.94
[2026-05-01 13:42:19] [WARNING] [DMSPipeline] FPS dropped below requirement: 14.51
[2026-05-01 13:42:30] [INFO] [VideoCapture] Camera released.
[2026-05-01 13:42:30] [INFO] [DMSPipeline] System shutdown
[2026-05-01 13:42:30] [INFO] [DMSPipeline] System shutdown
[2026-05-01 13:45:30] [INFO] [Main] Initializing Driver Monitoring System...
[2026-05-01 13:45:31] [INFO] [Main] Models enabled → facemap=False, attrib=False, head_pose=True, analyzer=False, visualizer=True
[2026-05-01 13:45:31] [INFO] [VideoCapture] Opening video source: 0 ...
[2026-05-01 13:45:32] [INFO] [VideoCapture] Source opened successfully: 0
[2026-05-01 13:45:32] [INFO] [DMSPipeline] Capture loop started. Press 'q' to quit.
[2026-05-01 13:45:32] [WARNING] [DMSPipeline] FPS dropped below requirement: 0.00
[2026-05-01 13:45:32] [WARNING] [DMSPipeline] FPS dropped below requirement: 4.11
[2026-05-01 13:45:32] [WARNING] [DMSPipeline] FPS dropped below requirement: 6.55
[2026-05-01 13:45:32] [WARNING] [DMSPipeline] FPS dropped below requirement: 8.83
[2026-05-01 13:45:32] [WARNING] [DMSPipeline] FPS dropped below requirement: 8.77
[2026-05-01 13:45:32] [WARNING] [DMSPipeline] FPS dropped below requirement: 9.57
[2026-05-01 13:45:33] [WARNING] [DMSPipeline] FPS dropped below requirement: 10.79
[2026-05-01 13:45:33] [WARNING] [DMSPipeline] FPS dropped below requirement: 10.67
[2026-05-01 13:45:33] [WARNING] [DMSPipeline] FPS dropped below requirement: 11.61
[2026-05-01 13:45:33] [WARNING] [DMSPipeline] FPS dropped below requirement: 12.46
[2026-05-01 13:45:33] [WARNING] [DMSPipeline] FPS dropped below requirement: 12.67
[2026-05-01 13:45:33] [WARNING] [DMSPipeline] FPS dropped below requirement: 13.37
[2026-05-01 13:45:33] [WARNING] [DMSPipeline] FPS dropped below requirement: 14.01
[2026-05-01 13:45:33] [WARNING] [DMSPipeline] FPS dropped below requirement: 14.07
[2026-05-01 13:45:33] [WARNING] [DMSPipeline] FPS dropped below requirement: 14.63
[2026-05-01 13:45:33] [WARNING] [DMSPipeline] FPS dropped below requirement: 14.28
[2026-05-01 13:45:33] [WARNING] [DMSPipeline] FPS dropped below requirement: 14.73
[2026-05-01 13:45:33] [WARNING] [DMSPipeline] FPS dropped below requirement: 14.73
[2026-05-01 13:45:36] [INFO] [VideoCapture] Camera released.
[2026-05-01 13:45:36] [INFO] [DMSPipeline] System shutdown
[2026-05-01 13:45:36] [INFO] [DMSPipeline] System shutdown
[2026-05-01 14:02:18] [INFO] [Main] Initializing Driver Monitoring System...
[2026-05-01 14:02:18] [INFO] [Main] Models enabled → facemap=False, attrib=False, head_pose=True, analyzer=False, visualizer=True
[2026-05-01 14:02:18] [INFO] [VideoCapture] Opening video source: 0 ...
[2026-05-01 14:02:19] [INFO] [VideoCapture] Source opened successfully: 0
[2026-05-01 14:02:19] [INFO] [DMSPipeline] Capture loop started. Press 'q' to quit.
[2026-05-01 14:02:19] [WARNING] [DMSPipeline] FPS dropped below requirement: 0.00
[2026-05-01 14:02:19] [WARNING] [DMSPipeline] FPS dropped below requirement: 8.87
[2026-05-01 14:02:19] [WARNING] [DMSPipeline] FPS dropped below requirement: 13.82
[2026-05-01 14:02:30] [INFO] [VideoCapture] Camera released.
[2026-05-01 14:02:30] [INFO] [DMSPipeline] System shutdown
[2026-05-01 14:02:30] [INFO] [DMSPipeline] System shutdown
[2026-05-01 14:06:02] [INFO] [Main] Initializing Driver Monitoring System...
[2026-05-01 14:06:02] [INFO] [Main] Models enabled → facemap=False, attrib=False, head_pose=True, analyzer=False, visualizer=True
[2026-05-01 14:06:02] [INFO] [VideoCapture] Opening video source: 0 ...
[2026-05-01 14:06:03] [INFO] [VideoCapture] Source opened successfully: 0
[2026-05-01 14:06:03] [INFO] [DMSPipeline] Capture loop started. Press 'q' to quit.
[2026-05-01 14:06:04] [WARNING] [DMSPipeline] FPS dropped below requirement: 0.00
[2026-05-01 14:06:04] [WARNING] [DMSPipeline] FPS dropped below requirement: 7.11
[2026-05-01 14:06:04] [WARNING] [DMSPipeline] FPS dropped below requirement: 11.51
[2026-05-01 14:06:04] [WARNING] [DMSPipeline] FPS dropped below requirement: 14.46
[2026-05-01 14:06:04] [WARNING] [DMSPipeline] FPS dropped below requirement: 13.67
[2026-05-01 14:06:58] [INFO] [VideoCapture] Camera released.
[2026-05-01 14:06:58] [INFO] [DMSPipeline] System shutdown
[2026-05-01 14:06:58] [INFO] [DMSPipeline] System shutdown
[2026-05-01 14:07:42] [INFO] [Main] Initializing Driver Monitoring System...
[2026-05-01 14:07:42] [INFO] [Main] Models enabled → facemap=False, attrib=False, head_pose=True, analyzer=False, visualizer=True
[2026-05-01 14:07:42] [INFO] [VideoCapture] Opening video source: 0 ...
[2026-05-01 14:07:44] [INFO] [VideoCapture] Source opened successfully: 0
[2026-05-01 14:07:44] [INFO] [DMSPipeline] Capture loop started. Press 'q' to quit.
[2026-05-01 14:07:44] [WARNING] [DMSPipeline] FPS dropped below requirement: 0.00
[2026-05-01 14:07:44] [WARNING] [DMSPipeline] FPS dropped below requirement: 7.13
[2026-05-01 14:07:44] [WARNING] [DMSPipeline] FPS dropped below requirement: 11.51
[2026-05-01 14:07:44] [WARNING] [DMSPipeline] FPS dropped below requirement: 14.45
[2026-05-01 14:07:49] [INFO] [VideoCapture] Camera released.
[2026-05-01 14:07:49] [INFO] [DMSPipeline] System shutdown
[2026-05-01 14:07:49] [INFO] [DMSPipeline] System shutdown
[2026-05-01 14:08:58] [INFO] [Main] Initializing Driver Monitoring System...
[2026-05-01 14:08:58] [INFO] [Main] Models enabled → facemap=False, attrib=False, head_pose=True, analyzer=False, visualizer=True
[2026-05-01 14:08:58] [INFO] [VideoCapture] Opening video source: 0 ...
[2026-05-01 14:08:59] [INFO] [VideoCapture] Source opened successfully: 0
[2026-05-01 14:08:59] [INFO] [DMSPipeline] Capture loop started. Press 'q' to quit.
[2026-05-01 14:08:59] [WARNING] [DMSPipeline] FPS dropped below requirement: 0.00
[2026-05-01 14:08:59] [WARNING] [DMSPipeline] FPS dropped below requirement: 8.63
[2026-05-01 14:08:59] [WARNING] [DMSPipeline] FPS dropped below requirement: 13.70
[2026-05-01 14:09:19] [INFO] [VideoCapture] Camera released.
[2026-05-01 14:09:19] [INFO] [DMSPipeline] System shutdown
[2026-05-01 14:09:19] [INFO] [Main] Người dùng đã dừng chương trình.
[2026-05-01 14:09:19] [INFO] [DMSPipeline] System shutdown
[2026-05-01 14:09:21] [INFO] [Main] Initializing Driver Monitoring System...
[2026-05-01 14:09:21] [INFO] [Main] Models enabled → facemap=False, attrib=False, head_pose=True, analyzer=False, visualizer=True
[2026-05-01 14:09:21] [INFO] [VideoCapture] Opening video source: 0 ...
[2026-05-01 14:09:22] [INFO] [VideoCapture] Source opened successfully: 0
[2026-05-01 14:09:22] [INFO] [DMSPipeline] Capture loop started. Press 'q' to quit.
[2026-05-01 14:09:22] [WARNING] [DMSPipeline] FPS dropped below requirement: 0.00
[2026-05-01 14:09:22] [WARNING] [DMSPipeline] FPS dropped below requirement: 8.83
[2026-05-01 14:09:22] [WARNING] [DMSPipeline] FPS dropped below requirement: 14.12
[2026-05-01 14:09:51] [INFO] [VideoCapture] Camera released.
[2026-05-01 14:09:51] [INFO] [DMSPipeline] System shutdown
[2026-05-01 14:09:51] [INFO] [DMSPipeline] System shutdown
[2026-05-01 14:13:27] [INFO] [Main] Initializing Driver Monitoring System...
[2026-05-01 14:13:27] [INFO] [Main] Models enabled → facemap=False, attrib=False, head_pose=True, analyzer=False, visualizer=True
[2026-05-01 14:13:27] [INFO] [VideoCapture] Opening video source: 0 ...
[2026-05-01 14:13:29] [INFO] [VideoCapture] Source opened successfully: 0
[2026-05-01 14:13:29] [INFO] [DMSPipeline] Capture loop started. Press 'q' to quit.
[2026-05-01 14:13:29] [WARNING] [DMSPipeline] FPS dropped below requirement: 0.00
[2026-05-01 14:13:29] [WARNING] [DMSPipeline] FPS dropped below requirement: 6.66
[2026-05-01 14:13:29] [WARNING] [DMSPipeline] FPS dropped below requirement: 10.39
[2026-05-01 14:13:29] [WARNING] [DMSPipeline] FPS dropped below requirement: 13.28
[2026-05-01 14:13:29] [WARNING] [DMSPipeline] FPS dropped below requirement: 13.56
[2026-05-01 14:13:40] [INFO] [VideoCapture] Camera released.
[2026-05-01 14:13:40] [INFO] [DMSPipeline] System shutdown
[2026-05-01 14:13:40] [INFO] [DMSPipeline] System shutdown
[2026-05-01 14:14:04] [INFO] [Main] Initializing Driver Monitoring System...
[2026-05-01 14:14:04] [INFO] [Main] Models enabled → facemap=False, attrib=False, head_pose=True, analyzer=False, visualizer=True
[2026-05-01 14:14:04] [INFO] [VideoCapture] Opening video source: data/dataset.mp4 ...
[2026-05-01 14:14:04] [INFO] [VideoCapture] Source opened successfully: data/dataset.mp4
[2026-05-01 14:14:04] [INFO] [DMSPipeline] Capture loop started. Press 'q' to quit.
[2026-05-01 14:14:04] [WARNING] [DMSPipeline] FPS dropped below requirement: 0.00
[2026-05-01 14:14:04] [WARNING] [DMSPipeline] FPS dropped below requirement: 8.15
[2026-05-01 14:14:04] [WARNING] [DMSPipeline] FPS dropped below requirement: 13.90
[2026-05-01 14:17:59] [INFO] [VideoCapture] Camera released.
[2026-05-01 14:17:59] [INFO] [DMSPipeline] System shutdown
[2026-05-01 14:17:59] [INFO] [DMSPipeline] System shutdown
[2026-05-01 14:19:26] [INFO] [Main] Initializing Driver Monitoring System...
[2026-05-01 14:19:26] [INFO] [Main] Models enabled → facemap=True, attrib=False, head_pose=True, analyzer=False, visualizer=True
[2026-05-01 14:19:26] [INFO] [VideoCapture] Opening video source: data/dataset.mp4 ...
[2026-05-01 14:19:26] [INFO] [VideoCapture] Source opened successfully: data/dataset.mp4
[2026-05-01 14:19:26] [INFO] [DMSPipeline] Capture loop started. Press 'q' to quit.
[2026-05-01 14:19:27] [WARNING] [DMSPipeline] FPS dropped below requirement: 0.00
[2026-05-01 14:19:27] [WARNING] [DMSPipeline] FPS dropped below requirement: 5.88
[2026-05-01 14:19:27] [WARNING] [DMSPipeline] FPS dropped below requirement: 10.36
[2026-05-01 14:19:27] [WARNING] [DMSPipeline] FPS dropped below requirement: 11.79
[2026-05-01 14:19:27] [WARNING] [DMSPipeline] FPS dropped below requirement: 14.59
[2026-05-01 14:19:37] [INFO] [VideoCapture] Camera released.
[2026-05-01 14:19:37] [INFO] [DMSPipeline] System shutdown
[2026-05-01 14:19:37] [INFO] [DMSPipeline] System shutdown
[2026-05-01 14:28:02] [INFO] [Main] Initializing Driver Monitoring System...
[2026-05-01 14:28:02] [INFO] [Main] Models enabled → facemap=True, attrib=False, head_pose=True, analyzer=False, visualizer=True
[2026-05-01 14:28:02] [INFO] [VideoCapture] Opening video source: data/dataset.mp4 ...
[2026-05-01 14:28:02] [INFO] [VideoCapture] Source opened successfully: data/dataset.mp4
[2026-05-01 14:28:02] [INFO] [DMSPipeline] Capture loop started. Press 'q' to quit.
[2026-05-01 14:28:02] [WARNING] [DMSPipeline] FPS dropped below requirement: 0.00
[2026-05-01 14:28:02] [WARNING] [DMSPipeline] FPS dropped below requirement: 5.14
[2026-05-01 14:28:02] [WARNING] [DMSPipeline] FPS dropped below requirement: 9.23
[2026-05-01 14:28:02] [WARNING] [DMSPipeline] FPS dropped below requirement: 10.86
[2026-05-01 14:28:02] [WARNING] [DMSPipeline] FPS dropped below requirement: 13.52
[2026-05-01 14:28:38] [INFO] [VideoCapture] Camera released.
[2026-05-01 14:28:38] [INFO] [DMSPipeline] System shutdown
[2026-05-01 14:28:38] [INFO] [DMSPipeline] System shutdown
[2026-05-01 14:28:53] [INFO] [Main] Initializing Driver Monitoring System...
[2026-05-01 14:28:53] [INFO] [Main] Models enabled → facemap=True, attrib=False, head_pose=True, analyzer=False, visualizer=True
[2026-05-01 14:28:53] [INFO] [VideoCapture] Opening video source: data/dataset.mp4 ...
[2026-05-01 14:28:53] [INFO] [VideoCapture] Source opened successfully: data/dataset.mp4
[2026-05-01 14:28:53] [INFO] [DMSPipeline] Capture loop started. Press 'q' to quit.
[2026-05-01 14:28:53] [WARNING] [DMSPipeline] FPS dropped below requirement: 0.00
[2026-05-01 14:28:53] [WARNING] [DMSPipeline] FPS dropped below requirement: 6.88
[2026-05-01 14:28:53] [WARNING] [DMSPipeline] FPS dropped below requirement: 11.97
[2026-05-01 14:28:53] [WARNING] [DMSPipeline] FPS dropped below requirement: 13.85
[2026-05-01 14:29:02] [INFO] [VideoCapture] Camera released.
[2026-05-01 14:29:02] [INFO] [DMSPipeline] System shutdown
[2026-05-01 14:29:02] [INFO] [DMSPipeline] System shutdown
[2026-05-01 14:29:08] [INFO] [Main] Initializing Driver Monitoring System...
[2026-05-01 14:29:08] [INFO] [Main] Models enabled → facemap=True, attrib=False, head_pose=True, analyzer=False, visualizer=True
[2026-05-01 14:29:08] [INFO] [VideoCapture] Opening video source: data/dataset.mp4 ...
[2026-05-01 14:29:08] [INFO] [VideoCapture] Source opened successfully: data/dataset.mp4
[2026-05-01 14:29:08] [INFO] [DMSPipeline] Capture loop started. Press 'q' to quit.
[2026-05-01 14:29:08] [WARNING] [DMSPipeline] FPS dropped below requirement: 0.00
[2026-05-01 14:29:08] [WARNING] [DMSPipeline] FPS dropped below requirement: 6.93
[2026-05-01 14:29:08] [WARNING] [DMSPipeline] FPS dropped below requirement: 12.07
[2026-05-01 14:29:08] [WARNING] [DMSPipeline] FPS dropped below requirement: 14.02
[2026-05-01 14:29:12] [INFO] [VideoCapture] Camera released.
[2026-05-01 14:29:12] [INFO] [DMSPipeline] System shutdown
[2026-05-01 14:29:12] [INFO] [DMSPipeline] System shutdown
